발생일시_년,발생장소_시도,논_비율,밭_비율
2015,서울,0.019370857961787235,0.03892812354509364
2015,부산,0.3843029503689244,0.32666266332225896
2015,대구,0.4255404323194719,0.5741905935646259
2015,인천,1.4803884581203262,0.865224016819104
2015,광주,0.7284110057994378,0.4729677556665518
2015,대전,0.17681627374563819,0.3501524904435077
2015,울산,0.6744615898997397,0.6327896780336583
2015,세종,0.5268227235557635,0.4508405939534007
2015,경기,10.535190340145498,10.344307784083883
2015,강원,4.291935940608311,8.860259214877459
2015,충북,4.904388470683713,8.69540473073902
2015,충남,16.81102100615166,8.576482363422976
2015,전북,14.79644103989363,8.974630949688134
2015,전남,20.391005544267472,15.516907422993992
2015,경북,13.963770411305196,19.157170769774627
2015,경남,9.888097813273001,8.038825910283089
2015,제주,0.0019878032428058546,8.124282278639516
2016,서울,0.01964858066914581,0.03289385713903672
2016,부산,0.3737695913653419,0.3457866445591421
2016,대구,0.44934964314381753,0.5451555103896452
2016,인천,1.4200565119973565,0.9080576578503998
2016,광주,0.6884818010603535,0.4962158692803466
2016,대전,0.17237163950659737,0.33803118230684887
2016,울산,0.6615766423031709,0.6636268820367448
2016,세종,0.5153286839135061,0.46613002433610573
2016,경기,10.406602816222136,10.191613403578211
2016,강원,4.215848589823598,8.900997512903484
2016,충북,4.890598712348128,8.738801379937422
2016,충남,16.905705791530792,8.513491830021662
2016,전북,14.831775773969873,9.07469312438157
2016,전남,20.48922733072915,15.319043671275374
2016,경북,14.049405016416614,19.06974567432407
2016,경남,9.90835500073124,8.088947129141818
2016,제주,0.0018978742691788569,8.306768646538123
2017,서울,0.01936399669700576,0.03103950434126779
2017,부산,0.37495015771799006,0.3306581174146514
2017,대구,0.4617787534723739,0.5381180667107043
2017,인천,1.413282222312237,0.8970249318755603
2017,광주,0.6858080005189491,0.46497347439317444
2017,대전,0.16859042295430457,0.3214805759528746
2017,울산,0.651677199418561,0.6487641270388002
2017,세종,0.5217906620452113,0.4557197355216057
2017,경기,10.259750066527417,10.182739385027606
2017,강원,4.125673567426095,8.92297647217813
2017,충북,4.683459183114728,8.809173524059176
2017,충남,17.176981603082382,8.556333096149316
2017,전북,15.068479666908935,9.111179748573724
2017,전남,20.552654064757675,15.359898418354437
2017,경북,14.031129189212349,19.091027999516605
2017,경남,9.802665618788408,8.199939409407179
2017,제주,0.0019656250453752256,8.078953413485188
2018,서울,0.018870326100095765,0.025722455768209918
2018,부산,0.36612049983151185,0.3310319699204162
2018,대구,0.4186846666949292,0.5491984906979094
2018,인천,1.3677299960207787,0.9089568320074969
2018,광주,0.6860771004752807,0.47053960679788914
2018,대전,0.16584413844510698,0.3185770443864276
2018,울산,0.6497187754231141,0.6093294816758722
2018,세종,0.5195945721900032,0.44149502124480217
2018,경기,10.21514008618803,10.161004234102911
2018,강원,4.0472639252955265,8.969723174849968
2018,충북,4.5735080234834955,8.552248724587143
2018,충남,17.37646435728725,8.634307890999905
2018,전북,15.20058663374927,9.211116587859312
2018,전남,20.607942606821982,15.550825039022834
2018,경북,14.07294451845233,19.063879954973846
2018,경남,9.711500143123597,8.306755248049107
2018,제주,0.0020096304176924706,7.895288243055947
2019,서울,0.01807376986105954,0.026242532665654072
2019,부산,0.35566337023942324,0.32705835554126167
2019,대구,0.423397709741886,0.5269446670671769
2019,인천,1.3650162562154495,0.920904896984674
2019,광주,0.6939131354345889,0.46512208531907484
2019,대전,0.16361211048809152,0.31737290626151304
2019,울산,0.6364348086844506,0.6251838357449573
2019,세종,0.512169167233944,0.44438759771946257
2019,경기,10.138223568875695,10.124927211429334
2019,강원,4.0595308433876,8.928782325975233
2019,충북,4.614508684328068,8.46797613375773
2019,충남,17.569116803854893,8.605609979543713
2019,전북,14.992884544298102,9.42300413092983
2019,전남,20.377733634899233,15.86287488062329
2019,경북,14.281283658083616,18.868173206680076
2019,경남,9.796393217898475,8.208160090574964
2019,제주,0.0020447164754287817,7.8572751631820505
2020,서울,0.01758971832545083,0.026798165084023932
2020,부산,0.3413602085384225,0.33649865434827536
2020,대구,0.42623401494272284,0.5326677116087826
2020,인천,1.3625521648925598,0.9254915717387769
2020,광주,0.694801702523325,0.45334019925778335
2020,대전,0.1560426858902865,0.3093092500531729
2020,울산,0.635771700777992,0.6251299801241154
2020,세종,0.5147494870967131,0.44725204095720644
2020,경기,10.048645919333868,9.975521818516823
2020,강원,3.9953105827062907,8.954125000321111
2020,충북,4.6086178538527545,8.491002147151212
2020,충남,17.61184774877857,8.57447727833431
2020,전북,15.006545404286445,9.468536078818678
2020,전남,20.437886124312268,15.92779248467197
2020,경북,14.314439615866448,18.813093233654108
2020,경남,9.825546686510965,8.224738941695268
2020,제주,0.002058381364921309,7.914225443664377
2021,서울,0.02509461355256062,0.055161067195668996
2021,부산,0.29186620194199564,0.360679011579557
2021,대구,0.340857258160109,0.5712996995021069
2021,인천,1.5905377178944986,0.6795038010043356
2021,광주,0.5867983938977336,0.6249186351727849
2021,대전,0.1457406453328537,0.36849224307086026
2021,울산,0.5668403726367325,0.6329206626086767
2021,세종,0.47455380670663017,0.47685650857584966
2021,경기,10.37231324169101,9.318178580330834
2021,강원,4.064157490748834,9.188572598216266
2021,충북,4.529355480476402,8.181401579353153
2021,충남,18.18523789439189,9.852919818506669
2021,전북,15.876144679479284,8.834569618473116
2021,전남,21.436505361000755,14.848138305101546
2021,경북,13.12073593559935,19.16713475411018
2021,경남,8.391528075388452,9.486627419465902
2021,제주,0.0017328311009121042,7.3526256977324955
2022,서울,0.02452950270206608,0.05617441549098487
2022,부산,0.29235354214132453,0.34070868994226167
2022,대구,0.3807110694997145,0.5267430648117678
2022,인천,1.5841989124864446,0.6924348107349404
2022,광주,0.5930246171311282,0.6165987412630197
2022,대전,0.14230285978587393,0.36598063423861044
2022,울산,0.5502257464377653,0.6266543032793853
2022,세종,0.4546365638982017,0.4643179369296188
2022,경기,10.313578105092592,9.326660152488936
2022,강원,4.008585062679211,9.302707625423594
2022,충북,4.5296676445953095,8.100983463779281
2022,충남,18.265477641970737,9.835055200568142
2022,전북,15.963692372821422,8.847974108845499
2022,전남,21.372036909413687,14.7921097502252
2022,경북,13.189492224422475,19.150484102711186
2022,경남,8.333913066519882,9.520789014347626
2022,제주,0.0015741584021688483,7.433623984919949
2023,서울,0.026239309431695834,0.054377104236399215
2023,부산,0.29812265524175596,0.33672246699026676
2023,대구,0.3859828851020909,0.517622755005198
2023,인천,1.5954619783751764,0.6888650799972508
2023,광주,0.6518330045590028,0.5567663187692351
2023,대전,0.14076244107843536,0.35497168992931283
2023,울산,0.5335018218848931,0.6311189844800472
2023,세종,0.4466507554556096,0.454633205422662
2023,경기,10.106730517943122,9.394869535331132
2023,강원,3.9514365551390207,9.361284132855538
2023,충북,4.536004999556294,8.036843228659361
2023,충남,18.332478150474593,9.845100542068174
2023,전북,15.91032360999989,9.034846730981446
2023,전남,21.42542663015601,14.802713301180686
2023,경북,13.165979975775766,19.16041429682042
2023,경남,8.491467789424577,9.338196692359558
2023,제주,0.001598190053455613,7.430653894814701
2024,서울,0.02543812157590551,0.054542696510906166
2024,부산,0.3029834193288893,0.33191433473061216
2024,대구,0.7191348178575555,1.0924925727220687
2024,인천,1.5990198862989458,0.6822368982867104
2024,광주,0.6557576709709013,0.5439785584431206
2024,대전,0.14066555749551748,0.35121165318977365
2024,울산,0.5272389883387129,0.6282674778636228
2024,세종,0.4458477350091264,0.4536431221472274
2024,경기,10.050979043191438,9.399204747656288
2024,강원,3.928429257898464,9.36456578163926
2024,충북,4.5502330607855646,8.013459313833007
2024,충남,18.355249028826677,9.820620068396623
2024,전북,15.980085558242266,8.980383094746614
2024,전남,21.271398325547093,15.011892479239055
2024,경북,12.867941623387535,18.553267689152353
2024,경남,8.577993487713153,9.274200517611947
2024,제주,0.0016044175322593513,7.444118993830813
2025,서울,0.02543812157590551,0.054542696510906166
2025,부산,0.3029834193288893,0.33191433473061216
2025,대구,0.7191348178575555,1.0924925727220687
2025,인천,1.5990198862989458,0.6822368982867104
2025,광주,0.6557576709709013,0.5439785584431206
2025,대전,0.14066555749551748,0.35121165318977365
2025,울산,0.5272389883387129,0.6282674778636228
2025,세종,0.4458477350091264,0.4536431221472274
2025,경기,10.050979043191438,9.399204747656288
2025,강원,3.928429257898464,9.36456578163926
2025,충북,4.5502330607855646,8.013459313833007
2025,충남,18.355249028826677,9.820620068396623
2025,전북,15.980085558242266,8.980383094746614
2025,전남,21.271398325547093,15.011892479239055
2025,경북,12.867941623387535,18.553267689152353
2025,경남,8.577993487713153,9.274200517611947
2025,제주,0.0016044175322593513,7.444118993830813
