지점,지점명,일시,평균기온(°C),최저기온(°C),최저기온 시각(hhmi),최고기온(°C),최고기온 시각(hhmi),강수 계속시간(hr),10분 최다 강수량(mm),10분 최다강수량 시각(hhmi),1시간 최다강수량(mm),1시간 최다 강수량 시각(hhmi),일강수량(mm),최대 순간 풍속(m/s),최대 순간 풍속 풍향(16방위),최대 순간풍속 시각(hhmi),최대 풍속(m/s),최대 풍속 풍향(16방위),최대 풍속 시각(hhmi),평균 풍속(m/s),풍정합(100m),최다풍향(16방위),평균 이슬점온도(°C),최소 상대습도(%),최소 상대습도 시각(hhmi),평균 상대습도(%),평균 증기압(hPa),평균 현지기압(hPa),최고 해면기압(hPa),최고 해면기압 시각(hhmi),최저 해면기압(hPa),최저 해면기압 시각(hhmi),평균 해면기압(hPa),가조시간(hr),합계 일조시간(hr),1시간 최다일사 시각(hhmi),1시간 최다일사량(MJ/m2),합계 일사량(MJ/m2),일 최심신적설(cm),일 최심신적설 시각(hhmi),일 최심적설(cm),일 최심적설 시각(hhmi),합계 3시간 신적설(cm),평균 전운량(1/10),평균 중하층운량(1/10),평균 지면온도(°C),최저 초상온도(°C),평균 5cm 지중온도(°C),평균 10cm 지중온도(°C),평균 20cm 지중온도(°C),평균 30cm 지중온도(°C),0.5m 지중온도(°C),1.0m 지중온도(°C),1.5m 지중온도(°C),3.0m 지중온도(°C),5.0m 지중온도(°C),합계 대형증발량(mm),합계 소형증발량(mm),9-9강수(mm),기사,안개 계속시간(hr)
90,속초,2015-12-27,-3,-5.5,2122,-.5,1235,,,,,,,7.2,340,28,3.9,340,23,1.9,1613,320,-15.4,13,2350,39.9,2,1025.9,1029.6,1038,1024.3,1,1028.2,9.5,6.9,,,,,,,,,,,-.2,-10,,,,,,,,,,,,,,
90,속초,2015-12-28,-2.5,-7.2,448,1.6,1330,,,,,,,10.5,290,1242,5.8,290,1234,2.1,1803,290,,,,,,1025.8,1029.9,2302,1026.8,512,1028.1,9.5,8.9,,,,,,,,,,,-2,-11.1,,,,,,,,,,,,,,
90,속초,2015-12-29,-.1,-6.4,309,5.7,1522,,,,,,,7.1,290,1237,3.3,360,1150,1.3,1103,270,,17,1643,,,1027.2,1030.3,2255,1028.1,1357,1029.5,9.5,8,,,,,,,,,,,-1.3,-10.9,,,,,,,,,,,,,,
90,속초,2015-12-30,2.4,-2.6,428,6.5,1319,,,,,,,5.1,270,124,2.8,160,1524,1.1,936,290,-6.1,37,1340,54.1,3.9,1025.4,1030.1,156,1025.6,2316,1027.7,9.5,7,,,,,,,,,,,.8,-6.4,,,,,,,,,,,,,,
90,속초,2015-12-31,2,-1.4,2400,5.2,1412,,,,,,0,7.8,360,1143,5.1,360,1151,1.9,1605,340,-2.1,45,2227,75.6,5.4,1026,1029.8,2026,1025.3,58,1028.3,9.6,3.3,,,,,,,,,,,2.1,-6.9,,,,,,,,,,,,,,
95,철원,2015-12-27,-7.9,-12.2,2339,-1.8,1516,,,,,,,4.6,200,1645,2.8,360,1,.8,702,20,-15.7,24,1649,57.8,1.9,1010.8,1034.1,2327,1026.5,1,1031,9.5,8.3,,,,,,,,,,,-4,-15.6,,,,,,,,,,,,,,
95,철원,2015-12-28,-9.6,-15.2,753,-2.5,1449,,,,,,,6.1,270,1527,3.6,200,1257,.9,741,50,-18.3,15,1537,56.3,1.5,1013.7,1035.6,2357,1032.4,1343,1034.1,9.5,8.3,,,,,,,,,,,-6,-17.5,,,,,,,,,,,,,,
95,철원,2015-12-29,-6.7,-14.9,702,1.3,1545,,,,,,,4.9,160,1417,2.4,160,1418,.5,416,70,-14.9,21,1544,57.3,2,1013.9,1036.1,436,1031.9,1435,1034,9.6,8.2,,,,,,,,,,,-5.1,-18.1,,,,,,,,,,,,,,
95,철원,2015-12-30,-1,-5.6,750,4.7,1306,,,,,,1.6,6.7,250,1716,4,200,1723,.7,642,180,-5.8,41,1255,72,4.1,1009.6,1032.8,1,1026.5,1606,1029.2,9.5,3.7,,,,,,,,,,,-.9,-9.2,,,,,,,,,,,,1.6,,
95,철원,2015-12-31,-1,-5.9,2342,1.6,1546,,,,,,0,3.2,160,1608,1.8,160,1609,.4,364,50,-2.4,70,1548,90.1,5.2,1011.5,1034.4,2315,1027.2,1,1031.1,9.6,.4,,,,,,,,,,,-.2,-9.6,,,,,,,,,,,,,,
98,동두천,2015-12-27,-6.2,-10.1,2351,-.1,1535,,,,,,,6.8,340,41,4.4,340,44,2,1708,340,-18.2,19,1605,39.3,1.5,1016.3,1033.5,2250,1026,9,1030.6,9.6,8.9,,,,,,,,,,,-3,-11.2,,,,,,,,,,,,,,
98,동두천,2015-12-28,-6.9,-12.8,712,.5,1523,,,,,,,8.1,320,1531,4.7,320,1532,1.4,1212,20,-17.9,16,1531,45,1.5,1019.1,1034.5,2334,1032,1434,1033.4,9.6,8.9,,,,,,,,,,,-4.6,-13.4,,,,,,,,,,,,,,
98,동두천,2015-12-29,-4.4,-11.8,612,3.6,1421,,,,,,,3,250,1321,1.8,140,1401,.7,636,110,-13.7,27,1422,51,2.2,1019.1,1035.1,258,1031.5,1458,1033.3,9.6,7.5,,,,,,,,,,,-3.1,-13,,,,,,,,,,,,,,
98,동두천,2015-12-30,.1,-5.1,645,6.4,1243,,,,,,1.2,7.5,200,1649,4.4,160,1417,1.1,914,250,-5.6,38,1244,67.8,4.2,1014.7,1032,1,1025.9,1555,1028.6,9.6,2,,,,,,,,,,,-.6,-6.7,,,,,,,,,,,,,,
98,동두천,2015-12-31,.6,-3.4,2400,4,1436,,,,,,,4.6,320,743,3.2,320,1013,1,856,320,-2.9,59,1622,77.9,5,1016.7,1033.6,2310,1026.6,13,1030.6,9.6,.8,,,,,,,,,,,.8,-5.3,,,,,,,,,,,,,,
99,파주,2015-12-27,-7.4,-11.7,2355,-1.3,1522,,,,,,,6.3,50,1021,3.8,20,1011,1.4,1185,20,-17.5,23,1327,46.8,1.6,1027.5,1034.1,2320,1026.8,1,1031.3,9.6,8.5,,,,,,,,,,,-4.3,-10.4,,,,,,,,,,,,,,
99,파주,2015-12-28,-8.3,-14.7,718,-.7,1538,,,,,,,6.2,270,1358,3.9,320,1455,1,904,270,-17.3,16,1647,53.6,1.6,1030,1035.3,1036,1032.9,1423,1033.9,9.6,8.6,,,,,,,,,,,-4.5,-12.4,,,,,,,,,,,,,,
99,파주,2015-12-29,-5.5,-13.4,551,2.5,1501,,,,,,,3.8,20,2126,2.4,20,2127,.7,574,20,-13.1,30,1521,58,2.3,1029.8,1035.7,1013,1031.9,2058,1033.6,9.6,7.8,,,,,,,,,,,-2.6,-12.1,,,,,,,,,,,,,,
99,파주,2015-12-30,-.9,-7.6,626,5.1,1502,,,,,,2,6.1,200,1623,3.7,200,1631,1,903,140,-5.6,45,1458,72.6,4.2,1025.1,1032.2,1,1026.2,1529,1028.9,9.6,1.8,,,,,,,,,,,-.4,-6.7,,,,,,,,,,,,,,
99,파주,2015-12-31,-.6,-5.1,2329,4.3,1537,,,,,,,3.9,270,1227,2.2,320,1122,.6,529,140,-3.5,56,1531,81.5,4.8,1027.4,1034,2301,1027.3,12,1031.2,9.6,5.7,,,,,,,,,,,.4,-5.4,,,,,,,,,,,,,,
100,대관령,2015-12-27,-6.5,-9.6,2359,-2.2,1344,,,,,,0,9.8,270,2152,6.7,270,2108,2.8,2377,90,-11.6,41,2142,68.1,2.6,932.6,1031.8,2359,1025,1,1028.6,9.6,8.1,1100,1.79,9.37,,,,,,,,-3.7,-12.7,,,,,,,,,,,,,,
100,대관령,2015-12-28,-9.3,-13.3,746,-5.1,1246,,,,,,,13.1,270,1354,10,270,1405,5.1,4374,270,-22.4,19,1231,35.4,1,934,1034,2358,1028.2,1412,1031.2,9.6,8.8,1200,1.83,10.54,,,,,,,,-7.4,-15.9,,,,,,,,,,,,,,
100,대관령,2015-12-29,-7.6,-13,726,-1.7,1523,,,,,,,9.6,250,1800,6.7,270,51,4.1,3542,270,-20.1,18,1136,38.4,1.3,936.2,1035.6,726,1029.5,1432,1032.9,9.6,7.5,1100,1.64,8.7,,,,,,,,-6.6,-15.8,,,,,,,,,,,,,,
100,대관령,2015-12-30,-5.3,-13.1,752,2.4,1511,,,,,,0,7.1,290,2237,4.7,290,2231,1.6,1376,290,-10.8,32,1634,67.3,2.8,934.7,1035.5,549,1025.9,1508,1030.4,9.6,8.8,1200,1.61,9.14,,,,,,,,-4.3,-15.7,,,,,,,,,,,,,,
100,대관령,2015-12-31,-1.9,-4.8,2354,3.3,1357,,,,,,,11.9,270,2345,8.1,270,2349,3.7,3212,270,-5.9,47,1358,75,4,934.9,1032.9,2309,1026.3,230,1029.4,9.6,5.2,1000,1.41,6.8,,,,,,,,-.9,-6.5,,,,,,,,,,,,,,
101,춘천,2015-12-27,-4.1,-7.9,2353,1.3,1507,,,,,,,6.5,270,1644,3.5,230,1811,1.3,1093,230,-13.5,18,1646,51.9,2.2,1019.8,1033.1,2303,1025.1,1,1029.9,9.6,7.9,1200,1.61,9.12,,,,,,0,0,-.7,-14.4,.2,.4,1.4,2.3,3.8,7.9,10,15.4,16.8,,1.4,,-{박무}-0120.,
101,춘천,2015-12-28,-7.4,-12.8,751,-.1,1505,,,,,,,6.3,270,1556,3.8,270,1603,.9,810,20,-15.8,19,1447,57.8,1.8,1023.1,1035,2356,1031.2,1439,1033.3,9.6,8,1200,1.65,9.3,,,,,,0,0,-2.9,-18.1,-.3,-.2,1,2,3.6,7.7,9.8,15.3,16.8,,1.2,,,
101,춘천,2015-12-29,-6.9,-12.8,737,.4,1457,,,,,,,4.3,160,1510,1.9,20,1634,.6,512,50,-12.6,31,1457,66.6,2.4,1024.1,1036.6,953,1032.2,1502,1034.4,9.6,7.8,1300,1.45,8.18,,,,,,2.3,.4,-3.1,-18.5,-.8,-.5,.6,1.7,3.4,7.6,9.7,15.2,16.7,,.9,,,
101,춘천,2015-12-30,-2.6,-8.8,536,3,1546,4.83,,,,,1.5,3.9,250,1912,2.1,250,1915,.5,469,110,-6.2,46,1420,79.3,4,1020.2,1033.8,247,1027.1,1715,1030.2,9.6,5.1,1200,1.19,6.31,3,2055,3,2055,3,7.3,5.4,-2,-14.4,-.7,-.5,.4,1.5,3.1,7.5,9.6,15.2,16.8,,1.1,1.5,{눈}1845-{눈}{강도0}2100-2335. {박무}1915-{박무}{강도1}2100-{박무}{강도2}2400-,
101,춘천,2015-12-31,.3,-4.2,2355,4.3,1320,,,,,,,5.7,200,1633,2.9,230,1625,.8,685,230,-1.4,60,1354,89.4,5.6,1021.1,1034.5,2354,1027.3,120,1031,9.6,2.8,1200,1.2,5.36,,,3,1,,5.5,5.5,.3,-10.4,-.2,-.2,.4,1.4,3.1,7.5,9.6,15.2,16.8,,.6,,-{박무}-{박무}{강도2}0300-{박무}{강도2}0600-{시정(미만)}{1km}{안개}0815-{시정(이상)}{1km}{박무}0850-{박무}{강도2}0900-{박무}{강도1}1200-1310. {연무}1750-{연무}{강도0}1800-1920. {박무}1915-{박무}{강도1}2100-{박무}{강도2}2400-,.58
102,백령도,2015-12-27,-4.7,-6.3,717,-3.1,2343,10.83,,,,,0,10.7,50,342,5.6,290,2356,3.3,2868,360,-11.1,52,2326,60.9,2.6,1013.9,1034.1,1919,1029,1,1032.7,9.6,3.8,,,,,,,,,7,7,-2.4,-5.8,,,,,,,,,,,,,{눈}0830-{눈}{강도0}0900-{눈}{강도0}1200-{눈}{강도0}1500-{눈}{강도0}1800-1920.,
102,백령도,2015-12-28,-2,-3.5,517,-.8,2127,2.92,,,,,0,10.7,270,242,5.6,290,56,2.6,2266,320,-8.9,50,14,59.4,3.2,1014.9,1034.5,2230,1032.5,1420,1033.5,9.6,1.5,,,,,,,,,5.4,5.4,-1.1,-3.6,,,,,,,,,,,,,{눈}1150-{눈}{강도0}1200-1445.,
102,백령도,2015-12-29,2,-1.3,811,4.9,1535,,,,,,,8.4,110,1129,6.1,110,1159,3.3,2834,110,-4.4,37,1708,63,4.4,1013.4,1034.4,3,1029.9,2113,1031.6,9.6,5.3,,,,,,,,,4.1,3.8,1.2,-2.3,,,,,,,,,,,,,{연무}1740-{연무}{강도0}1800-1850.,
102,백령도,2015-12-30,4.1,2.8,1124,5.8,1450,9.88,,,,,4,11.1,200,1100,8.7,200,1102,3.9,3405,230,-.1,50,1,75.3,6.1,1008.9,1030,1,1024.3,1458,1027,9.6,.1,,,,,,,,,7.8,5.9,3.1,2,,,,,,,,,,,,,{비}0330-{비}{강도0}0600-0755. {비}0840-{비}{강도0}0900-{비}{강도0}1200-1340. {비}1530-1545. {박무}0540-{박무}{강도0}0600-0630. {박무}0920-{박무}{강도0}1200-1410. {연무}1404-{연무}{강도0}1500-1545. {박무}1540-1645. {진눈깨비}2327-2340.,
102,백령도,2015-12-31,2.8,2,2322,4.3,1452,1.05,,,,,0,10.1,290,721,5.4,290,742,3.3,2882,290,-3.9,54,1502,61.3,4.6,1013.2,1033.3,2150,1028.1,42,1031.4,9.6,5.2,,,,,,,,,5.6,5.6,3.3,0,,,,,,,,,,,,,{진눈깨비}0007-0110. {연무}0050-{연무}{강도0}0300-{연무}{강도0}0600-0720.,
104,북강릉,2015-12-27,-.9,-3.3,2059,2.4,15,2.17,,,,,0,8.3,360,18,4.7,320,317,2.3,1965,320,-9.2,16,2355,57.5,3.3,1017.8,1029.4,1853,1023.9,1,1027.9,9.6,3.8,1200,2.08,10.25,,,,,,5,4.5,1.1,-6.4,.8,1.5,3.6,4,4.5,8.2,10.3,14,15.3,,1.3,0,{눈}0745-{눈}{강도0}0900-0955.,
104,북강릉,2015-12-28,-1.5,-4.8,152,7.1,1414,,,,,,,13.8,290,1226,7.1,290,1241,2.4,2045,160,-23.9,2,1053,18.3,1,1018.2,1030.3,2300,1026.7,1338,1028.3,9.6,8.9,1200,2.17,13.61,,,,,,0,0,-1.5,-9.5,-1.2,-.2,2.7,3.3,4.1,8.1,10.2,13.9,15.3,,3.1,,,
104,북강릉,2015-12-29,.4,-5.4,614,6,1508,,,,,,,5.8,290,1704,3.8,160,340,2.1,1806,160,-16.7,12,1101,27.8,1.7,1019.7,1030.9,2337,1028,1426,1029.7,9.6,7,1100,1.59,10.39,,,,,,2.3,0,-1.2,-9.4,-.9,-.6,2,2.6,3.4,7.9,10.1,13.9,15.2,,2.6,,{햇무리}1130-1230.,
104,북강릉,2015-12-30,3.3,-1.4,26,7.5,1347,,,,,,,5.5,90,1340,3.3,180,49,1.9,1659,160,-6.1,30,1422,51.9,3.9,1017.9,1030.7,1,1025.3,2354,1027.9,9.6,8.6,1200,1.89,11.9,,,,,,2.8,1.9,.2,-5.2,.7,-.1,1.8,2.3,3.1,7.7,10,13.8,15.2,,2.1,,,
104,북강릉,2015-12-31,3.3,1,35,6.9,1226,,,,,,,7.9,340,1253,4.5,360,1255,1.7,1458,160,-1.9,38,1024,69.4,5.3,1018.3,1030.3,2235,1025.2,7,1028.2,9.6,5.8,1400,1.69,10.07,,,,,,4.3,4,1.7,-4.3,1.8,.4,1.9,2.3,2.9,7.4,9.9,13.7,15.2,,1.4,,,
105,강릉,2015-12-27,-.3,-2.2,2033,2.8,10,,,,,,,10.5,320,2233,4.8,290,2252,2.6,2235,50,-10.8,15,2333,47.6,2.9,1024.8,1029.7,1859,1024,1,1028.1,9.6,3.1,1200,1.91,7.09,,,,,,,,0,-4.2,3.1,2.9,5,6,6,8.8,11,14.7,15.9,,,,,
105,강릉,2015-12-28,-.8,-3.1,745,3.8,1328,,,,,,,11.5,270,526,6.5,290,1528,4.4,3801,290,-25.5,8,1322,13.6,.8,1025.3,1030.6,2253,1027.3,1333,1028.6,9.6,8.9,1200,1.99,11.36,,,,,,,,-.6,-5.6,1.6,1.2,4.2,5.5,5.6,8.7,11,14.6,15.9,,,,,
105,강릉,2015-12-29,1.2,-2.5,154,6.4,1515,,,,,,,9.3,250,305,5.2,290,438,3.3,2867,320,-21.8,10,950,17,1.1,1026.7,1031,2320,1028.4,1429,1030,9.6,6.9,1100,1.69,8.13,,,,,,,,1.4,-5.9,1.1,.7,3.6,4.8,5,8.5,10.9,14.6,15.9,,,,,
105,강릉,2015-12-30,3.4,-.2,648,8.5,1346,,,,,,,6.5,340,2227,4.7,320,2230,2.7,2317,320,-8.5,29,19,41.6,3.2,1024.8,1030.9,1,1025.6,2358,1028.1,9.6,8.7,1200,1.72,9.59,,,,,,,,3.4,-3.3,2.3,2,3.5,4.5,4.5,8.2,10.8,14.5,15.8,,,,,
105,강릉,2015-12-31,4.3,2.5,731,7.2,1219,,,,,,,9.7,290,2246,6,290,2330,2.3,1980,320,-4.3,37,2320,54.4,4.5,1025.1,1030.5,2130,1025.5,6,1028.4,9.6,7.6,1200,1.87,8.85,,,,,,,,5.1,-1.4,3.5,3.4,4.2,4.8,4.7,8.1,10.7,14.4,15.8,,,,,
106,동해,2015-12-27,.9,-2.5,2258,4.9,1,,,,,,,10,360,1248,7.2,360,1335,2.9,2507,340,-6.2,39,2353,59.1,3.9,1022.4,1029.2,1857,1023.1,1,1027.5,9.6,5.5,,,,,,,,,,,.4,-11.6,,,,,,,,,,,,,,
106,동해,2015-12-28,.9,-2.6,221,4.6,1437,,,,,,,12,270,1137,6.9,270,1110,3.2,2781,270,,3,655,,,1023.1,1030.2,2250,1026.7,1404,1028.2,9.6,8.8,,,,,,,,,,,-2.2,-13.5,,,,,,,,,,,,,,
106,동해,2015-12-29,2.8,-2.6,625,8.6,1535,,,,,,,9.9,230,1754,5.7,290,1735,2.1,1834,230,,,,,,1024.8,1030.8,305,1027.9,1355,1029.9,9.6,6.5,,,,,,,,,,,-1.4,-12.1,,,,,,,,,,,,,,
106,동해,2015-12-30,4.5,0,525,8.9,1336,,,,,,,5.6,230,2126,3.5,230,2127,1.7,1429,230,-6.3,25,1,45.5,3.9,1022.9,1030.6,22,1025.4,2352,1027.9,9.6,8.2,,,,,,,,,,,1.3,-6.8,,,,,,,,,,,,,,
106,동해,2015-12-31,5,1.8,2329,8.2,1248,,,,,,,11.7,360,1436,8.2,360,1444,2.7,2297,320,-1.9,40,1106,61.6,5.4,1023.1,1030.6,2048,1024.9,34,1028.2,9.6,7.6,,,,,,,,,,,1.9,-8.9,,,,,,,,,,,,,,
108,서울,2015-12-27,-5.7,-8.9,751,-1,1505,,,,,,,7.4,20,548,5.2,20,552,2.9,2499,360,-17.7,21,1518,39,1.5,1019.6,1033.7,2248,1026,1,1030.7,9.6,9.2,1200,1.65,9.75,,,,,,0,0,-.6,-10.5,-1,.8,2.7,3.5,5,8.3,10.7,15.9,17.2,,1.2,,,
108,서울,2015-12-28,-5.7,-9.5,631,-1,1558,,,,,,,9.1,70,1054,5.5,70,1103,2.3,2007,70,-18.2,21,1445,38.4,1.5,1022.4,1034.8,1053,1032.6,1540,1033.6,9.6,9.2,1200,1.68,9.78,,,,,,0,0,-2.1,-12.3,-2.4,-.3,1.8,2.7,4.4,8.1,10.6,15.8,17.2,,1.6,,,
108,서울,2015-12-29,-3.2,-8.7,739,2.9,1549,,,,,,,5,90,710,3.2,110,2131,1.4,1247,70,-13,31,1437,47.6,2.3,1022.4,1035.2,933,1032,1539,1033.5,9.6,7.6,1300,1.43,7.16,,,,,,3.8,1.4,-1.8,-13.6,-2.2,-.7,1.2,2.2,4,7.9,10.5,15.8,17.2,,1.3,,{햇무리}1040-1230.,
108,서울,2015-12-30,.3,-3.5,608,4.3,1425,3.75,,,,,2.5,6.4,270,1646,4.1,160,714,2.5,2177,160,-5.6,42,1236,67.6,4.3,1018.1,1032.2,1,1026.3,1550,1029,9.6,3.1,1200,1.23,5.43,,,,,,6.9,5.1,-.3,-6.6,-.6,-.3,1.2,2,3.8,7.7,10.3,15.7,17.2,,.2,2.5,{비}1635-{진눈깨비}1732-{진눈깨비}{강도0}1800-{비}1825-1910. {비}2210-{진눈깨비}2305-2320. {박무}1655-{박무}{강도0}1800-{박무}{강도1}2100-{박무}{강도1}2400-,
108,서울,2015-12-31,.7,-1.9,2358,2.8,1543,,,,,,,5.2,90,348,3.3,20,1020,1.5,1339,50,-2.2,59,1536,81.3,5.2,1020.1,1033.8,2337,1026.9,15,1031,9.6,2.9,1100,.81,3.98,,,,,,5,5,.6,-8.2,.5,0,1.3,1.9,3.8,7.5,10.2,15.6,17.1,,.7,,-{박무}-{박무}{강도1}0300-{박무}{강도1}0600-{박무}{강도0}0900-1140. {연무}1415-{연무}{강도0}1500-{연무}{강도0}1800-1830. {박무}1825-{박무}{강도0}2100-{박무}{강도0}2400-,
112,인천,2015-12-27,-5.7,-8.5,804,-2.8,1617,,,,,,,11,20,13,8,20,142,4.3,3743,20,-15.1,25,1406,48.3,1.9,1021.9,1034,2326,1026.5,8,1031.2,9.6,9.3,1200,1.56,9.01,,,,,,0,0,-1.5,-9.8,1.7,2.2,2.8,3.8,5.5,7.6,10.1,14.2,16.1,,1.6,,,
112,인천,2015-12-28,-4.6,-7.9,318,-1.2,1501,,,,,,,7.5,340,1225,4.6,20,19,2.9,2508,20,-12.7,32,1540,55.3,2.3,1024.5,1035,1046,1032.9,1405,1033.8,9.6,9,1200,1.55,8.64,,,,,,0,0,-2,-10.4,.9,1.4,2,3,5,7.6,10.1,14.2,16.2,,1.7,,,
112,인천,2015-12-29,-1.7,-6,742,2.6,1434,,,,,,,5.7,50,41,4.5,20,216,2.2,1873,160,-9.1,41,1131,57.6,3.2,1024.3,1035.3,259,1031.8,2020,1033.5,9.6,7.3,1300,1.23,6.31,,,,,,3.4,1.3,-1.2,-9.9,.6,1,1.6,2.6,4.5,7.2,9.9,14,16,,1.2,,,
112,인천,2015-12-30,2.1,-.7,202,5.2,1355,7.87,,,,,1.5,10.1,200,1544,6.6,180,1546,3.6,3120,160,-1.6,56,1156,77.9,5.6,1019.5,1032,5,1026.1,1502,1028.5,9.6,2.5,1100,1.22,4.19,,,,,,9.1,7.1,-.1,-5.5,.7,1,1.5,2.4,4.3,7,9.8,14,16.1,,.3,1.5,{진눈깨비}1538-{비}1622-{진눈깨비}1730-{진눈깨비}{강도0}1800-{비}1825-{비}{강도0}2100-2220. {비}2240-2350. {박무}1830-{박무}{강도1}2100-{박무}{강도1}2400-,
112,인천,2015-12-31,1.5,.3,2354,3.6,1428,,,,,,,6.8,340,720,5,340,727,2.5,2186,360,-.3,72,1329,88,6,1022.2,1033.7,2309,1027,1,1031.2,9.6,7.7,1200,1.38,7.19,,,,,,3.8,3.8,1,-7.8,1.4,1.4,1.7,2.5,4.1,6.8,9.6,13.9,16.1,,.9,,-{박무}-{박무}{강도1}0300-{박무}{강도0}0600-{박무}{강도0}0900-{박무}{강도0}1200-{박무}{강도0}1500-{박무}{강도0}1800-{박무}{강도0}2100-{박무}{강도0}2400-,
114,원주,2015-12-27,-1.9,-5.3,2355,1.3,5,,,,,,,4.7,230,1343,2.3,290,1405,1.1,986,230,-14.4,18,1402,39.6,2.1,1010.3,1032.6,2303,1024.1,6,1029.3,9.6,8.7,1200,1.88,10.83,,,,,,,,-.5,-11.8,,,,,,,,,,,,,,
114,원주,2015-12-28,-4.7,-8.3,746,.1,1556,,,,,,,7.7,270,1525,3.4,250,1526,.9,767,250,-16.5,14,1558,42.8,1.7,1013.7,1034.5,2318,1031.3,1442,1033,9.6,8.7,1200,1.89,10.77,,,,,,,,-2.2,-14.5,,,,,,,,,,,,,,
114,원주,2015-12-29,-4.6,-10.1,631,1.3,1510,,,,,,,2.5,360,2147,1.4,20,1222,.6,504,50,-13.1,25,1446,53.5,2.2,1014.6,1036,844,1032,1610,1033.9,9.6,7.6,1200,1.5,8.64,,,,,,,,-2.5,-15,,,,,,,,,,,,,,
114,원주,2015-12-30,-1,-7.4,703,5.7,1540,,,,,,.9,3.9,20,1414,1.9,20,1419,.5,457,250,-6.6,40,1508,68.3,3.9,1010.7,1033.2,306,1026.4,1708,1029.6,9.6,8.2,1200,1.74,9.58,,,,,,,,-1.5,-12.3,,,,,,,,,,,,,,
114,원주,2015-12-31,1.6,-1,2358,4.2,1525,,,,,,0,3.9,250,1619,2.2,250,1627,.7,562,230,-1.1,65,1622,83,5.7,1011.6,1033.8,2314,1026.5,111,1030.4,9.6,.2,1200,.65,3.58,,,,,,,,-.1,-8.7,,,,,,,,,,,,,,
115,울릉도,2015-12-27,-1.9,-2.8,706,1.5,1,24,,,,,6.6,14.2,250,239,9.5,140,232,6.5,5621,340,-4.6,71,1446,81.3,4.4,998.8,1029.1,1834,1021.6,3,1027.1,9.6,1,,,,5.5,1959,5.5,1959,6.5,8.8,8.8,.3,-2.8,4.1,4.9,5.5,5.8,5.7,9.1,11.7,14.9,14.9,,.3,2,-{소낙눈}-{싸락눈}0030-{소낙눈}0055-{시정(미만)}{1km}{소낙눈}0130-{소낙눈}{강도1}0300-{시정(이상)}{1km}{소낙눈}0330-{소낙눈}{강도0}0600-{소낙눈}{강도0}0900-{소낙눈}{강도0}1200-{소낙눈}{강도0}1500-{소낙눈}{강도0}1800-{소낙눈}{강도0}2100-{소낙눈}{강도0}2400-,
115,울릉도,2015-12-28,.6,-1.2,1,3.3,1302,5.42,,,,,.5,9.8,50,2038,4.3,270,1348,2.1,1849,340,-7.6,36,2305,55,3.5,999,1029,2301,1025.1,1346,1027,9.6,7.7,,,,.5,420,5.8,420,.5,6.8,6.8,.4,-1.8,3.6,4.3,4.8,5.3,5.3,9.1,11.7,15,15,,2.1,,-{소낙눈}-0250. {소낙눈}0340-{시정(미만)}{1km}{소낙눈}0410-{시정(이상)}{1km}{소낙눈}0435-{소낙눈}{강도0}0600-0615.,
115,울릉도,2015-12-29,1.9,-.8,729,5.6,1404,,,,,,,8.3,90,1055,4.7,50,1055,1.5,1309,270,-8.9,36,2212,44.5,3.1,1001.5,1030.4,913,1027.9,1355,1029.4,9.6,7.9,,,,,,1,1,,4.1,1.9,.8,-4.3,3.2,3.9,4.4,4.9,4.9,9,11.8,15.1,15.2,,1,,,
115,울릉도,2015-12-30,3.6,1.5,423,7.4,1401,,,,,,,5.5,90,2254,3.1,70,2145,1.5,1288,70,-4.4,38,8,56.1,4.5,1000.5,1030.2,752,1025.9,2354,1028.2,9.6,6,,,,,,,,,6,6,1.9,-2,3,3.5,4,4.4,4.5,8.7,11.7,15,15.1,,.7,.9,,
115,울릉도,2015-12-31,3.6,2.5,1410,4.9,400,7.17,,,,,6.7,14.1,160,720,8.6,290,1303,3.7,3217,320,-1,53,555,72.3,5.7,999.3,1030.6,2117,1023.5,459,1027,9.6,2.5,,,,,,,,,8.1,6.4,2.5,-1.2,3.3,3.8,4.2,4.5,4.8,8.6,11.6,14.9,15.1,,.2,5.8,{비}0130-0205. {진눈깨비}0355-0430. {진눈깨비}0550-{진눈깨비}{강도0}0600-{비}0630-0740. {비}0950-{소나기}1020-{소나기}/ {우박}(d 0.8)1025-{소나기}1040-{싸락우박}1058-{비}1105-1130. {비}1155-{비}{강도0}1200-1320. {비}1350-{싸락우박}1355-{비}1405-{진눈깨비}1430-{비}1440-1455.,
119,수원,2015-12-27,-4,-7.4,753,.5,1443,,,,,,,5.8,250,1353,3.5,250,1655,2.2,1893,320,-16.2,23,1453,39,1.8,1026.4,1033.5,2233,1026.1,1,1030.8,9.6,9,1200,1.5,8.64,,,,,,0,0,-3.4,-8,,,,,,,,,,,1.5,,,
119,수원,2015-12-28,-4.2,-8.8,748,1.4,1455,,,,,,,6.8,270,1334,3.8,290,1422,1.6,1382,290,-15.9,21,1521,41.6,1.8,1029.3,1034.8,1047,1032.8,1440,1033.7,9.6,8.7,1200,1.48,8.39,,,,,,.1,.1,-4,-10.1,,,,,,,,,,,1.3,,,
119,수원,2015-12-29,-2.7,-9.3,443,3.7,1415,,,,,,,3.6,200,1451,2.3,180,952,1,843,180,-10.3,36,1243,57,2.8,1029.3,1035.7,1029,1032.3,1506,1033.7,9.6,7.4,1300,1.28,6.91,,,,,,3.8,2,-3.4,-10.6,,,,,,,,,,,1.4,,{연무}0745-{연무}{강도0}0900-0955. {햇무리}1035-1140.,
119,수원,2015-12-30,1.5,-3.4,209,6,1255,5.08,,,,,3.3,6.9,200,1703,4.1,180,1703,1.7,1482,70,-3.7,47,1148,70.9,4.9,1024.8,1032.5,1,1026.5,1644,1029.2,9.6,4.9,1200,1.29,5.97,,,,,,7,4.9,-.9,-5.9,,,,,,,,,,,.9,3.3,{진눈깨비}1635-{진눈깨비}{강도0}1800-{비}1910-{진눈깨비}2035-{진눈깨비}{강도0}2100-2120. {진눈깨비}2235-2255. {박무}1710-{박무}{강도0}1800-{박무}{강도1}2100-{박무}{강도1}2400-,
119,수원,2015-12-31,1.3,-2.6,2317,5.8,1404,,,,,,,5.3,290,447,3,320,451,1.4,1251,290,-1.2,58,1418,85.3,5.6,1026.9,1034,2312,1026.9,53,1031.2,9.6,5.4,1100,1.11,5.52,,,,,,4.4,4.4,-.2,-4.9,,,,,,,,,,,.8,,-{박무}-{박무}{강도2}0300-{시정(미만)}{1km}{안개}0315-{시정(이상)}{1km}{박무}0340-{박무}{강도0}0600-{박무}{강도0}0900-1120. {연무}1315-{연무}{강도0}1500-{연무}{강도0}1800-1910. {박무}1905-{박무}{강도0}2100-{박무}{강도1}2400-,.42
121,영월,2015-12-27,-2.3,-6.8,2400,2.5,1351,,,,,,,4.7,270,1356,2.8,270,1405,.9,757,270,-10.5,24,1358,58.5,3,998.2,1032.5,2334,1023.8,1,1028.7,9.6,8.6,,,,,,,,,,,-4.2,-6.4,,,,,,,,,,,,,,
121,영월,2015-12-28,-5.7,-10.9,809,.3,1432,,,,,,,8.4,270,1439,5.1,270,1534,1.3,1154,270,-17.5,6,1438,48.6,1.7,1001.6,1034.7,2355,1029.9,1418,1032.7,9.6,8.6,,,,,,,,,,,-7.4,-8.4,,,,,,,,,,,,,,
121,영월,2015-12-29,-5.9,-12.6,723,1.5,1522,,,,,,,3.2,270,1532,2.3,250,1535,.6,558,270,-13.6,24,1531,58.1,2.2,1003.1,1036.8,733,1031.7,1436,1034.3,9.6,8.6,,,,,,,,,,,-7.4,-8.7,,,,,,,,,,,,,,
121,영월,2015-12-30,-2.5,-10.3,739,6.2,1443,,,,,,1.1,2.5,250,2048,1.5,270,2119,.5,436,110,-8.3,32,1524,68.8,3.4,999.8,1034.6,757,1026.5,1642,1030.5,9.7,8.6,,,,,,,,,,,-2.3,-6.9,,,,,,,,,,,,,,
121,영월,2015-12-31,1,-2.7,2358,4.7,1427,,,,,,0,5.5,270,1326,3.5,270,1400,.9,746,270,-1.7,56,1428,83.9,5.4,1000.1,1034,2302,1027.4,338,1030.4,9.6,2.4,,,,,,,,,,,-.6,-3,,,,,,,,,,,,,,
127,충주,2015-12-27,-3.3,-8.5,2347,1.7,1425,,,,,,,5.5,250,1523,3.1,270,1601,1.5,1275,270,-13.7,21,1623,48.1,2.2,1015.2,1033.4,2331,1024.8,22,1030,9.6,7,,,,,,,,,,,.8,-10.1,,,,,,,,,,,,,,
127,충주,2015-12-28,-6.4,-11,708,.1,1522,,,,,,,8.5,270,1436,5,270,1419,1.6,1370,110,-16.9,18,1514,47.1,1.7,1018.6,1035.1,2323,1032.2,1353,1033.6,9.7,7.4,,,,,,,,,,,-1.7,-12,,,,,,,,,,,,,,
127,충주,2015-12-29,-5.5,-11.8,750,2.1,1452,,,,,,,3.2,20,1528,1.9,90,33,.8,677,90,-13,26,1229,58.6,2.3,1019.3,1036.3,907,1032.6,1548,1034.3,9.6,6.1,,,,,,,,,,,-1.6,-13.1,,,,,,,,,,,,,,
127,충주,2015-12-30,-1.7,-9,709,7.4,1425,,,,,,.1,5.6,250,1932,3,230,2005,.8,670,110,-7.2,31,1426,69.6,3.7,1015.3,1033.7,1,1026.9,1544,1030.1,9.7,6.9,,,,,,,,.5,,,-.7,-10.5,,,,,,,,,,,,,,
127,충주,2015-12-31,.6,-3.6,2334,4,1407,,,,,,0,4.3,20,1207,2.6,20,1158,.7,586,90,-2,63,1538,82.8,5.3,1016.4,1034.5,2323,1027.2,117,1031.1,9.7,1.3,,,,,,,,,,,.7,-6.4,,,,,,,,,,,,,,
129,서산,2015-12-27,-3.6,-7.6,2340,.1,5,,,,,,,7.4,290,1131,5.2,290,1320,2.1,1834,360,-8.2,54,1501,71,3.3,1027.8,1034.2,2337,1026.8,1,1031.5,9.7,9,1200,1.4,8.12,,,,,,0,0,-.5,-9.5,,,,,,,,,,,1.4,,,
129,서산,2015-12-28,-2.3,-7.7,2,1.6,1428,.12,,,,,0,9.6,320,1204,5.7,320,1235,1.8,1572,50,-7.2,37,1247,70.6,3.6,1030.3,1035.2,1051,1033,511,1034.1,9.7,7,1200,1.44,7.15,,,,,,5,5,.3,-9.5,,,,,,,,,,,1.2,0,{눈}0950-0957. {박무}2205-{박무}{강도0}2400-,
129,서산,2015-12-29,-2.1,-7.8,739,3.8,1413,,,,,,,3.6,250,1249,2.6,230,1457,.9,802,50,-5.1,60,1342,80.6,4.3,1030.1,1035.5,321,1032.2,2030,1033.8,9.7,6,1100,1.27,6.47,,,,,,3.4,2.4,-.6,-9.4,,,,,,,,,,,.8,,-{박무}-{박무}{강도0}0300-0340. {박무}2120-{박무}{강도0}2400-,
129,서산,2015-12-30,.8,-4.8,749,6,1150,5.13,,,,,2.9,7.5,200,1710,4.9,160,1503,1.6,1375,180,-.9,61,1212,89.8,5.8,1025.5,1032.5,1,1026.7,1601,1029.2,9.7,4.5,1100,.97,5.26,,,,,,4.9,3.8,.6,-7.6,,,,,,,,,,,.3,2.9,-{박무}-{박무}{강도0}0300-{박무}{강도0}0600-{박무}{강도0}0900-1050. {박무}1910-{박무}{강도2}2100-{시정(미만)}{1km}{낮은안개}2350-{낮은안개}{강도0}2400- {비}1255-1310. {비}1550-{진눈깨비}1750-{진눈깨비}{강도0}1800-{비}1825-1948. {비}2115-2150. {비}2220-2240.,.17
129,서산,2015-12-31,1,-3.2,2359,5.7,1242,,,,,,,8.1,320,1451,5.1,290,1319,1.5,1284,320,-.9,63,1251,87.8,5.7,1028.2,1034.5,2229,1027.6,31,1031.9,9.7,7.4,1200,1.32,6.63,,,,,,3.4,3.4,1.9,-7.5,,,,,,,,,,,.8,,-{낮은안개}-{안개}0040-{시정(이상)}{1km}{박무}0140-{박무}{강도2}0300-{박무}{강도1}0600-0810. {박무}1740-{박무}{강도0}1800-{박무}{강도1}2100-{박무}{강도1}2400-,1.67
130,울진,2015-12-27,.3,-4,2301,4.4,1549,,,,,,,9.9,340,111,6,320,113,3.1,2714,270,-5.5,40,2352,65.5,4.1,1020.9,1029.4,2005,1022.7,1,1027.3,9.6,7.4,,,,,,,,,,,1.1,-10.1,,,,,,,,,,,,,,
130,울진,2015-12-28,-.8,-5.8,314,4.8,1425,,,,,,,10.1,230,1149,4.8,230,1150,2.9,2514,250,-20.2,11,1442,23.6,1.3,1022.2,1031.2,2345,1026.6,1415,1028.6,9.7,8.7,,,,,,,,,,,-.9,-12.1,,,,,,,,,,,,,,
130,울진,2015-12-29,1,-4.4,717,8.3,1257,,,,,,,8.2,230,408,4.2,230,427,2.6,2241,250,-19,12,1218,21.9,1.4,1023.8,1031.5,938,1028.3,1349,1030.2,9.7,8.6,,,,,,,,,,,-.5,-8.6,,,,,,,,,,,,,,
130,울진,2015-12-30,2.5,-3.6,405,9,1532,,,,,,,8.2,250,2356,3.8,250,2359,2.3,1954,270,-8.1,27,1539,45.8,3.4,1022.2,1031.1,247,1026.1,2350,1028.6,9.7,8.3,,,,,,,,,,,.9,-7.6,,,,,,,,,,,,,,
130,울진,2015-12-31,4.1,.2,637,8.9,1210,,,,,,,12,360,1406,7,340,1403,3.1,2664,250,-3.5,37,1211,58.6,4.8,1022,1031,2038,1025.2,207,1028.3,9.7,8,,,,,,,,,,,2,-3.8,,,,,,,,,,,,,,
131,청주,2015-12-27,-2.9,-5.1,2347,.9,1,,,,,,,5.9,360,313,3.2,320,1600,1.7,1458,290,-14.7,23,1459,40.6,2,1022.6,1033.1,2400,1024.7,6,1030,9.7,8.8,1200,1.76,10.17,,,,,,0,0,-2.1,-8.4,,,,,,,,,,,1.8,,-{연무}-0050.,
131,청주,2015-12-28,-3.3,-6.7,515,.4,1602,,,,,,,8.2,360,1436,3.8,320,1223,1.4,1193,270,-16.1,20,1618,36.5,1.8,1025.9,1034.3,1002,1032.4,1508,1033.3,9.7,7.9,1200,1.74,9.31,,,,,,2.1,2.1,-2.8,-10.1,,,,,,,,,,,1.3,,,
131,청주,2015-12-29,-2.5,-8,650,2.6,1518,,,,,,,3.5,140,1320,2,110,1328,.8,687,340,-12.6,29,1142,47.3,2.4,1026,1035.5,935,1031.9,2106,1033.4,9.7,7.7,1300,1.52,8.25,,,,,,3,1.6,-2.2,-10.8,,,,,,,,,,,1.2,,,
131,청주,2015-12-30,1,-5.3,516,6.9,1423,3.5,,,,,.6,5.1,230,1857,2.3,250,1456,1.1,926,360,-6.4,32,1424,61,4,1022,1032.5,9,1026.5,1733,1029.2,9.7,7.6,1200,1.62,8.58,,,,,,4.3,2.8,-.4,-7.8,,,,,,,,,,,1.1,.6,{연무}0520-{연무}{강도0}0600-{연무}{강도0}0900-1020. {박무}2010-{박무}{강도0}2100-{박무}{강도0}2400- {이슬비}1815-{비}1910-{비}{강도0}2100-2145.,
131,청주,2015-12-31,2,-1.2,2334,4.6,1454,,,,,,,6.5,290,1013,2.9,290,1536,1.2,995,290,-2.9,43,1540,72.3,5,1023.6,1034,2312,1026.8,59,1030.8,9.7,4.4,1200,1.55,5.32,,,,,,4,4,1.2,-6.1,,,,,,,,,,,.8,,-{박무}-{박무}{강도1}0300-{박무}{강도2}0600-{박무}{강도1}0900-1130. {연무}1120-{연무}{강도0}1200-{연무}{강도0}1500-1620. {연무}1820-{연무}{강도0}2100-2312. {박무}2307-{박무}{강도0}2400-,
133,대전,2015-12-27,-2,-5.7,2252,3.2,1502,,,,,,,5.9,360,1706,3.4,360,1644,1.3,1140,340,-11.1,25,1346,52,2.7,1021.4,1033.5,2304,1025.1,11,1030.2,9.7,8.9,1200,2.1,12.03,,,,,,0,0,.5,-12.5,1.8,2,3.3,4.3,6.9,9.5,12,16.3,17.7,,1.5,,-{연무}-{연무}{강도0}0300-0325.,
133,대전,2015-12-28,-3.2,-7.6,536,2,1431,,,,,,,7.8,340,1440,4.3,320,1444,1.2,1034,340,-10.4,31,1546,59.4,2.8,1024.9,1034.8,951,1032.8,1415,1033.9,9.7,7.5,1200,2.07,11.12,,,,,,2.5,2.5,-1.2,-13,.3,.9,2.1,3.3,6.4,9.3,11.9,16.2,17.7,,1.3,,,
133,대전,2015-12-29,-1.3,-7.2,718,5.4,1441,,,,,,,3.9,180,1221,2.4,160,1238,.9,788,320,-7.9,39,1418,63.4,3.4,1024.9,1036,916,1032.2,1523,1033.8,9.7,7.7,1300,1.89,10.8,,,,,,2.9,1.5,-.5,-14.1,.2,.5,1.7,2.8,5.8,9,11.8,16.1,17.7,,.7,,,
133,대전,2015-12-30,1.2,-4.9,710,8.1,1431,3.58,,,,,1.6,6.4,180,1947,3.6,180,1500,1.1,964,180,-3.2,40,1428,75.1,4.9,1021,1032.9,1,1027.2,1800,1029.7,9.7,7.6,1200,1.89,10.53,,,,,,4.6,2.1,.8,-11.3,1.2,.7,1.8,2.7,5.4,8.1,11.6,16,17.6,,.2,1.6,{박무}0240-{박무}{강도0}0300-{박무}{강도0}0600-{박무}{강도0}0900-1030. {연무}1640-{연무}{강도0}1800-1950. {박무}1945-{박무}{강도0}2100-{박무}{강도1}2400-  {비}1845-{비}{강도0}2100-2220.,
133,대전,2015-12-31,1.5,-1.9,2354,5.8,1407,,,,,,,6.6,340,1201,3.5,320,1134,1.1,960,340,-1.4,56,1409,82.5,5.5,1022.6,1034.5,2219,1027.4,111,1031.4,9.7,4.7,1300,1.83,7.19,,,,,,4,4,2.1,-9.4,2.5,2.3,2.8,3.2,5.3,7.9,11.5,15.9,17.6,,.8,,-{박무}-{박무}{강도1}0300-{박무}{강도2}0600-{박무}{강도1}0900-1145. {박무}1820-{박무}{강도0}2100-{박무}{강도1}2400-,
135,추풍령,2015-12-27,-2,-6,2350,1.7,1,,,,,,,9.8,270,1313,6.4,250,1058,3.8,3268,270,-16.6,10,1421,34.4,1.8,998,1032.8,2324,1024.3,9,1029.1,9.7,9,1200,1.94,11.31,,,,,,,,-1.2,-6.8,,,,,,,,,,,,,,
135,추풍령,2015-12-28,-3.8,-7.1,556,-.6,1521,,,,,,,13.7,270,1301,8.9,270,1256,5,4307,270,-13.3,25,1622,49.1,2.2,1001.3,1034.1,2343,1031.2,1403,1032.7,9.7,7.1,1200,1.92,9.88,,,,,,,,-2.9,-7.9,,,,,,,,,,,,,,
135,추풍령,2015-12-29,-2.6,-6.7,530,2.5,1531,,,,,,,10.2,270,903,7.4,270,856,3.6,3093,270,-10.6,30,1514,56.1,2.8,1002.2,1035.2,730,1031.5,1554,1033.4,9.7,8.6,1400,1.46,9.32,,,,,,,,-2.1,-9.6,,,,,,,,,,,,,,
135,추풍령,2015-12-30,-.7,-8.2,740,7.3,1432,,,,,,1.2,5.5,270,1548,3.5,270,1617,.9,767,20,-7,28,1307,67.6,3.7,999,1033.4,24,1026.8,1446,1029.9,9.7,8.3,1200,1.82,10.81,,,,,0,,,-1,-11.3,,,,,,,,,,,,,,
135,추풍령,2015-12-31,.6,-2.4,2307,2.9,1352,,,,,,.2,9.7,270,852,6.4,270,1210,3.1,2654,270,-3.1,53,1622,76.9,4.9,1000,1034.4,2300,1027.4,435,1030.9,9.7,1.9,1300,.93,4.6,,,,,,,,0,-4.6,,,,,,,,,,,,,,
136,안동,2015-12-27,-.9,-4.6,2353,3.5,1442,,,,,,,6.1,290,1530,4.1,270,1553,2.2,1925,290,-13.7,15,1548,41.1,2.3,1010.2,1031.6,2353,1023.4,15,1028,9.7,9,1200,1.83,10.58,,,,,,0,0,-2.6,-7.9,,,,,,,,,,,2.4,,-{연무}-{연무}{강도0}0300-{연무}{강도0}0600-{연무}{강도0}0900-0930.,
136,안동,2015-12-28,-3.7,-7.9,605,1.4,1435,,,,,,,10,270,1508,6,270,1304,2.6,2251,290,-19.1,14,1326,31.3,1.4,1013.5,1033.4,2338,1029.5,1339,1031.6,9.7,9.3,1200,1.89,11,,,,,,0,0,-5,-11.2,,,,,,,,,,,2.1,,,
136,안동,2015-12-29,-3.9,-11.4,619,4.1,1518,,,,,,,7,290,1526,4,290,1409,1.3,1110,270,-15.3,16,1513,44.6,1.9,1014.9,1035,741,1030.7,1507,1033,9.7,9.2,1300,1.66,9.8,,,,,,1.9,1.3,-5.6,-14.5,,,,,,,,,,,1.7,,{햇무리}1040-1220.,
136,안동,2015-12-30,-2,-10.1,624,6.5,1514,1.33,,,,,.3,3.2,320,2206,1.5,250,1227,.7,599,110,-9.2,31,1440,61,3.1,1012.1,1033.4,648,1027.2,1551,1030.1,9.7,9,1200,1.77,10.08,.7,2359,.7,2359,.7,2.3,1.8,-3.9,-12.9,,,,,,,,,,,1.2,.5,{눈}2155-2255. {눈}2340-{눈}{강도0}2400-,
136,안동,2015-12-31,.5,-3.9,2328,5.9,1500,.83,,,,,.2,7.3,290,1422,4.6,270,1306,1.4,1204,290,-3.6,46,1448,75.6,4.7,1012.4,1033.7,2259,1027.1,445,1030.2,9.7,6.4,1200,1.63,7.49,.5,59,1.2,59,.5,5.5,5,.1,-9.5,,,,,,,,,,,.5,,-{눈}-0050. {박무}0030-{박무}{강도0}0300-{박무}{강도0}0600-{박무}{강도1}0900-{박무}{강도0}1200-1230. {연무}1230-1450. {연무}1730-{연무}{강도0}1800-{연무}{강도0}2100-2230. {박무}2220-{박무}{강도0}2400-,
137,상주,2015-12-27,-.5,-4.7,2353,3.5,1,,,,,,,9.1,290,322,5.3,270,324,3,2576,270,-15.3,13,1453,34.3,2,1016.5,1032.3,2338,1023.9,1,1028.8,9.7,8.7,,,,,,,,,,,.2,-7.2,,,,,,,,,,,,,,
137,상주,2015-12-28,-2.4,-5.5,636,1.5,1320,,,,,,,10.7,290,1617,5.7,270,1517,3.3,2840,270,-15.5,22,1619,36.8,1.9,1020,1033.9,2357,1030.8,1418,1032.4,9.7,8.6,,,,,,,,,,,-2,-7.6,,,,,,,,,,,,,,
137,상주,2015-12-29,-1,-5,703,4.9,1546,,,,,,,7.8,230,904,4.1,250,1010,1.9,1656,270,-12.4,25,1637,43.4,2.4,1020.7,1034.8,902,1031.3,1513,1033,9.7,8.5,,,,,,,,,,,-1.4,-9.2,,,,,,,,,,,,,,
137,상주,2015-12-30,-.9,-7.4,757,6.3,1434,,,,,,4.5,3,50,1236,1.5,50,1236,.7,613,70,-7.5,33,1601,63.8,3.5,1017.6,1032.9,805,1027.3,1609,1029.9,9.7,5.9,,,,,,,,,,,-.1,-10.5,,,,,,,,,,,,,,
137,상주,2015-12-31,1.1,-2.3,723,5.6,1310,,,,,,7,7.3,270,1055,4.7,270,1100,1.4,1212,270,-3.9,47,1441,71.3,4.6,1018.3,1034,2300,1027.2,429,1030.5,9.7,4.4,,,,,,,,,,,.8,-8.2,,,,,,,,,,,,,,
138,포항,2015-12-27,3.2,-.7,2346,7.6,1415,,,,,,,6.4,250,2353,4.1,270,2146,2,1707,250,-10.7,14,1315,39.1,3,1026.5,1030,2317,1022.6,1,1026.8,9.7,8.4,1200,1.55,8.77,,,,,,.1,0,3.1,-4.8,4.5,5.1,5.9,6.7,9.3,12.4,14.1,16.9,17.2,,3.1,,-{연무}-{연무}{강도0}0300-{연무}{강도0}0600-{연무}{강도0}0900-0930.,
138,포항,2015-12-28,-.3,-4,739,4,1434,,,,,,,9.4,270,1102,5.7,270,1211,3.5,3016,250,-18.8,16,1139,23.8,1.4,1029.5,1031.7,2359,1027.9,1426,1029.8,9.7,8.9,1200,1.61,9.28,,,,,,.1,0,.5,-6.3,2.4,3.2,4.6,5.6,8.9,12.2,14,16.8,17.1,,3.4,,,
138,포항,2015-12-29,1,-3.1,649,6.2,1516,,,,,,,8.1,250,803,5.3,250,1005,3.4,2898,250,-14.2,16,1507,32.9,2.1,1030.9,1032.6,721,1029.5,1346,1031.2,9.7,8.8,1200,1.49,8.74,,,,,,.4,0,1.1,-6.2,1.9,2.5,3.6,4.7,8.3,12.1,14,16.8,17.1,,3,,,
138,포항,2015-12-30,3.5,-.9,419,9.3,1413,,,,,,,6,250,929,4.1,250,932,2.1,1777,250,-7,33,1218,46.3,3.7,1028.4,1031.1,8,1026.9,1643,1028.7,9.7,8.7,1200,1.48,8.57,,,,,,.9,.9,3.2,-3.9,2.9,3.2,3.8,4.6,7.9,11.9,13.9,16.8,17.1,,2.6,,,
138,포항,2015-12-31,4.2,1,758,8.3,1413,,,,,,,7.5,290,1234,4.6,290,1226,2.5,2174,250,-4,41,1445,55.9,4.6,1028.7,1032.3,2311,1025.8,435,1029,9.8,8,1200,1.48,7.85,,,,,,2.1,2.1,4.4,-3.9,3.9,4.2,4.6,5.1,7.7,11.7,13.8,16.7,17.1,,2,,{연무}0920-1040. {연무}1835-{연무}{강도0}2100-{연무}{강도0}2400-,
140,군산,2015-12-27,-1.2,-4.2,2349,2.3,1,,,,,,,8.6,270,1438,6.1,270,1442,2.3,1955,320,-7.6,35,1229,62.6,3.5,1027.4,1033.7,2341,1025.5,1,1030.4,9.7,9.2,,,,,,,,,,,.5,-6.2,,,,,,,,,,,,,,
140,군산,2015-12-28,-1.5,-5.2,210,2.1,1429,,,,,,,7.9,320,1445,5.3,320,1446,1.4,1185,320,-6,55,1600,71.6,3.9,1030.6,1034.7,1041,1032.6,457,1033.6,9.7,6.5,,,,,,,,,,,.5,-7.2,,,,,,,,,,,,,,
140,군산,2015-12-29,-.5,-5.3,708,4.3,1431,,,,,,,4.9,90,1340,3.3,110,1401,.7,571,90,-4.1,58,1316,77.5,4.5,1030.5,1035.3,750,1032,2237,1033.5,9.7,7.2,,,,,,,,,,,.3,-7.3,,,,,,,,,,,,,,
140,군산,2015-12-30,2.4,-3.6,603,7.2,1508,,,,,,5,9.4,230,2007,5.5,230,2015,1.5,1310,140,-.8,56,1505,81.1,5.9,1026.2,1032.3,5,1026.7,1736,1029.1,9.8,5.4,,,,,,,,,,,1.9,-5.4,,,,,,,,,,,,,,
140,군산,2015-12-31,2.5,-1.2,2335,7,1427,,,,,,0,7.1,320,1435,5,320,1546,1.5,1257,320,.5,56,1514,87.9,6.4,1028.4,1034.1,2240,1027.2,103,1031.3,9.8,7.3,,,,,,,,,,,3,-3.4,,,,,,,,,,,,,,
143,대구,2015-12-27,2,-1.5,2346,5.4,1336,,,,,,,6.3,270,1322,3.9,290,1153,2.2,1912,290,-13.1,14,1515,35.4,2.5,1020.8,1030.5,2338,1022.5,1,1027,9.7,8.9,1200,1.9,10.88,,,,,,.3,0,2.4,-4.8,,,,,,,,,,,,,-{연무}-{연무}{강도0}0300-0520.,
143,대구,2015-12-28,-1.1,-4,532,2.8,1423,,,,,,,10.6,290,1536,6.5,290,1629,3.5,3060,270,-12.8,28,1534,41.4,2.3,1024.7,1032.6,2351,1029.2,1404,1031,9.7,9.2,1200,1.87,10.75,,,,,,0,0,-.5,-7.3,,,,,,,,,,,,,,
143,대구,2015-12-29,0,-3.6,414,5.1,1512,,,,,,,8.5,270,1548,5.7,270,1550,2.1,1773,270,-10.9,23,1400,46,2.7,1025.7,1033.8,959,1030.1,1438,1031.9,9.8,8.9,1100,1.61,10,,,,,,.9,.4,-.2,-10.1,,,,,,,,,,,,,,
143,대구,2015-12-30,.6,-5.6,659,8,1514,,,,,,,4.3,90,1159,2.2,270,1502,.6,534,110,-6.3,34,1524,62,3.8,1022.6,1031.7,751,1026.5,1547,1028.9,9.8,8.9,1200,1.72,9.84,,,,,,.8,.8,.3,-10.7,,,,,,,,,,,,,,
143,대구,2015-12-31,2,-1.2,2311,7,1445,,,,,,,8.7,290,1127,5.3,270,1307,1.7,1471,290,-3.8,48,1444,66.4,4.6,1023.3,1032.9,2346,1026.4,441,1029.5,9.8,6.5,1300,1.44,7.96,,,,,,2.8,2.8,2.4,-7.5,,,,,,,,,,,,,{박무}2210-{박무}{강도0}2400-,
146,전주,2015-12-27,-.8,-4.1,2350,3,1,,,,,,,6.6,320,1211,4.2,270,1635,2.3,1955,320,-8.7,32,1308,56.6,3.3,1022.2,1033.8,2357,1025,1,1030.1,9.7,9.1,1200,2.04,11.86,,,,,,.1,0,-.4,-11.6,,,,,,,,,,,1.8,,-{박무}-{박무}{강도0}0300-0325. {연무}0320-0410.,
146,전주,2015-12-28,-1,-4.8,337,2.5,1521,,,,,,,6.9,320,1402,3.9,320,1646,1.5,1325,20,-8.5,45,1628,56.8,3.2,1025.5,1034.4,2301,1032.3,1545,1033.4,9.8,5.5,1300,1.59,8.6,,,,,,4.6,4.6,-.9,-11.6,,,,,,,,,,,1.6,,,
146,전주,2015-12-29,-.2,-4.4,657,4.9,1512,,,,,,,4.1,50,1445,2.9,340,1709,1.4,1167,140,-6,44,1345,65.8,3.9,1025.5,1035.4,803,1031.8,1458,1033.4,9.8,7.4,1300,1.69,9.47,,,,,,1.6,.8,-.6,-11.3,,,,,,,,,,,2.2,,{연무}1950-{연무}{강도0}2100-{연무}{강도0}2400-,
146,전주,2015-12-30,2.6,-3.1,737,8,1501,4.33,,,,,4.9,7.8,250,2017,3.5,270,2019,1.4,1192,110,-2.5,44,1227,71.1,5.2,1021.5,1032.5,21,1026.9,1811,1029.3,9.8,6.2,1100,1.72,8.5,,,,,,4.3,3.4,1.5,-10.4,,,,,,,,,,,1.7,5.3,-{연무}-0250. {박무}0230-{박무}{강도0}0300-0330. {박무}2030-{박무}{강도0}2100-{박무}{강도1}2400- {비}1940-{비}{강도0}2100-{비}{강도0}2400-,
146,전주,2015-12-31,2.5,-.4,2400,5.7,1429,3.5,,,,,.4,5.9,320,1229,3.5,320,1236,1.2,1060,140,0,60,1425,84.9,6.2,1023.4,1034.2,2247,1027.2,107,1031.2,9.8,4.4,1300,1.45,7.35,,,,,,3.9,3.4,2.9,-7.2,,,,,,,,,,,3.2,,-{박무}-{박무}{강도1}0300-{박무}{강도1}0600-{시정(미만)}{1km}{낮은안개}0710-{시정(미만)}{0.5km}{낮은안개}0740-{낮은안개}{강도1}0900-{시정(이상)}{0.5km}{낮은안개}0920-{시정(이상)}{1km}{박무}1040-{박무}{강도0}1200-1250. {연무}1245-{연무}{강도0}1500-{연무}{강도0}1800-1847. {박무}1852-{박무}{강도0}2100-{박무}{강도0}2400-   -{비}-0050. {비}0130-0250. {비}0310-0430.,3.5
152,울산,2015-12-27,3.4,-.6,2350,8.8,1315,,,,,,,8.3,50,926,4.8,50,935,2.6,2275,360,-12.6,7,1405,37.4,2.8,1022.2,1029.8,2316,1022.5,12,1026.5,9.8,8.5,,,,,,,,,.6,0,1.9,-5.9,,,,,,,,,,,,,{박무}0140-{박무}{강도0}0300-{박무}{강도0}0600-0630. {연무}0620-0850.,
152,울산,2015-12-28,.6,-2.5,749,5.1,1445,,,,,,,12.4,290,2106,7.8,290,2054,3.9,3370,320,-18,14,557,24.4,1.6,1025.4,1031.8,2254,1028.1,1333,1029.8,9.8,8.6,,,,,,,,,.4,0,-.1,-9.5,,,,,,,,,,,,,,
152,울산,2015-12-29,2.3,-2.7,636,8.2,1535,,,,,,,9.5,340,118,5.9,340,119,2.6,2289,340,-15.8,9,1617,27,1.8,1026.8,1033.2,753,1029.5,1359,1031.2,9.8,8.9,,,,,,,,,.8,0,.6,-8.7,,,,,,,,,,,,,,
152,울산,2015-12-30,3,-2.4,642,10.5,1359,,,,,,,5.1,140,1538,3.6,110,1450,1.4,1182,270,-6.6,23,1355,50.9,3.8,1024.5,1031.6,800,1026.7,1510,1028.9,9.8,8.9,,,,,,,,,.3,.3,.9,-9.8,,,,,,,,,,,,,,
152,울산,2015-12-31,4.2,.1,101,9.2,1342,,,,,,,10.4,340,1215,6,340,1224,2.3,1973,320,-4,37,1527,56.3,4.5,1024.6,1032.5,2236,1026,525,1029,9.8,7.7,,,,,,,,,1.6,1.6,2.4,-6.7,,,,,,,,,,,,,{연무}0650-0730.,
155,창원,2015-12-27,3.3,-.8,2359,6.9,1409,,,,,,,9.4,20,1032,5.5,20,1029,2.3,1958,20,-10.1,16,2049,39.8,3.2,1021.6,1029.8,2255,1022.4,1,1026.3,9.8,8,1200,1.93,10.9,,,,,,1.4,0,1.9,-2.4,,,,,,,,,,,,,-{연무}-{연무}{강도0}0300-{연무}{강도0}0600-{연무}{강도0}0900-1145.,
155,창원,2015-12-28,-.8,-4.1,649,4.1,1555,,,,,,,9.4,340,837,5.3,20,1206,2.2,1939,20,-14.6,25,1853,34.5,2,1025.9,1032.7,2117,1028.9,1457,1030.7,9.8,8.9,1200,2.03,12.27,,,,,,.1,0,-.6,-5.4,,,,,,,,,,,,,,
155,창원,2015-12-29,.7,-3.4,717,5.4,1348,,,,,,,9.6,50,1044,5.4,20,1053,2.3,1969,20,-12.3,12,1344,38.4,2.4,1027,1033.7,932,1030.1,1353,1031.7,9.8,8.9,1200,2.08,12.55,,,,,,.4,0,-.5,-4.8,,,,,,,,,,,,,,
155,창원,2015-12-30,1.7,-1.9,600,6.8,1503,,,,,,,6.3,50,150,3.7,20,338,1.5,1267,20,-8,26,1312,49.6,3.4,1024.3,1031.6,756,1027.1,1450,1029.1,9.8,8.8,1200,2.03,11.88,,,,,,.5,.5,1,-4.4,,,,,,,,,,,,,,
155,창원,2015-12-31,3.3,-.3,2342,7.9,1359,,,,,,,11,50,1139,5.7,50,1152,1.6,1392,50,-4.8,43,1506,56,4.3,1024.6,1033,2325,1026.4,409,1029.3,9.8,8.2,1200,1.77,10.53,,,,,,2.1,1.6,1.8,-4.1,,,,,,,,,,,,,{연무}0844-{연무}{강도0}0900-1041.,
156,광주,2015-12-27,.8,-2.2,2346,4.6,9,,,,,,,7.6,290,1616,3.4,20,651,1.7,1503,20,-6.8,26,1247,58.1,3.8,1020.6,1033.3,2338,1024.5,1,1029.8,9.8,8.9,1300,1.79,10.72,,,,,,1.4,0,.8,-5.9,,,,,,,,,,,,,-{박무}-{박무}{강도1}0300-0419.,
156,광주,2015-12-28,0,-3.1,114,3.2,1424,,,,,,,7.5,50,1235,3.7,50,231,1.8,1521,50,-7.2,51,1530,58.3,3.6,1024,1034.5,2337,1031.9,538,1033.3,9.8,5.5,1100,1.48,8.65,,,,,,6.8,6.8,.1,-6.6,,,,,,,,,,,,,,
156,광주,2015-12-29,1.5,-3.1,726,6.8,1403,,,,,,,6.6,50,1037,4,70,1046,1.4,1214,20,-5.9,29,1406,59.3,3.9,1024,1035.2,731,1031.4,1440,1033.2,9.8,8.5,1200,1.94,11.15,,,,,,1.4,.8,.3,-6.7,,,,,,,,,,,,,,
156,광주,2015-12-30,3,-2.5,737,8.1,1417,1.07,,,,,0,4.9,340,2301,3.1,200,2044,1.1,949,230,-3,41,1321,66.6,5,1020.7,1032.9,1,1027.7,2038,1029.8,9.8,6.6,1200,1.71,9.66,,,,,,4.6,4.3,1.1,-7.2,,,,,,,,,,,,,{박무}0342-{박무}{강도0}0600-{박무}{강도0}0900-1043. {비}2256-{비}{강도0}2400-,
156,광주,2015-12-31,3.8,1.3,2359,7.5,1413,5.32,,,,,2.5,7.8,50,1159,3.7,50,1309,1.5,1305,20,-.4,47,1420,76.6,6,1022.2,1034.4,2252,1027.6,137,1031.4,9.8,6,1200,1.67,9.05,,,,,,5.4,4.8,3.1,-3.8,,,,,,,,,,,,,-{비}-{비}{강도0}0300-0519. {박무}0011-{박무}{강도1}0300-{박무}{강도1}0600-{시정(미만)}{1km}{안개}0804-{시정(미만)}{0.5km}{안개}0811-{시정(이상)}{0.5km}-{안개}0844-{시정(이상)}{1km}{박무}0849-{박무}{강도2}0900-1141. {연무}1133-{연무}{강도0}1200-1249. {연무}2103-2327. {박무}2324-{박무}{강도0}2400-,.75
159,부산,2015-12-27,5.8,1.3,2357,10.4,1353,,,,,,,10.4,320,2200,6.2,340,2003,2.9,2473,340,-7.9,23,1842,38.3,3.6,1017.2,1028.8,2305,1022.3,1,1025.8,9.8,8.6,1200,1.68,9.78,,,,,,.5,0,4.2,-.8,5.5,5.9,7.5,8,9.1,12.5,15.1,17.6,18.2,,3.2,,-{연무}-{연무}{강도0}0300-{연무}{강도0}0600-{연무}{강도0}0900-1130.,
159,부산,2015-12-28,1.2,-2,709,5.4,1437,,,,,,,11.9,20,129,6.3,360,450,3.2,2734,360,-14,22,319,31.5,2.1,1021,1031.8,2355,1028.3,125,1029.9,9.8,9.3,1200,1.86,11.42,,,,,,.1,.1,1.4,-3.5,3,3.7,6.2,7.1,8.6,12.4,15.1,17.5,18.1,,1.1,,,
159,부산,2015-12-29,2.7,-1.6,713,8.3,1504,,,,,,,13.6,290,31,6.1,320,33,2.9,2518,360,-12.7,22,1501,31.9,2.3,1022.3,1032.9,948,1029.8,1447,1031.1,9.8,9.2,1100,1.88,11.28,,,,,,.6,0,1.7,-3.9,2.8,3.4,5.4,6.2,7.8,12.2,15,17.5,18.1,,1.1,,,
159,부산,2015-12-30,4.7,0,702,11,1309,,,,,,,11.2,360,48,7.3,340,50,2.3,2024,270,-7.6,27,1511,41.3,3.5,1020,1031,803,1027,1511,1028.7,9.8,9.2,1200,1.82,11.05,,,,,,0,0,3,-4.7,3.7,4.1,5.4,6,7.4,12,14.9,17.4,18.1,,2.2,,,
159,부산,2015-12-31,5.7,2.7,2348,10.5,1422,,,,,,,11.6,250,1355,6.9,340,2259,3.2,2749,340,-3.6,34,1606,51.9,4.7,1020,1032.1,2309,1025.7,438,1028.7,9.8,8.6,1200,1.75,10.01,,,,,,1,1,4.1,-1,4.6,4.8,5.8,6.2,7.2,11.7,14.8,17.3,18,,2.3,,{연무}1030-{연무}{강도0}1200-1420. {연무}2010-{연무}{강도0}2100-{연무}{강도0}2400-,
162,통영,2015-12-27,5.1,.7,2304,10.4,1343,,,,,,,5.5,320,2128,3.2,320,2129,1.6,1363,360,-4.8,30,1443,51.5,4.5,1022.2,1029.7,2253,1022.9,1,1026.3,9.8,8.1,,,,,,,,,,,3.8,-4.1,,,,,,,,,,,,,,
162,통영,2015-12-28,1.8,-1.6,757,6.9,1432,,,,,,,9.5,320,1901,5.5,340,1903,3.1,2677,340,-10.4,31,604,40,2.8,1026.6,1032.9,2359,1029.2,1427,1030.8,9.8,8.8,,,,,,,,,,,.8,-6.4,,,,,,,,,,,,,,
162,통영,2015-12-29,2.4,-1.7,634,8,1401,,,,,,,8.7,20,201,5.6,360,144,1.9,1629,340,-8,23,1352,47.5,3.4,1027.8,1033.6,859,1030.5,1431,1031.9,9.8,8.8,,,,,,,,,,,.8,-6.4,,,,,,,,,,,,,,
162,통영,2015-12-30,3.4,-1.3,604,8.4,1454,,,,,,,5.5,230,1352,3.4,200,1355,1.3,1130,360,-4.4,33,1335,58.5,4.5,1025.2,1031.6,1,1027.5,1433,1029.3,9.9,8.5,,,,,,,,,,,1.8,-5.3,,,,,,,,,,,,,,
162,통영,2015-12-31,5.2,.9,2358,10.6,1500,,,,,,,12.9,360,1150,5.7,340,1150,2.3,2003,340,-2,34,1513,61.8,5.3,1025.3,1033.2,2249,1026.4,352,1029.4,9.9,8.4,,,,,,,,,,,4.4,-4,,,,,,,,,,,,,,
165,목포,2015-12-27,2.5,1,1748,5.5,1,,,,,,,13.4,360,1336,9.7,360,1536,5.9,5099,360,-3.5,53,1313,64.6,4.8,1024.9,1032.8,2317,1024.3,16,1029.8,9.8,8.3,1200,1.46,8.02,,,,,,5,4,3.7,-.4,5.4,6.2,7.4,8.2,8.7,11,12.9,16.2,18.3,,2.8,,-{박무}-{박무}{강도0}0300-0335.,
165,목포,2015-12-28,1.3,-.4,704,3.8,1356,.47,,,,,0,10.7,360,53,7.8,360,139,3,2577,50,-3.1,61,1,72.5,4.9,1028.4,1034.2,2241,1031.8,510,1033.3,9.8,2,1300,1.05,4.88,,,,,,7.9,7.9,3.4,-1.5,4.9,5.5,6.7,7.5,8.2,10.8,12.8,16.1,18.3,,.9,0,{소낙눈}2030-2058.,
165,목포,2015-12-29,2.2,-1.4,506,7,1420,,,,,,,7.3,20,1413,5.2,360,1415,1.9,1626,50,-2.5,49,1322,71.4,5.1,1028.3,1034.8,711,1031.7,1420,1033.2,9.8,7.1,1300,1.49,8.04,,,,,,2.1,1.6,2.6,-5,4.5,5.1,6.4,7.2,7.8,10.7,12.7,16,18.2,,1.8,,{박무}2042-{박무}{강도0}2100-{박무}{강도0}2400-,
165,목포,2015-12-30,4.5,-1.3,749,8.8,1325,.4,,,,,.3,6.6,250,1832,4.6,250,1836,2.2,1879,160,-.9,44,1237,68.9,5.8,1024.7,1032.4,1,1027.7,2222,1029.5,9.9,5.3,1200,1.47,7.08,,,,,,4.5,4.1,3.8,-5.1,4.7,5,6.2,6.9,7.4,10.4,12.5,15.9,18.2,,1.5,6.1,-{박무}-{박무}{강도0}0300-{박무}{강도0}0600-{박무}{강도0}0900-0940. {연무}0937-1141. {박무}2310-{박무}{강도0}2400- {비}2145-2209.,
165,목포,2015-12-31,4.8,3,2155,7.4,1,2.27,,,,,5.8,11.8,320,721,7.5,340,730,3,2554,20,1.7,63,1503,80.9,6.9,1026.5,1034.2,2239,1027.5,45,1031.3,9.9,4.7,1100,1.09,5.85,,,,,,6.4,5.5,5.6,-.6,6.4,6.4,7.1,7.5,7.8,10.2,12.4,15.8,18.2,,1.1,,-{박무}-{박무}{강도1}0300-{박무}{강도1}0600-0850. {비}0048-0142. {비}0718-0840. {박무}0930-1150. {박무}1255-1345. {연무}1340-{연무}{강도0}1500-1730. {박무}1725-{박무}{강도0}1800-{박무}{강도0}2100-{박무}{강도0}2400-,
168,여수,2015-12-27,3.8,-.8,2357,7.7,1335,,,,,,,16.3,340,1857,11.5,340,1654,6.4,5492,340,-11.1,12,1304,36.3,2.9,1018.5,1030.1,2322,1023,1,1026.6,9.8,8.9,,,,,,,,,2,.3,4,-1.6,6,7.2,7.6,8.2,8.6,11.6,14.1,18.2,18.7,,3.4,,-{연무}-{연무}{강도1}0300-{연무}{강도0}0600-{연무}{강도0}0900-0940.,
168,여수,2015-12-28,.8,-1.7,440,4.2,1349,,,,,,,18.4,340,700,12.2,340,702,6.6,5662,340,-10.3,29,231,43.5,2.8,1022.8,1033.3,2114,1029.3,530,1031.1,9.9,9,,,,,,,,,0,0,1.3,-2.6,4,5.5,6.2,7.1,7.9,11.5,14,18.1,18.7,,1.9,,,
168,여수,2015-12-29,2.9,-.5,606,7.4,1349,,,,,,,14.2,290,148,7.4,340,116,3.9,3373,340,-10.2,17,1434,39.4,2.9,1023.5,1033.4,719,1030,1435,1031.7,9.9,9,,,,,,,,,1.1,0,2.1,-2.4,4.2,5.3,5.8,6.5,7.2,11.3,13.9,18,18.6,,1.6,,,
168,여수,2015-12-30,4,0,735,7.9,1512,,,,,,,7.3,230,1449,5.5,250,1407,2.4,2037,90,-6.7,30,1315,46.1,3.8,1021.1,1031.6,9,1027.3,1424,1029.2,9.9,8.6,,,,,,,,,1.6,1.6,2.5,-5.4,4.4,5.4,5.8,6.4,7,11,13.9,18,18.6,,2,0,,
168,여수,2015-12-31,5.2,2.8,2400,7.7,1412,1.25,,,,,0,14.2,340,1441,10,340,1604,5.2,4453,340,-3.9,33,1618,52.9,4.6,1021.5,1033,2308,1026.5,248,1029.5,9.9,8.8,,,,,,,,,2.5,1.9,3.9,-1,4.9,5.7,6,6.5,6.9,10.8,13.7,17.9,18.6,,2.4,,{비}0355-0510. {박무}0445-0550. {연무}0545-{연무}{강도0}0600-{연무}{강도0}0900-0950.,
169,흑산도,2015-12-27,2.7,1.3,1844,6.8,1,,,,,,,15.9,340,1840,11.4,340,1826,9.7,8400,360,-2.2,60,1321,70.3,5.2,1020.1,1033,2350,1024.1,2,1029.8,9.8,1.6,1300,1.17,5.38,,,,,,8,8,6,1,,,,,,,,,,,,,-{박무}-0111.,
169,흑산도,2015-12-28,3.1,1.5,116,4.7,2258,.32,,,,,0,14.8,340,1248,11.2,360,50,8.2,7065,340,-3.2,53,2303,63.4,4.9,1023.2,1033.8,1100,1031.5,509,1032.9,9.9,.3,1200,.78,3.11,,,,,,9.3,7.3,4.8,.9,,,,,,,,,,,,,{비}1613-1629. {비}1715-1718.,
169,흑산도,2015-12-29,4.7,3.3,519,6.3,1418,,,,,,,11,340,22,8.3,360,348,4,3472,360,-2.6,50,2353,58.9,5.1,1022.9,1034,637,1031.3,1419,1032.5,9.9,.1,1400,.62,3.23,,,,,,7.5,6.8,5.7,.3,,,,,,,,,,,,,,
169,흑산도,2015-12-30,6.8,4.4,401,10.4,1132,.87,,,,,0,9.8,340,2358,5.9,340,2400,2.3,1962,180,.2,48,327,63.4,6.3,1019.3,1031.5,1,1027.1,1447,1028.8,9.9,.5,1100,1.12,4.74,,,,,,8.4,7.5,6.7,1.5,,,,,,,,,,,,,{비}1523-1547. {비}2228-2256. {박무}2211-{박무}{강도0}2400-,
169,흑산도,2015-12-31,6.2,4.1,922,7.4,1154,4.05,,,,,.5,13.9,340,715,10.7,340,625,6.9,5946,340,.8,58,1959,68.6,6.5,1021.4,1034.1,2236,1027.1,118,1031,9.9,.8,1400,.82,3.69,,,,,,8,7.1,6.5,2,,,,,,,,,,,,,-{박무}-{박무}{강도0}0300-{박무}{강도0}0600-0738. {박무}0845-{박무}{강도0}0900-1053. {비}0039-0154. {비}0503-0556. {비}0852-{비}{강도0}0900-1036. {비}1236-1247.,
170,완도,2015-12-27,2.9,.6,1915,7.8,2,,,,,,,11.3,270,1641,6.4,270,1638,3.5,2983,250,-3,49,1353,65.3,5,1024.2,1032.1,2347,1023.4,1,1028.6,9.9,7.8,,,,,,,,,,,3.2,-.4,,,,,,,,,,,,,,
170,완도,2015-12-28,2.1,0,2034,4.8,1314,,,,,,,11,270,1342,6,250,1402,3,2590,250,-3.2,54,1337,68.3,4.9,1028.1,1033.9,2234,1031.1,502,1032.6,9.9,5.3,,,,,,,,,,,1.6,-1.6,,,,,,,,,,,,,,
170,완도,2015-12-29,3.2,-.1,632,6.9,1506,,,,,,,9.1,270,1428,4.8,270,1252,1.8,1573,230,-2.6,43,1244,66.9,5.1,1028.2,1034.4,800,1030.9,1434,1032.7,9.9,8.3,,,,,,,,,,,2,-1.9,,,,,,,,,,,,,,
170,완도,2015-12-30,4.5,-1,743,9.4,1436,,,,,,0,5.5,200,1528,3,230,1501,1.1,909,20,.2,47,1431,74.9,6.2,1025.1,1032.1,1,1027.8,1458,1029.5,9.9,7.2,,,,,,,,,,,3.7,-2,,,,,,,,,,,,,,
170,완도,2015-12-31,5.4,2.8,2322,7.3,211,,,,,,.4,8.1,270,1325,4.3,270,1230,2.1,1786,250,1.9,58,1535,79.4,7.1,1026.3,1034.1,2300,1026.8,218,1030.7,9.9,3.1,,,,,,,,,,,4.7,-.6,,,,,,,,,,,,,,
172,고창,2015-12-27,-.2,-2.6,2207,4.2,5,,,,,,,10.2,340,1536,7.6,320,1358,3.9,3389,50,-4.4,57,1202,73.6,4.4,1023.8,1033.5,2333,1025.2,1,1030.4,9.8,8,1200,2.01,11.14,,,,,,,,1.8,-4.7,,,,,,,,,,,,,,
172,고창,2015-12-28,-.7,-3,129,1.9,1247,,,,,,,8.5,70,3,6.6,70,2,2.9,2469,50,-4.4,63,325,75.8,4.5,1026.9,1034.9,2331,1032.4,557,1033.6,9.8,2.4,1200,1.53,7.06,,,,,,,,.6,-3.9,,,,,,,,,,,,,,
172,고창,2015-12-29,-.1,-4.1,715,5.7,1339,,,,,,,7.5,50,1351,5.3,50,1359,1.7,1511,20,-3.2,54,1329,81.3,4.8,1026.8,1035.3,1006,1031.9,1435,1033.5,9.8,8,1200,1.94,11.3,,,,,,,,1.6,-7.8,,,,,,,,,,,,,,
172,고창,2015-12-30,2.5,-4.5,714,7.8,1443,,,,,,5.4,8.5,230,2227,5.2,250,2236,1.9,1627,110,-.9,50,1255,81,5.8,1023,1032.7,1,1027.3,2014,1029.6,9.8,4.7,1200,1.8,8.57,,,,,,,,2.2,-8.1,,,,,,,,,,,,,,
172,고창,2015-12-31,3.5,.7,2308,7,1408,,,,,,1.1,10,360,1437,6.6,360,1511,2.4,2079,360,1.6,61,1401,89,6.9,1024.9,1034.4,2225,1027.7,39,1031.5,9.8,5.1,1300,1.6,7.68,,,,,,,,4,-1.5,,,,,,,,,,,,,,
174,순천,2015-12-27,.8,-3.2,2352,4.7,1421,,,,,,,11,340,1507,7.2,340,1514,4,3454,340,-9.1,19,1505,50.8,3.3,1007.3,1031.8,2302,1023.7,59,1028.1,9.8,8.5,,,,,,,,,,,1.7,-5.6,,,,,,,,,,,,,,
174,순천,2015-12-28,-.9,-4,232,2.6,1340,,,,,,,11.2,340,1341,6.2,340,1230,3.4,2924,340,-8.7,47,1324,55.6,3.2,1011.1,1033.6,2329,1030.7,1322,1032.1,9.8,7.9,,,,,,,,,,,-.6,-5.7,,,,,,,,,,,,,,
174,순천,2015-12-29,-.2,-4.7,2324,5.6,1454,,,,,,,9.1,340,1236,5.5,320,1244,2.3,2012,320,-9.1,26,1200,54.4,3.1,1011.4,1034.2,723,1030.4,1432,1032.4,9.8,8.7,,,,,,,,,,,1.1,-9.1,,,,,,,,,,,,,,
174,순천,2015-12-30,0,-6.8,754,7.7,1447,,,,,,,6.8,320,1406,4.6,290,1407,.9,817,290,-5.9,32,1211,67.8,3.9,1008.6,1032.6,10,1027,1447,1029.5,9.8,7.4,,,,,,,,,,,.7,-10.3,,,,,,,,,,,,,,
174,순천,2015-12-31,1.9,-3.2,2357,6.3,1318,,,,,,.7,9.9,340,1219,5.8,340,1436,2.1,1851,340,-2.7,42,1602,73.5,5.1,1009.5,1034.1,2259,1027.3,453,1030.3,9.8,7.1,,,,,,,,,,,3,-8,,,,,,,,,,,,,,
175,진도(첨찰산),2015-12-27,-1.8,-3.6,1932,2.2,1,,,,,,,15.2,340,1718,9.9,340,1707,6.2,5390,340,-4.3,66,1303,82.9,4.5,969.6,1032.3,2307,1024.1,1,1029.1,9.9,8.8,,,,,,,,,,,.2,-4.5,,,,,,,,,,,,,,
175,진도(첨찰산),2015-12-28,-1.8,-3.2,515,1.5,1229,,,,,,,14.1,320,1240,8.1,320,1243,5.2,4512,340,-4.1,63,1326,85.1,4.6,973.2,1034.2,1845,1031.3,453,1032.9,9.9,2.8,,,,,,,,,,,-.8,-4.4,,,,,,,,,,,,,,
175,진도(첨찰산),2015-12-29,-.4,-3.6,507,4.5,1434,,,,,,,9.5,360,740,7.2,340,732,3,2593,340,-3.9,53,1352,77.9,4.6,973.6,1034.6,748,1030.8,1424,1033,9.9,7.9,,,,,,,,,,,1.5,-5.9,,,,,,,,,,,,,,
175,진도(첨찰산),2015-12-30,2.5,-1.7,32,6.8,1220,,,,,,,7.8,290,2348,5.3,290,2350,2.5,2182,290,-2.8,47,1152,68.6,5,970.9,1032.5,1,1027.5,1354,1029.4,9.9,5.4,,,,,,,,,,,1.8,-5.5,,,,,,,,,,,,,,
175,진도(첨찰산),2015-12-31,1.4,-.8,2220,4.3,1506,,,,,,,11.4,320,1615,7.4,320,226,4.3,3700,340,.1,73,1507,91.4,6.2,972.2,1034.6,2225,1027.2,138,1031,9.9,5,,,,,,,,,,,3.3,-3.7,,,,,,,,,,,,,,
177,홍성,2015-12-27,-2.9,-6.3,2340,.5,1233,,,,,,,5.3,20,1319,3.4,360,1351,1.6,1389,360,-9.4,43,1531,62.4,3,1027.3,1032.7,2336,1025.2,1,1029.9,9.7,9,1200,1.87,10.85,,,,,,,,-1,-7.4,,,,,,,,,,,,,,
177,홍성,2015-12-28,-3.3,-7.6,227,1.8,1500,,,,,,,4.9,340,1356,3.3,50,1531,1.3,1107,50,-7.8,33,1358,72.5,3.4,1030.2,1034.1,1025,1031.8,1500,1032.8,9.7,7,1200,1.81,9.48,,,,,,,,-.5,-8.1,,,,,,,,,,,,,,
177,홍성,2015-12-29,-2.4,-7.2,747,3.3,1529,,,,,,,3.1,20,1544,2.1,50,1444,.7,621,20,-6.3,42,1234,76.5,3.9,1030.1,1034.5,801,1031.1,2058,1032.7,9.7,6.3,1200,1.75,8.63,,,,,,,,-.7,-8,,,,,,,,,,,,,,
177,홍성,2015-12-30,.8,-5.3,745,6.5,1244,,,,,,2.6,6.7,160,1335,3.4,180,1341,1.1,970,160,-1.8,48,1248,84.5,5.4,1025.6,1031.4,1,1025.6,1645,1028.1,9.7,5.4,1100,1.57,7.95,,,,,,,,0,-7.2,,,,,,,,,,,,,,
177,홍성,2015-12-31,1.4,-2.3,2350,6.3,1409,,,,,,,4.9,340,1509,3.1,50,1317,1,848,160,-.9,51,1538,85.8,5.7,1027.9,1033.2,2138,1026.3,110,1030.5,9.7,6.3,1300,1.73,8.88,,,,,,,,1.7,-4.5,,,,,,,,,,,,,,
184,제주,2015-12-27,6.7,4.5,2010,11.2,1,,,,,,,13.5,20,520,8.4,20,523,4.2,3633,320,.8,56,237,66.1,6.5,1026.5,1032.8,2329,1023.4,31,1029.1,10,.2,1100,.92,3.63,,,,,,8.3,7.6,6.5,4.8,8.9,9.6,10.3,10.7,11.3,12.7,12.8,17.3,19,1.1,1.6,,{박무}0320-{박무}{강도0}0600-0630.,
184,제주,2015-12-28,5.8,4.7,16,6.7,1219,,,,,,,13.1,360,1344,7.6,340,1346,4.6,4015,340,-1.2,53,1318,60.8,5.6,1030.4,1034.2,1921,1031.7,511,1033,10,.1,1200,.55,2.04,,,,,,8.4,8.4,5.1,4.9,7.4,8.5,9.5,10.2,11,12.5,12.2,16.8,18.8,1,1.7,,,
184,제주,2015-12-29,6.9,5.7,626,7.8,1312,,,,,,,11.1,20,454,6.4,20,548,3.2,2801,20,-1,47,212,57.3,5.7,1030,1034.5,821,1031.2,2013,1032.6,10,0,1300,.7,4.03,,,,,,8,7.3,6.3,5.6,7.5,8.1,9,9.6,10.4,12.1,12.1,17.2,19,.9,1.3,,,
184,제주,2015-12-30,8.4,6.6,520,11,1406,,,,,,,6.2,230,2347,4,230,2356,2,1751,160,0,45,1441,56.1,6.1,1027.1,1031.5,8,1028.2,2346,1029.7,10,5.3,1200,1.94,8.22,,,,,,7.5,6.1,8,6.1,8.5,8.7,9.2,9.5,10.3,11.9,12.2,17.4,19,1.2,2,.3,,
184,제주,2015-12-31,9,7.7,2240,10.7,254,3.67,,,,,.3,15.3,360,743,8.1,20,611,4.6,3993,360,1.6,45,850,60.3,6.9,1028.3,1034.4,2222,1026.8,451,1030.8,10,.2,1100,.75,2.85,,,,,,8,7.5,7.4,7.2,8.3,8.9,9.4,9.7,10.3,11.9,12.1,16.4,18.7,1,1.6,0,{비}0004-0139. {비}0510-0534. {비}0615-0630. {소나기}1010-1035. {소나기}1309-1410. {박무}0545-{박무}{강도0}0600-{박무}{강도0}0900-0910. {연무}0905-{연무}{강도0}1200-1310.,
185,고산,2015-12-27,6.3,4,2228,10.9,345,,,,,,,21.8,340,2041,15.9,340,2041,9.2,7955,340,1.1,55,12,69.3,6.7,1018.9,1031.9,2313,1023.2,23,1028.2,10,1.4,1100,.8,4,,,,,,,,5.7,3.9,,,,,,,,,,,,,,
185,고산,2015-12-28,5.2,4.1,204,6.8,1314,,,,,,,20.4,340,1624,15,340,1307,11.5,9962,340,-1.4,51,2331,62.3,5.5,1023,1033.8,2321,1030.5,510,1032.3,10,1,1300,.73,2.08,,,,,,,,4.7,3.9,,,,,,,,,,,,,,
185,고산,2015-12-29,6.6,5.2,711,7.7,1431,,,,,,,17.3,320,55,12,340,35,6.1,5254,340,-.8,50,127,59,5.8,1023.1,1034.1,1009,1031.1,1940,1032.4,10,5.3,1100,1.76,7.6,,,,,,,,7.3,4.9,,,,,,,,,,,,,,
185,고산,2015-12-30,7.6,5.3,611,11.2,1449,,,,,,0,12.7,270,2351,9.6,290,2355,3.2,2806,70,.7,47,1453,62.3,6.4,1020.6,1031.5,1,1028.4,2351,1029.8,10,5,1300,1.27,6.67,,,,,,,,9,4.6,,,,,,,,,,,,,,
185,고산,2015-12-31,8.4,7.2,2357,10.5,117,,,,,,.2,20.7,320,1037,15.8,340,1044,10.6,9134,340,1.3,49,915,61.5,6.8,1021.4,1034.1,2244,1026.8,517,1030.6,10,2.2,1200,1.24,4.44,,,,,,,,7.4,6.6,,,,,,,,,,,,,,
188,성산,2015-12-27,5.7,3.2,2137,8.4,505,,,,,,,13.6,290,1649,7.5,290,1656,3.3,2861,290,.4,56,1035,69.1,6.4,1025.4,1031.1,2349,1023,35,1027.6,10,6.4,,,,,,,,,,,5.5,3.1,,,,,,,,,,,,,,
188,성산,2015-12-28,4.9,3.3,551,7,1157,,,,,,,11.9,290,1519,6.7,290,1053,3.5,3013,290,-2.2,50,1155,60.3,5.2,1029.3,1033.4,2245,1030,1631,1031.5,10,6.8,,,,,,,,,,,4.6,3,,,,,,,,,,,,,,
188,성산,2015-12-29,5.6,2.2,629,8,1311,,,,,,,9.9,340,1445,4.5,340,1202,2.5,2134,290,-1.6,48,1238,60.3,5.4,1029.6,1033.8,752,1030.6,1351,1031.9,10,7.8,,,,,,,,,,,5.3,1.8,,,,,,,,,,,,,,
188,성산,2015-12-30,6.7,3.2,2147,10.7,1324,,,,,,,6.1,110,359,3.6,290,1936,1.9,1635,320,-.2,46,1313,61.6,6,1027.1,1031.1,1,1027.8,1419,1029.3,10,3.8,,,,,,,,,,,6.2,2.5,,,,,,,,,,,,,,
188,성산,2015-12-31,6.9,2.8,2308,9.7,1308,,,,,,.9,10.7,340,1355,6,290,507,2.6,2221,290,1.8,57,1241,70.5,7,1027.9,1033.8,2300,1026.1,501,1030.1,10,5,,,,,,,,,,,6.1,2.7,,,,,,,,,,,,,,
189,서귀포,2015-12-27,8.3,5.1,2359,12.1,1225,,,,,,,8.1,360,626,3.7,20,635,1.4,1236,360,1.4,43,1337,63.1,6.8,1019.9,1029.3,2332,1022.5,29,1025.9,10,5,,,,,,,,,,,6.4,1.7,,,,,,,,,,,,,,
189,서귀포,2015-12-28,6.4,3.5,2308,9,1201,,,,,,,7.4,250,1536,3.3,250,1556,1.4,1210,20,-.2,42,1629,63,6.1,1024.1,1032.5,2304,1028.4,450,1030.2,10,7.8,,,,,,,,,,,6.2,.6,,,,,,,,,,,,,,
189,서귀포,2015-12-29,6.6,3.4,252,10.1,1255,,,,,,,8.9,160,1242,3.9,180,1152,1.5,1333,360,-.4,50,1258,61.1,6,1024.9,1032.6,126,1029.6,1641,1031,10,5.7,,,,,,,,,,,6.7,.9,,,,,,,,,,,,,,
189,서귀포,2015-12-30,7.3,3.6,557,10.9,1404,,,,,,,6.1,230,1731,3.5,230,1511,1.5,1282,360,-.7,43,1148,57.5,5.8,1022.9,1030.7,1009,1027.4,1442,1028.9,10,7.8,,,,,,,,,,,6.8,1.1,,,,,,,,,,,,0,,
189,서귀포,2015-12-31,9,6.6,2038,12.1,1303,,,,,,0,8.6,340,748,3.9,360,756,1.4,1234,290,1,36,1026,58.3,6.6,1023.2,1032.5,2209,1026.3,434,1029.3,10,7.6,,,,,,,,,,,7.9,4.4,,,,,,,,,,,,,,
192,진주,2015-12-27,1.1,-4.7,2359,9.4,1509,,,,,,,5.2,20,1556,2.9,360,1602,.7,589,20,-9.9,11,1428,53.8,3.2,1023.3,1030.8,2306,1023.4,1,1027.1,9.8,8.1,1200,1.85,10.12,,,,,,,,2.7,-9.3,,,,,,,,,,,,,,
192,진주,2015-12-28,-1.1,-7.5,729,5.2,1332,,,,,,,8.7,340,1645,4.8,360,1650,1.6,1371,360,-10.9,25,1500,50.9,2.7,1027.5,1033.3,2344,1029.5,1329,1031.4,9.8,8.6,1200,1.91,11.58,,,,,,,,.9,-10.9,,,,,,,,,,,,,,
192,진주,2015-12-29,-1.1,-7.3,722,8.4,1449,,,,,,,4.5,110,1515,2.7,140,1515,.7,589,160,-10.4,14,1450,54.8,2.8,1028.5,1034.3,713,1030.2,1448,1032.4,9.8,8.6,1100,1.86,12.17,,,,,,,,1.2,-11.3,,,,,,,,,,,,,,
192,진주,2015-12-30,-.2,-7.4,709,8.3,1500,,,,,,,4,250,1602,2.3,230,1611,.6,527,180,-8.5,23,1447,58.6,3.3,1025.8,1032.6,1,1027.3,1537,1029.7,9.8,8.5,1200,1.89,11.61,,,,,,,,1.4,-10.9,,,,,,,,,,,,0,,
192,진주,2015-12-31,2.1,-3.6,2356,9.1,1240,,,,,,0,9,20,1459,4.8,360,1414,1.2,1041,360,-5.8,29,1451,59.1,4,1026.2,1033.7,2257,1027,442,1030,9.8,8.4,1300,1.67,9.93,,,,,,,,2.2,-8.9,,,,,,,,,,,,,,
201,강화,2015-12-27,-7.2,-10.9,2340,-3,1350,,,,,,,9,320,457,5,340,502,1.7,1484,70,-19.3,21,1358,39.1,1.3,1025.4,1034.2,2243,1027.1,4,1031.6,9.6,8.5,,,,,,,,,,,-5,-18.8,,,,,,,,,,,,,,
201,강화,2015-12-28,-6.7,-11.6,532,-.9,1355,,,,,,,7.6,360,1302,4.2,230,1219,1.3,1163,340,-16,16,1501,51.3,1.8,1027.8,1035.1,1043,1033,1413,1034,9.6,8.5,,,,,,,,,,,-5.6,-18.6,,,,,,,,,,,,,,
201,강화,2015-12-29,-4,-10.6,527,2,1353,,,,,,,3.6,340,331,2.5,360,2333,1.2,1050,360,-12,32,1214,55.3,2.5,1027.5,1035.4,254,1032.1,2010,1033.6,9.6,6.5,,,,,,,,,,,-3.4,-17.4,,,,,,,,,,,,,,
201,강화,2015-12-30,.7,-4.2,155,5.1,1412,,,,,,3,6,140,1150,3.9,140,1158,1.6,1408,360,-4.3,52,1122,70.5,4.6,1022.7,1032.2,1,1026.3,1439,1028.7,9.6,1.5,,,,,,,,,,,-.7,-10.5,,,,,,,,,,,,,,
201,강화,2015-12-31,.2,-4.2,2349,3.9,1357,,,,,,,6.7,230,1242,3.8,230,1242,1.5,1306,290,-4.1,55,1436,73.6,4.5,1025.3,1034,2306,1027.3,22,1031.3,9.6,7.9,,,,,,,,,,,.6,-12.9,,,,,,,,,,,,,,
202,양평,2015-12-27,-3.3,-6,802,1.4,1345,,,,,,,6.5,290,354,4.3,290,402,2.4,2054,270,-16,17,1539,37.8,1.8,1023.9,1033.1,2245,1025.1,1,1030.2,9.6,8.8,,,,,,,,,,,-1.9,-8.1,,,,,,,,,,,,,,
202,양평,2015-12-28,-5.5,-9.4,723,-.3,1455,,,,,,,8.1,320,1316,4.2,270,1336,1.9,1680,290,-16.5,20,1645,45.4,1.7,1027.2,1034.8,2321,1032.3,1422,1033.5,9.6,8.8,,,,,,,,,,,-3.9,-13.6,,,,,,,,,,,,,,
202,양평,2015-12-29,-6.2,-12.1,734,1.4,1519,,,,,,,3.1,200,1601,2.3,180,1602,.6,488,160,-11.5,35,1443,67.9,2.6,1027.9,1036.2,940,1032.5,1527,1034.2,9.6,6.1,,,,,,,,,,,-3.6,-16.7,,,,,,,,,,,,,,
202,양평,2015-12-30,-1.7,-8.9,651,4.5,1431,,,,,,1.1,5.1,90,1451,3.2,140,1302,.9,820,110,-6.2,42,1342,74.8,4,1023.7,1033.3,1,1026.7,1705,1029.9,9.6,5.2,,,,,,,,,,,-1.1,-13.1,,,,,,,,,,,,,,
202,양평,2015-12-31,.9,-3.4,2359,5.1,1348,,,,,,,9.6,340,1443,3.4,290,1149,1.1,944,290,-1.6,58,1348,84.9,5.5,1024.9,1034.1,2312,1027.2,26,1031,9.6,3.9,,,,,,,,,,,.3,-9.7,,,,,,,,,,,,,,
203,이천,2015-12-27,-3.6,-7,2346,1,1355,,,,,,,6.7,290,248,4,290,247,2,1692,290,-18,16,1412,32.6,1.5,1020,1033.1,2244,1025.1,3,1030.1,9.6,8.8,,,,,,,,,,,-1.3,-8.8,,,,,,,,,,,,,,
203,이천,2015-12-28,-5.2,-9.6,502,0,1421,,,,,,,7.7,290,1540,3.7,320,1315,1.5,1298,290,-18.9,14,1358,36.6,1.4,1023.3,1034.8,2304,1032.4,1355,1033.5,9.6,8.9,,,,,,,,,,,-2.4,-10.5,,,,,,,,,,,,,,
203,이천,2015-12-29,-5.8,-12.2,712,1.7,1606,,,,,,,3.5,360,2351,1.7,70,1359,.5,403,70,-12.4,32,1426,61.6,2.4,1023.9,1036.1,1012,1032.5,1529,1034.1,9.6,8.4,,,,,,,,,,,-2.9,-12.7,,,,,,,,,,,,,,
203,이천,2015-12-30,-2.3,-9.6,604,5.5,1407,,,,,,1,3.7,230,1840,1.7,50,1416,.6,543,70,-7.3,38,1408,70.6,3.7,1019.8,1033.3,1,1026.8,1705,1029.9,9.6,6.9,,,,,,,,,,,-1.5,-10.2,,,,,,,,,,,,,,
203,이천,2015-12-31,1.1,-4.1,2348,5.3,1326,,,,,,,5.6,290,1052,3.3,320,1118,1.2,1055,320,-3,50,1443,75.5,5,,1034.2,2348,1027.1,114,,9.6,4.9,,,,,,,,,,,.9,-6.2,,,,,,,,,,,,,,
211,인제,2015-12-27,-4.8,-8.6,731,.8,1435,,,,,,,6,160,1525,4,180,1425,1.1,941,180,-12.4,23,1532,58.9,2.4,1003.6,1032.5,2353,1025,2,1029.3,9.5,7.3,,,,,,,,,,,-1.1,-11.8,,,,,,,,,,,,,,
211,인제,2015-12-28,-7.8,-12.6,804,-1.2,1520,,,,,,,7.4,180,1605,4.6,180,1257,1.3,1127,160,-16.9,24,1333,52.3,1.7,1006.6,1034.8,2351,1030.1,1447,1032.7,9.6,7.3,,,,,,,,,,,-3.1,-14,,,,,,,,,,,,,,
211,인제,2015-12-29,-6.8,-13.7,713,.6,1504,,,,,,,5.6,160,1416,3.5,180,1133,1.1,988,160,-14.8,26,1434,56.8,2,1008,1036.6,715,1031.3,1458,1034.1,9.5,7.2,,,,,,,,,,,-3.7,-15.3,,,,,,,,,,,,,,
211,인제,2015-12-30,-1.9,-7.9,655,4.4,1527,,,,,,.3,4.6,160,1425,2.7,160,1430,.7,598,160,-7.1,45,1316,68.6,3.7,1004.4,1033.8,1,1026.9,1618,1029.9,9.6,6.9,,,,,,,,,,,-1.2,-11.2,,,,,,,,,,,,,,
211,인제,2015-12-31,.5,-2.6,2306,3.4,1428,,,,,,,5.9,160,1557,3.5,180,1606,1.5,1253,180,-2.7,57,1701,80.3,5.1,1005.1,1033.9,2319,1027,133,1030.4,9.6,1.6,,,,,,,,,,,.2,-7,,,,,,,,,,,,,,
212,홍천,2015-12-27,-4.3,-8.9,2400,1.7,1416,,,,,,,4.9,270,1618,2.8,270,1625,.9,769,270,-14.6,13,1545,50,2.1,1011.5,1033.3,2347,1024.8,1,1029.7,9.6,7.7,,,,,,,,,,,-2.1,-14.3,,,,,,,,,,,,,,
212,홍천,2015-12-28,-7.3,-12.8,751,-.3,1428,,,,,,,8.1,290,1516,4.4,270,1307,1,854,70,-18,14,1415,50,1.5,1014.9,1035.1,2349,1031.1,1429,1033.4,9.6,7.7,,,,,,,,,,,-4,-17.1,,,,,,,,,,,,,,
212,홍천,2015-12-29,-6.9,-13.6,611,1.9,1451,,,,,,,2.6,360,1422,1.7,70,1333,.5,421,50,-14.7,27,1550,57.4,2,1016.1,1036.9,851,1032.1,1415,1034.5,9.6,6.8,,,,,,,,,,,-4.4,-17.4,,,,,,,,,,,,,,
212,홍천,2015-12-30,-2.7,-9.6,739,5.7,1420,,,,,,.5,3.5,360,2110,2.2,50,2102,.6,491,50,-7.9,36,1439,70.6,3.6,1012.1,1034.1,303,1026.9,1645,1030.2,9.6,7.3,,,,,,,,,,,-2.2,-13.2,,,,,,,,,,,,,,
212,홍천,2015-12-31,.5,-3.7,2351,4.5,1227,,,,,,,4.4,290,1541,2.6,250,1640,.7,572,250,-2.3,54,1454,82.8,5.2,1012.9,1034.3,2307,1027.2,107,1030.8,9.6,2,,,,,,,,,,,-.1,-10.6,,,,,,,,,,,,,,
216,태백,2015-12-27,-4.4,-8.1,2300,.6,1455,,,,,,,6,70,142,3.9,70,1610,1.2,1045,70,-11.1,30,1502,63.3,2.7,939.1,1030.8,2113,1023.2,4,1027.3,9.6,6.6,,,,,,,,,,,-4.1,-15,,,,,,,,,,,,,,
216,태백,2015-12-28,-6.5,-9.7,737,-3,1241,,,,,,,12.6,320,1334,4.8,340,1338,2,1734,290,-34.1,1,1140,12,.4,940.9,1032.2,2310,1027.6,1329,1029.9,9.6,6.9,,,,,,,,,,,-6.8,-14.7,,,,,,,,,,,,,,
216,태백,2015-12-29,-4.8,-9.8,447,2.5,1320,,,,,,,8.5,320,1345,3.8,340,1410,1.5,1294,230,-24.4,4,1147,22.9,.9,942.8,1033.8,814,1027.6,1318,1031.4,9.6,6.6,,,,,,,,,,,-7,-16.3,,,,,,,,,,,,,,
216,태백,2015-12-30,-3.6,-10,635,4.2,1344,,,,,,0,6.8,180,1410,4.3,180,1411,.9,803,180,-12.3,26,1432,54.6,2.5,941.4,1034.1,751,1025.2,1355,1029.5,9.6,6.9,,,,,,,,,,,-5.6,-15.1,,,,,,,,,,,,,,
216,태백,2015-12-31,-1.6,-6.6,2327,2.5,1405,,,,,,0,7.6,320,1308,3,340,1314,1.1,912,320,-6.3,49,1406,71.3,3.8,941.6,1033.4,2253,1025.1,436,1029.1,9.7,4.4,,,,,,,,,,,-3.1,-13.5,,,,,,,,,,,,,,
217,정선군,2015-12-27,-3,-7.3,2400,2.5,1440,,,,,,,4,140,1456,2.3,320,919,.9,765,180,-11.9,26,1456,53.4,2.5,989.6,1032.4,2346,1023.9,1,1028.6,9.6,5.4,,,,,,,,,,,-.5,-7.8,.6,.8,1.2,1.7,,,,,,,,,,
217,정선군,2015-12-28,-5.9,-9.3,421,-.8,1341,,,,,,,12.7,340,1411,7.4,360,1419,2.1,1851,140,-19.2,14,1402,37.8,1.4,992.5,1034.3,2337,1029.1,1409,1032.1,9.6,6.2,,,,,,,,,,,-2.8,-9.3,0,.4,.9,1.4,,,,,,,,,,
217,정선군,2015-12-29,-6.2,-11.8,803,1.3,1448,,,,,,,6.9,320,1245,4.5,340,1138,1.3,1111,180,-16.9,16,1427,46,1.7,994.4,1036.5,800,1030.7,1448,1034.1,9.6,6.2,,,,,,,,,,,-2.8,-11.3,-.6,-.2,.5,1,,,,,,,,,,
217,정선군,2015-12-30,-3.9,-10.3,759,5.1,1408,,,,,,0,5.4,360,1408,3.6,340,1156,.9,749,320,-11.4,27,1438,58.6,2.6,991.8,1035.2,808,1026.9,1550,1031,9.6,6.3,,,,,,,,,,,-1.9,-10.1,-.9,-.6,.2,.7,,,,,,,,,,
217,정선군,2015-12-31,-.3,-3.4,2357,4.5,1401,,,,,,,5.5,180,1609,3.2,180,1610,1.2,1041,320,-5,50,1605,71.5,4.3,991.6,1033.8,2306,1027.3,432,1030.2,9.6,3.9,,,,,,,,,,,-.4,-4.5,-.2,-.1,.2,.7,,,,,,,,,,
221,제천,2015-12-27,-4.5,-9,2347,.5,1307,,,,,,,6.8,250,1508,4.1,250,1504,1.6,1365,250,-13.5,24,1323,53,2.2,995.6,1033,2342,1024.4,1,1029.4,9.6,8.9,,,,,,,,,,,-1.2,-10.6,,,,,,,,,,,,,,
221,제천,2015-12-28,-7.5,-11.8,741,-.7,1353,,,,,,,8.5,230,1224,5.7,230,1231,1.8,1598,270,-17.9,15,1355,48.4,1.5,998.9,1035.3,2343,1030.7,1412,1033.2,9.6,8.9,,,,,,,,,,,-3.8,-13.1,,,,,,,,,,,,,,
221,제천,2015-12-29,-7.8,-14.4,734,.5,1444,,,,,,,5.1,250,1442,3.1,200,1624,.8,678,230,-14.4,28,1345,62.9,2,1000.2,1036.8,711,1031.9,1437,1034.5,9.6,8.5,,,,,,,,,,,-4.8,-15.4,,,,,,,,,,,,,,
221,제천,2015-12-30,-3.6,-11.8,559,5.7,1528,,,,,,1.5,4.6,110,1036,3.1,110,1013,.6,557,110,-9.1,30,1458,69.3,3.2,996.9,1034.6,5,1026.8,1614,1030.5,9.7,8.6,,,,,,,,,,,-1.6,-12.7,,,,,,,,,,,,,,
221,제천,2015-12-31,-1.1,-6.2,2324,3.8,1317,,,,,,.5,5.9,250,1322,3.6,270,1418,1.1,908,270,-3.7,56,1500,83.6,4.7,997.5,1034.7,2259,1027.3,126,1030.8,9.6,1,,,,,,,,,,,-.1,-8.2,,,,,,,,,,,,,,
226,보은,2015-12-27,-2.9,-8,2354,1.8,1424,,,,,,,6.2,290,1445,3.9,290,1438,1.8,1591,290,-13.7,18,1238,46.1,2.2,1007.6,1033.5,2253,1025,1,1030,9.7,7.9,,,,,,,,,,,.2,-13.5,,,,,,,,,,,,,,
226,보은,2015-12-28,-5.2,-10.5,526,.3,1417,,,,,,,10.4,290,1302,6,320,1450,1.7,1482,290,-13.6,27,1445,54.6,2.2,1011,1035.2,2353,1032.3,1412,1033.7,9.7,5.9,,,,,,,,,,,-1.7,-14.5,,,,,,,,,,,,,,
226,보은,2015-12-29,-4.6,-11.2,754,3.4,1417,,,,,,,7.4,340,1319,4.7,340,1326,.9,795,340,-11.2,32,1255,63,2.6,1011.5,1036.4,800,1031.8,1509,1034.1,9.7,7.6,,,,,,,,,,,-1.8,-14.8,,,,,,,,,,,,,,
226,보은,2015-12-30,-1.3,-9.5,705,7.6,1338,,,,,,1,4.8,180,1354,2.8,200,1403,.8,658,180,-6.6,27,1530,71.5,3.9,1007.9,1033.7,305,1027.2,1526,1030.2,9.7,7.3,,,,,,,,,,,-.5,-12.9,,,,,,,,,,,,,,
226,보은,2015-12-31,.3,-5,2345,4.9,1542,,,,,,.1,7.2,320,1424,4.3,320,1446,1.3,1085,320,-3.1,50,1544,79.4,4.9,1009.1,1035.1,2239,1027.6,128,1031.3,9.7,2.8,,,,,,,,,,,2.3,-10.5,,,,,,,,,,,,,,
232,천안,2015-12-27,-3.2,-5.9,2306,.8,5,,,,,,,7.2,270,1439,4.9,270,1500,2.6,2204,270,-10.7,39,1413,56.8,2.7,1027.2,1032.8,2351,1024.8,3,1030,9.7,8.5,,,,,,,,,,,-1.6,-7.5,,,,,,,,,,,,,,
232,천안,2015-12-28,-3.6,-7.7,408,1.1,1432,,,,,,,9.1,270,1314,6.3,270,1320,2.1,1793,290,-11.4,30,1456,56.1,2.6,1030.3,1034.2,1037,1031.9,1537,1033,9.7,6.1,,,,,,,,,,,-2.8,-8.3,,,,,,,,,,,,,,
232,천안,2015-12-29,-3.4,-9.2,647,3.1,1403,,,,,,,4.2,90,1229,3,90,1248,.8,725,160,-8.6,38,1059,68.9,3.2,1030.2,1034.8,757,1031.4,2102,1033,9.7,5.5,,,,,,,,,,,-3.3,-9.8,,,,,,,,,,,,,,
232,천안,2015-12-30,1.4,-4.6,532,6.9,1341,,,,,,.5,6.1,110,1354,4.2,90,1003,2.1,1804,90,-3.7,46,1448,70.5,4.8,1025.8,1031.9,20,1026,1714,1028.5,9.7,5.5,,,,,,,,,,,-.6,-6.7,,,,,,,,,,,,,,
232,천안,2015-12-31,1,-3.3,2337,5.7,1412,,,,,,0,6.9,270,1219,4.5,270,1222,1.8,1540,290,-1.4,60,1635,85,5.6,1027.8,1033.6,2304,1026.3,111,1030.5,9.7,2.9,,,,,,,,,,,1.2,-4.7,,,,,,,,,,,,,,
235,보령,2015-12-27,-2.1,-5.1,2332,1.6,10,,,,,,,7.3,20,316,4,360,225,2.1,1807,360,-8.3,43,1325,62.9,3.3,1028.5,1033.5,2350,1025.7,1,1030.5,9.7,8.6,,,,,,,,,,,.9,-8.9,,,,,,,,,,,,,,
235,보령,2015-12-28,-1.4,-5.5,18,2.3,1532,,,,,,,6.7,20,1216,3.8,360,1211,1.7,1446,50,-6.7,48,1511,67.1,3.7,1031.2,1034.2,1040,1032.1,605,1033.2,9.7,6.1,,,,,,,,,,,.9,-8.8,,,,,,,,,,,,,,
235,보령,2015-12-29,0,-5,703,4.7,1315,,,,,,,4.7,50,951,3.3,50,951,1.1,982,50,-4.3,56,1235,73.5,4.5,1031.1,1034.7,744,1031.5,2047,1033.1,9.7,7.6,,,,,,,,,,,.4,-8.6,,,,,,,,,,,,,,
235,보령,2015-12-30,3,-1.2,744,7.1,1506,,,,,,7,9.8,230,1745,6.4,200,1754,1.7,1440,50,-.6,52,1214,78.3,6,1026.7,1031.7,1,1026,1706,1028.7,9.7,6,,,,,,,,,,,3.1,-5.3,,,,,,,,,,,,,,
235,보령,2015-12-31,2.6,-.5,2308,6.6,1346,,,,,,,6.6,20,1339,3.5,360,1431,1.2,1066,20,-.2,58,1352,83.1,6.1,1029.2,1033.8,2147,1027,155,1031.1,9.7,7.3,,,,,,,,,,,2.9,-4.1,,,,,,,,,,,,,,
236,부여,2015-12-27,-1.7,-6.4,2350,2.4,1409,,,,,,,6.1,320,1622,4,320,1422,1.9,1643,320,-10.2,24,1334,54,2.9,1029,1033.8,2400,1025.5,1,1030.5,9.7,8.5,,,,,,,,,,,.7,-12,,,,,,,,,,,,,,
236,부여,2015-12-28,-3.2,-8,327,2.5,1534,,,,,,,8.1,320,1317,4.8,320,1312,1.3,1123,20,-8.4,34,1518,69.6,3.3,1032.2,1034.7,1047,1032.6,1558,1033.7,9.7,7,,,,,,,,,,,.1,-12.6,,,,,,,,,,,,,,
236,부여,2015-12-29,-1.8,-8.3,737,4.6,1544,,,,,,,3.5,140,1421,2.1,160,1425,.5,438,200,-5.9,46,1551,76.1,4,1032.2,1035.7,847,1032.1,1457,1033.6,9.7,7.9,,,,,,,,,,,.2,-12.8,,,,,,,,,,,,,,
236,부여,2015-12-30,.6,-5.2,721,6.3,1328,,,,,,6,6.3,230,1423,3.9,230,1432,.9,761,230,-2.3,49,1257,82.6,5.3,1028,1032.5,1,1026.8,1746,1029.5,9.7,6.4,,,,,,,,,,,1.5,-10.5,,,,,,,,,,,,,,
236,부여,2015-12-31,1.5,-3,2355,6.9,1515,,,,,,.1,6.3,320,1440,3.6,290,1447,1.1,935,340,-1,49,1414,85.9,5.7,1030,1034.4,2321,1027.4,113,1031.4,9.7,4.9,,,,,,,,,,,3.1,-9,,,,,,,,,,,,,,
238,금산,2015-12-27,-2.2,-7.2,2359,1.9,1428,,,,,,,6.2,340,1229,3.5,340,1242,1.2,1048,270,-10.7,21,1358,56.6,2.9,1007.9,1033.6,2348,1025,1,1029.7,9.7,8.9,,,,,,,,,,,.4,-9.2,,,,,,,,,,,,,,
238,금산,2015-12-28,-4.5,-10,541,.9,1437,,,,,,,7.2,290,1417,4.2,290,1454,1.1,911,270,-10.6,31,1607,65.3,2.7,1011.6,1034.7,2313,1032.3,1345,1033.6,9.7,6.6,,,,,,,,,,,-1.3,-9.6,,,,,,,,,,,,,,
238,금산,2015-12-29,-3.7,-9.6,730,4.2,1510,,,,,,,4.5,320,1406,2.5,270,1431,.7,562,250,-8.5,37,1458,71.8,3.2,1011.9,1036.4,820,1031.7,1536,1033.9,9.7,8.3,,,,,,,,,,,-1.3,-9.6,,,,,,,,,,,,,,
238,금산,2015-12-30,-1,-8.7,730,7.4,1405,,,,,,1.5,6.4,230,1528,3.9,230,1534,.6,555,270,-5.3,37,1400,75.5,4.2,1008.2,1033.4,1,1027.1,1459,1029.9,9.7,6.8,,,,,,,,,,,-.8,-8,,,,,,,,,,,,,,
238,금산,2015-12-31,-.3,-4.4,2345,4.8,1506,,,,,,.1,5.5,270,1457,3.2,270,1458,.8,659,290,-2,55,1554,89.1,5.3,1009.8,1034.9,2344,1027.7,44,1031.4,9.7,2.6,,,,,,,,,,,1.8,-6.1,,,,,,,,,,,,,,
243,부안,2015-12-27,-.6,-4.2,2356,3.3,1,,,,,,,7.7,320,1410,4.6,320,1502,2.2,1929,340,-7.3,41,1307,60.5,3.5,1029.1,1033.9,2315,1025.5,1,1030.6,9.8,8.5,,,,,,,,,,,1.4,-9.9,,,,,,,,,,,,,,
243,부안,2015-12-28,-1.1,-4.6,50,2.4,1431,,,,,,,6.5,340,1347,3.8,340,1446,1,898,110,-6.1,58,1432,68.6,3.9,1032.3,1034.9,2351,1032.8,559,1033.8,9.8,4,,,,,,,,,,,1.3,-10.2,,,,,,,,,,,,,,
243,부안,2015-12-29,-.4,-5,738,5.7,1452,,,,,,,4.3,90,1407,2.6,140,1410,.7,595,110,-5.2,48,1508,71.3,4.2,1032.1,1035.5,916,1032.1,1916,1033.6,9.8,6.1,,,,,,,,,,,.8,-9.9,,,,,,,,,,,,,,
243,부안,2015-12-30,2.5,-3.5,615,7.9,1504,,,,,,5,6.2,270,2226,4.2,180,1858,1.5,1309,180,-1.9,42,1415,73.9,5.4,1027.9,1032.5,1,1027.2,1732,1029.4,9.8,4.6,,,,,,,,,,,2.3,-9.2,,,,,,,,,,,,,,
243,부안,2015-12-31,2.8,-.4,2251,7,1424,,,,,,1.5,6.8,360,1258,3.6,340,1621,1.2,1074,340,-.6,53,1314,79.3,5.9,1030,1034.2,2219,1027.3,109,1031.5,9.8,5.9,,,,,,,,,,,3.1,-5.9,,,,,,,,,,,,,,
244,임실,2015-12-27,-1.7,-6,2227,2.8,1256,,,,,,,6.3,320,1423,3.5,320,1112,1.7,1484,320,-9.6,22,1108,58.1,3.1,998.5,1033.9,2345,1024.8,1,1029.9,9.8,7.6,,,,,,,,,,,-.1,-7.9,,,,,,,,,,,,,,
244,임실,2015-12-28,-3.9,-8.8,335,.2,1408,,,,,,,7,360,1452,3.3,360,1429,1.1,970,360,-8.8,52,1544,69.6,3.2,1001.9,1035.1,2356,1032.4,1520,1033.7,9.8,2.7,,,,,,,,,,,-1,-10,,,,,,,,,,,,,,
244,임실,2015-12-29,-3.7,-9.4,631,3.9,1313,,,,,,,7.4,320,1513,3.7,20,1404,.8,670,320,-8.7,32,1454,71.9,3.2,1002.2,1036.5,807,1031.7,1450,1034.1,9.8,7.9,,,,,,,,,,,-1.3,-11.7,,,,,,,,,,,,,,
244,임실,2015-12-30,-1.2,-8.8,724,6.6,1503,,,,,,3.5,3.6,160,1608,2.4,160,1617,.6,501,230,-5.8,38,1314,73.9,4.1,998.8,1033.8,1,1027.6,1502,1030.2,9.8,5.1,,,,,,,,,,,-1,-10.9,,,,,,,,,,,,,,
244,임실,2015-12-31,-.1,-4.8,2354,4.5,1356,,,,,,.5,6.6,320,1226,3,320,1226,.8,678,340,-2.3,56,1511,85.8,5.2,1000.4,1035.4,2333,1028.2,119,1031.7,9.8,4,,,,,,,,,,,-.1,-7.3,,,,,,,,,,,,,,
245,정읍,2015-12-27,-.7,-4.4,2355,4.5,1,,,,,,,8.6,320,450,4.2,270,1328,1.4,1213,320,-6.7,37,1221,65.9,3.8,1024.8,1033.8,2302,1025.3,1,1030.5,9.8,4.1,,,,,,,,,,,2,-9.2,,,,,,,,,,,,,,
245,정읍,2015-12-28,-1,-5.2,108,1.6,1521,,,,,,,6,360,1352,2.9,360,1405,1.1,950,360,-7.2,54,432,62.6,3.6,1027.9,1034.7,1014,1032.6,449,1033.7,9.8,2,,,,,,,,,,,1.3,-9.5,,,,,,,,,,,,,,
245,정읍,2015-12-29,.1,-5.2,722,5.8,1522,,,,,,,5.4,110,1958,2.8,360,1416,1.1,973,110,-4.8,41,1523,72,4.3,1027.7,1035.3,753,1031.9,1514,1033.4,9.8,3.2,,,,,,,,,,,1.3,-9.8,,,,,,,,,,,,,,
245,정읍,2015-12-30,3.1,-3.5,448,8.4,1450,,,,,,4,5.7,250,1514,3.1,250,1521,1,896,110,-1.6,43,1151,75.3,5.6,1023.8,1032.6,1,1027.3,1937,1029.4,9.8,1.5,,,,,,,,,,,2.2,-8.3,,,,,,,,,,,,,,
245,정읍,2015-12-31,3,-.4,2354,6.8,1447,,,,,,1,7,20,1138,3.2,360,1231,1.3,1081,110,.7,56,1535,86.9,6.5,1025.8,1034.4,2240,1027.4,156,1031.4,9.8,1.8,,,,,,,,,,,4.1,-3.9,,,,,,,,,,,,,,
247,남원,2015-12-27,-.6,-5.3,2333,4.1,1357,,,,,,,6.3,270,1515,3.9,270,1542,1.6,1351,270,-9,17,1324,57,3.3,1012.5,1032.7,2355,1024,1,1028.8,9.8,9,,,,,,,,,,,.5,-8.9,,,,,,,,,,,,,,
247,남원,2015-12-28,-2.6,-7.1,400,1.6,1150,,,,,,,7,320,1314,3.9,340,1333,1.3,1157,20,-9.2,46,1508,61.3,3.1,1016.3,1033.9,2320,1031.5,1500,1032.7,9.8,4.4,,,,,,,,,,,-1.4,-10.7,,,,,,,,,,,,,,
247,남원,2015-12-29,-1.8,-7.1,723,5.2,1411,,,,,,,8.2,20,1337,4.4,360,1400,1.7,1494,50,-9.3,28,1229,59.9,3,1016.4,1035.1,759,1030.9,1439,1032.7,9.8,8.9,,,,,,,,,,,-1.4,-10.2,,,,,,,,,,,,,,
247,남원,2015-12-30,-.5,-7.1,753,6.9,1557,,,,,,0,3.8,230,1144,2.6,250,1345,1.2,1032,50,-6.5,35,1515,65.8,3.8,1013.2,1032.4,4,1027.1,1507,1029.4,9.8,6.4,,,,,,,,,,,-.5,-10.1,,,,,,,,,,,,,,
247,남원,2015-12-31,1,-3,2400,5.3,1430,,,,,,.5,7.6,320,1345,3.6,290,1335,1.5,1254,50,-2.9,47,1540,77,5,1014.5,1034,2320,1027.2,123,1030.7,9.8,5.2,,,,,,,,,,,1.9,-5.5,,,,,,,,,,,,,,
248,장수,2015-12-27,-2.1,-7.6,2359,2.6,1340,,,,,,,6.8,360,1401,4.4,360,1333,2.2,1911,360,-9.8,20,1233,60.3,3.1,977.9,1033.4,2340,1024.2,1,1029,9.8,8.3,,,,,,,,,,,.7,-13.8,,,,,,,,,,,,,,
248,장수,2015-12-28,-4.4,-9,249,.2,1503,,,,,,,9,360,1318,5.4,340,1520,2.1,1852,360,-9.8,47,1508,66.6,2.9,981.6,1034.2,950,1031.4,1423,1033.3,9.8,3.7,,,,,,,,,,,-1.5,-14.8,,,,,,,,,,,,,,
248,장수,2015-12-29,-4.5,-9.7,740,2.6,1524,,,,,,,6.8,360,1242,4.5,340,1226,1.3,1090,360,-9.6,36,1345,70.5,3,982.3,1036.7,745,1031.2,1454,1034,9.8,8.3,,,,,,,,,,,-1.6,-15.1,,,,,,,,,,,,,,
248,장수,2015-12-30,-1.8,-9.6,721,7.2,1330,,,,,,2,6.4,250,1500,4.6,250,1508,1,828,70,-6.6,33,1312,72.1,3.8,979.2,1034.4,1,1026.7,1331,1030.2,9.8,6.6,,,,,,,,,,,-.5,-14.6,,,,,,,,,,,,,,
248,장수,2015-12-31,-1.3,-6.3,2348,3.2,1337,,,,,,2.5,7.6,320,1341,4,320,1441,1.2,1014,320,-3.8,57,1529,83.4,4.6,980.5,1035.7,2321,1027.8,110,1031.5,9.8,5.7,,,,,,,,,,,1.4,-11.6,,,,,,,,,,,,,,
251,고창군,2015-12-27,-.2,-2.6,2341,4.2,1,,,,,,,7.7,340,1356,4.2,340,1356,2.4,2084,340,-6.5,46,1309,62.5,3.8,1022.9,1033,2343,1024.4,1,1029.8,9.8,7.3,1200,2.03,10.52,,,,,,,,2.1,-2.6,4.4,5.1,5.9,6.5,,,,,,,,,,
251,고창군,2015-12-28,-.7,-2.9,30,1.7,1514,,,,,,,7.7,360,1540,4.4,320,1419,1.9,1602,340,-6.3,55,301,65.8,3.9,1026,1034,2335,1031.8,527,1032.9,9.8,5,1200,1.76,9.64,,,,,,,,2.6,-2.6,3.6,4.2,5.1,5.8,,,,,,,,,,
251,고창군,2015-12-29,-.1,-4.2,814,6.1,1531,,,,,,,6.4,360,1105,3.8,360,1108,1,884,20,-4.8,46,1534,71.9,4.3,1025.9,1034.6,1015,1031.3,1518,1032.8,9.8,8.1,1200,1.91,11.45,,,,,,,,2,-3.7,3.6,3.2,4.9,5.7,,,,,,,,,,
251,고창군,2015-12-30,2.9,-4.1,318,9.5,1307,,,,,,1,5.2,320,2121,3.2,290,2126,1,850,160,-2.1,39,1308,72.6,5.3,1022.1,1032.2,1,1026.7,2004,1028.9,9.8,3.9,1200,1.81,7.98,,,,,,,,2.8,-3.7,3.8,2,4.6,5.6,,,,,,,,,,
251,고창군,2015-12-31,3.2,-1,2228,6.6,1357,,,,,,2,8,340,1317,4,340,1321,1.5,1285,340,.5,56,1320,83.1,6.4,1024,1033.8,2319,1027,222,1030.8,9.8,4.4,1200,1.72,8.17,,,,,,,,4.6,-1.6,5.5,3.1,5.4,6.2,,,,,,,,,,
252,영광군,2015-12-27,-.2,-2.9,2344,4.2,6,,,,,,,10.8,340,1526,6.5,320,1436,3.5,3039,320,-6.4,50,1321,63,3.8,1025.4,1033.3,2345,1025,1,1030.1,9.8,8.5,1200,2.08,11.28,,,,,,,,.6,-3.2,3.2,3.9,4.2,5.8,,,,,,,,,,
252,영광군,2015-12-28,-1.2,-3.6,115,2.3,1304,,,,,,,7.9,340,1409,4.9,320,1339,1.7,1475,50,-6.8,57,1057,65.6,3.7,1028.6,1034.6,2337,1032.2,554,1033.4,9.8,4.9,1100,1.65,7.55,,,,,,,,.8,-3.7,2.3,2.9,3.1,5,,,,,,,,,,
252,영광군,2015-12-29,-.2,-4.3,406,5.8,1424,,,,,,,6.2,340,1446,3.9,320,1453,1.3,1146,340,-4.9,43,1428,72,4.2,1028.5,1034.9,717,1031.6,1437,1033.2,9.8,6,1200,1.97,10.17,,,,,,,,.6,-6.2,2.7,3.1,3.2,4.8,,,,,,,,,,
252,영광군,2015-12-30,2.1,-5.4,712,7.4,1439,,,,,,.5,17,270,2227,7.7,270,2229,1.7,1435,70,-2.6,42,1251,73.6,5.1,1024.7,1032.6,1,1027.5,2015,1029.4,9.8,5.4,1200,1.92,8.81,,,,,,,,1.7,-7.5,2.5,2.8,2.9,4.6,,,,,,,,,,
252,영광군,2015-12-31,3.3,.7,2233,6.1,1350,,,,,,2.5,9.2,320,1410,5.8,320,1324,2,1697,320,.3,60,1414,81.8,6.3,1026.6,1034.2,2236,1027.5,39,1031.3,9.8,5.6,1200,1.65,7.89,,,,,,,,3.6,-1,4.5,4.4,4.2,5.2,,,,,,,,,,
253,김해시,2015-12-27,4.6,.8,2353,9.1,1416,,,,,,,7,320,2335,4.7,290,1440,2.5,2156,320,-11.3,14,1714,34.6,2.9,1019.7,1030.6,2329,1023.3,1,1027.1,9.8,8,1200,.73,3.99,,,,,,,,5.4,-1.6,5.9,5.6,7.1,7.6,,,,,,,,,,
253,김해시,2015-12-28,.9,-2.6,659,5.4,1625,,,,,,,11.1,340,1024,6.2,320,1307,3.8,3246,320,-16.2,20,1627,27,1.8,1023.5,1033.1,2121,1029.4,1432,1031.1,9.8,9,1100,.79,4.53,,,,,,,,3,-3.3,4.1,4,5.9,6.5,,,,,,,,,,
253,김해시,2015-12-29,2,-1.9,737,7.8,1508,,,,,,,8.7,320,19,5.6,290,1216,3,2591,320,-14.8,13,1432,29.4,1.9,1024.8,1034.1,749,1030.7,1542,1032.3,9.8,9,1200,.77,4.52,,,,,,,,3.2,-3.6,3.6,3.4,5.1,5.8,,,,,,,,,,
253,김해시,2015-12-30,3.1,-1.9,714,9.5,1354,,,,,,,5.4,290,1124,3.6,320,1132,1.4,1252,320,-10.5,18,1352,37.8,2.8,1022.3,1032.4,749,1027.9,1455,1029.8,9.8,8.7,1200,1.54,8.54,,,,,,,,4.2,-3.6,4,3.6,5,5.6,,,,,,,,,,
253,김해시,2015-12-31,4.6,1,1,9.8,1455,,,,,,,9.5,340,1149,5.8,320,1230,2.1,1837,320,-6.9,25,1537,44.1,3.7,1022.5,1033.6,2305,1026.9,417,1029.9,9.8,8,1200,1.37,7.6,,,,,,,,5.1,-2,4.7,4.2,5.5,5.9,,,,,,,,,,
254,순창군,2015-12-27,-1.4,-5.8,2350,3.6,4,,,,,,,8.3,340,1636,5.3,270,1303,2.1,1824,290,-9.4,24,1341,57.4,3.1,1013.8,1033.8,2349,1024.6,3,1030,9.8,8.2,1200,2.2,13.25,,,,,,,,.2,-6.4,1.2,2.1,2.1,4.4,,,,,,,,,,
254,순창군,2015-12-28,-3,-6.9,219,1.7,1355,,,,,,,7.4,20,1308,4.4,270,1501,1.4,1184,270,-8.2,52,1430,68,3.3,1017.3,1034.9,2352,1032.6,1452,1033.7,9.8,5.9,1100,1.74,9.54,,,,,,,,-1,-7.2,-.1,.8,1.1,3.6,,,,,,,,,,
254,순창군,2015-12-29,-2.5,-8.2,742,4.8,1519,,,,,,,9.9,340,1223,6.5,340,1423,1.3,1126,270,-7.1,31,1222,75.4,3.6,1017.4,1036.1,744,1031.7,1454,1033.7,9.8,8.3,1100,2.23,13.82,,,,,,,,-1.2,-9.2,-.3,.5,.8,3.1,,,,,,,,,,
254,순창군,2015-12-30,-1,-7.7,748,6.9,1430,,,,,,0,4.2,270,2213,2.1,270,2115,.6,561,90,-4.7,41,1431,80,4.4,1014,1033.4,1,1027.9,1546,1030.2,9.8,6.8,1100,2.07,10.91,,,,,,,,-1,-9,-.2,.5,1.3,3.1,,,,,,,,,,
254,순창군,2015-12-31,1,-3.9,2359,6,1420,,,,,,1,9.3,320,1346,6.3,320,1351,1.6,1348,270,-2.2,46,1452,82.4,5.2,1015.5,1035,2338,1028.2,248,1031.7,9.8,6.7,1100,1.92,11.49,,,,,,,,1.9,-5.8,1.8,2.1,1.9,3.2,,,,,,,,,,
255,북창원,2015-12-27,3.2,-.6,2358,8.2,1430,,,,,,,6.1,340,1244,3.6,340,1233,1.6,1367,340,-8.1,20,1538,48.1,3.7,1020.6,1030.1,2330,1022.5,1,1026.5,9.8,7.8,1200,1.93,10.63,,,,,,,,3.1,-4.9,4.4,4.7,5.4,5.8,,,,,,,,,,
255,북창원,2015-12-28,-.2,-3.2,624,4.3,1545,,,,,,,10.9,320,935,4.8,340,1230,2.8,2392,340,-13.3,30,11,36.8,2.2,1024.7,1032.5,2117,1028.9,1501,1030.7,9.8,8.1,1100,2.03,11.77,,,,,,,,1.4,-8.4,2.8,3.3,4.4,5.1,,,,,,,,,,
255,북창원,2015-12-29,.8,-3.4,625,6.2,1415,,,,,,,6.7,340,1932,3.8,20,916,1.9,1622,340,-11.5,19,1526,40.8,2.5,1025.8,1033.7,745,1030.1,1511,1031.8,9.8,8.1,1200,2.03,11.69,,,,,,,,1.3,-8.3,2.1,2.5,3.5,4.2,,,,,,,,,,
255,북창원,2015-12-30,2.1,-3,744,7.8,1453,,,,,,,4.1,360,1345,2.3,360,1331,.8,654,290,-6.6,29,1616,54.4,3.7,1023.1,1031.8,755,1027,1517,1029,9.8,8.1,1200,1.96,11.16,,,,,,,,1.6,-8.6,1.8,2.2,3.1,3.7,,,,,,,,,,
255,북창원,2015-12-31,3.6,.1,214,7.8,1309,,,,,,,9.2,340,1343,5.2,340,1346,1.8,1573,340,-4.4,41,1413,56.5,4.4,1023.4,1032.9,2243,1026.4,431,1029.3,9.8,7.9,1200,1.78,9.91,,,,,,,,2.2,-6.3,2.4,2.7,3.2,3.6,,,,,,,,,,
257,양산시,2015-12-27,3,-1.4,721,9.8,1540,,,,,,,6.7,320,1315,3.8,320,1316,1.1,961,340,-8.2,21,1834,49.6,3.5,1025.7,1031,2324,1023.9,1,1027.6,9.8,8.2,1200,1.93,10.89,,,,,,,,2.9,-7.3,4.3,4.8,5.9,6.9,,,,,,,,,,
257,양산시,2015-12-28,1.3,-1.8,239,5.5,1548,,,,,,,9,320,1342,4.7,290,2134,2.5,2189,290,-14.4,22,606,30.3,2,1029.6,1033.3,2112,1029.9,1449,1031.5,9.8,8.3,1100,2.14,12.16,,,,,,,,1,-8.2,2.6,3.3,4.7,6,,,,,,,,,,
257,양산시,2015-12-29,1.8,-2.1,603,8.2,1358,,,,,,,5.3,230,1003,3.5,250,1023,1.7,1490,160,-12.8,20,1415,34.4,2.3,1030.7,1034.4,747,1031,1419,1032.6,9.8,8.2,1200,2.1,12.05,,,,,,,,1.2,-8.3,2.4,2.8,4,5.3,,,,,,,,,,
257,양산시,2015-12-30,1.2,-4.2,733,8.9,1526,,,,,,,5.6,250,1402,3.4,200,1442,1.2,1011,90,-8.8,27,1320,48.9,3.2,1028.5,1033.1,756,1028.3,1458,1030.3,9.8,8.2,1200,1.39,7.93,,,,,,,,1.1,-10.4,2.1,2.4,3.6,4.8,,,,,,,,,,
257,양산시,2015-12-31,3.4,-1.9,48,9.4,1428,,,,,,,8.8,320,1245,5.5,320,1253,1.7,1446,320,-5.2,33,1548,54.6,4.2,1028.6,1034.1,2317,1027.5,431,1030.4,9.8,8,1200,1.22,6.99,,,,,,,,2.1,-6.9,3,3.2,4,4.8,,,,,,,,,,
258,보성군,2015-12-27,2.4,-1.1,2211,6.5,1330,,,,,,,10.9,290,1601,7.4,320,1945,4.6,3995,290,-6,28,1545,55.5,4,1028.3,1032.4,2322,1023.7,58,1028.7,9.8,8.2,1300,1.94,10.62,,,,,,,,2.8,-3.1,4.9,5.6,6.7,7.4,,,,,,,,,,
258,보성군,2015-12-28,1.1,-1.9,407,5,1408,,,,,,,15.1,320,1211,10,320,1443,4.3,3720,290,-6.9,42,1431,55.8,3.7,1032.3,1034.2,2127,1031.2,516,1032.7,9.9,8.2,1200,2.03,11.46,,,,,,,,1.2,-5.5,3.3,4,5.6,6.5,,,,,,,,,,
258,보성군,2015-12-29,1.6,-2.5,645,7.7,1514,,,,,,,9.5,320,1216,6.8,290,1216,3.3,2821,250,-6.6,29,1155,57.1,3.8,1032.5,1034.7,840,1031,1445,1032.9,9.8,8.9,1200,1.84,11.57,,,,,,,,2,-7.6,3.2,3.9,5.1,5.9,,,,,,,,,,
258,보성군,2015-12-30,2,-4.8,709,8.5,1559,,,,,,,7.4,270,143,5.1,160,1409,2.1,1779,270,-3.6,41,1554,67.4,4.7,1029.5,1032.6,2,1027.9,1420,1029.9,9.9,7.2,1200,1.93,10.54,,,,,,,,2.6,-8.4,3.4,3.9,4.9,5.7,,,,,,,,,,
258,보성군,2015-12-31,3.8,-1.1,145,8.8,1327,,,,,,.6,11.6,320,1426,7.9,290,1433,3.2,2726,320,-1.9,37,1501,68.5,5.4,1030.5,1034.3,2252,1027.5,222,1030.9,9.9,6.2,1300,1.83,8.87,,,,,,,,3.3,-4.2,4.2,4.7,5.4,5.9,,,,,,,,,,
259,강진군,2015-12-27,2,-.7,2307,5.7,40,,,,,,,10.3,320,1548,6.1,320,1549,3.3,2856,340,-4.9,40,1405,60.6,4.3,1028,1032.9,2306,1024.4,1,1029.6,9.9,7.9,1300,2.02,12.83,,,,,,,,2.1,-5,4.3,4.9,5.9,7.1,,,,,,,,,,
259,강진군,2015-12-28,.9,-1.3,723,4.4,1441,,,,,,,10.4,340,1416,7.9,340,1202,2.6,2229,340,-5.2,53,1329,64.1,4.2,1031.8,1034.6,2127,1031.9,458,1033.4,9.9,3.9,1000,1.43,10.18,,,,,,,,1.2,-6,3,3.6,4.7,6.3,,,,,,,,,,
259,강진군,2015-12-29,1.1,-3.8,637,6.9,1438,,,,,,,8.4,270,1240,5.7,290,1242,1.9,1625,320,-4.2,38,1343,70.4,4.5,1031.8,1035.1,722,1031.8,1441,1033.4,9.9,7.5,1200,2.15,14.26,,,,,,,,1.9,-9.5,3.2,3.9,4.7,6,,,,,,,,,,
259,강진군,2015-12-30,2.2,-4.8,709,9.5,1504,,,,,,,7.2,250,1747,4.7,200,1439,1,896,320,-2.7,39,1531,73,5.1,1028.6,1033,1,1028.2,1411,1030.2,9.9,6.1,1000,1.8,12.06,,,,,,,,2.3,-10.4,3.1,3.5,4.4,5.6,,,,,,,,,,
259,강진군,2015-12-31,3.4,-2,2359,7.5,1553,,,,,,.2,8.9,360,1114,5.9,360,1253,2.2,1877,360,-.2,51,1619,78.9,6.1,1029.9,1034.7,2230,1027.7,125,1031.5,9.9,4.5,1200,1.29,8.57,,,,,,,,3.3,-7.8,4.3,4.8,5.3,6,,,,,,,,,,
260,장흥,2015-12-27,1.6,-1.8,2349,5.1,1338,,,,,,,10.6,340,1817,6.7,340,1820,3.3,2847,340,-5.4,31,1315,61.1,4.2,1023,1032.4,2329,1023.8,1,1028.7,9.8,8.6,,,,,,,,,,,1.9,-3.6,,,,,,,,,,,,,,
260,장흥,2015-12-28,.8,-1.9,8,4.9,1321,,,,,,0,11.2,320,1304,6.3,340,1312,2.7,2370,360,-5.3,49,1325,64.3,4.1,1026.8,1033.9,2118,1031,510,1032.6,9.9,6,,,,,,,,,,,1.9,-3.6,,,,,,,,,,,,,,
260,장흥,2015-12-29,0,-5.2,639,6.7,1531,,,,,,,8.4,320,1200,5.9,360,1215,1.6,1393,340,-4.8,40,1606,73.5,4.3,1027,1034.6,842,1030.9,1503,1032.8,9.9,8.8,,,,,,,,,,,-.7,-4.8,,,,,,,,,,,,,,
260,장흥,2015-12-30,1.8,-6.4,543,9.7,1459,,,,,,,6.5,250,1420,3.6,270,1345,.7,614,270,-3.4,38,1445,72.4,4.8,1023.9,1032.6,1,1027.4,1417,1029.6,9.9,7.5,,,,,,,,,,,2.7,-6,,,,,,,,,,,,,,
260,장흥,2015-12-31,3,-2.8,2354,7.5,1444,,,,,,.4,12.5,340,1326,6,340,1424,1.9,1655,360,-.5,52,1449,79.6,6,1024.9,1034.1,2244,1027.1,136,1030.6,9.9,4.8,,,,,,,,,,,3.2,-3.3,,,,,,,,,,,,,,
261,해남,2015-12-27,1.5,-.7,1851,5.4,34,,,,,,,12.7,360,1834,6.7,270,1459,3.3,2810,360,-4.3,51,1258,65.4,4.5,1027.3,1032.3,2304,1023.6,43,1029,9.9,8.9,,,,,,,,,,,1.7,-3.4,,,,,,,,,,,,,,
261,해남,2015-12-28,-.1,-2.9,746,3.5,1233,,,,,,0,11.5,320,1311,5.3,290,1312,1.5,1327,290,-4.3,57,1408,73.5,4.5,1031.1,1033.9,1907,1031.2,505,1032.8,9.9,2.2,,,,,,,,,,,.8,-8.1,,,,,,,,,,,,,,
261,해남,2015-12-29,-.6,-5.7,753,6.6,1504,,,,,,,10.3,270,1529,5.4,290,1517,1,900,290,-4.2,47,1402,78.4,4.5,1031.1,1034.4,715,1031,1456,1032.8,9.9,8.3,,,,,,,,,,,.9,-10.9,,,,,,,,,,,,,,
261,해남,2015-12-30,1.6,-6.3,553,9.1,1332,,,,,,0,6,250,1347,3.3,230,1356,.7,579,230,-2.3,42,1328,77.6,5.3,1027.7,1032.2,1,1027.6,2351,1029.4,9.9,6.4,,,,,,,,,,,1.3,-11.7,,,,,,,,,,,,,,
261,해남,2015-12-31,3,-3.3,2355,6.9,1411,,,,,,.6,10.3,320,1424,5.3,360,217,1.5,1305,20,.2,58,1631,83.4,6.3,1029.2,1034.1,2306,1026.9,123,1030.8,9.9,4.9,,,,,,,,,,,3.6,-8.1,,,,,,,,,,,,,,
262,고흥,2015-12-27,1.9,-1.7,2327,6.4,1436,,,,,,,8.8,270,1508,6,290,1302,2.8,2461,320,-5.1,29,1444,62.9,4.3,1021.2,1031.7,2343,1023.3,8,1027.9,9.9,7.7,,,,,,,,,,,3.1,-4.8,,,,,,,,,,,,,,
262,고흥,2015-12-28,.9,-2.3,2024,5.5,1439,,,,,,,10.8,320,1148,6.1,320,1150,2.8,2409,340,-5.8,46,1516,61.5,4,1025.4,1033.6,1941,1030.7,511,1032.1,9.9,7.7,,,,,,,,,,,1.9,-5.5,,,,,,,,,,,,,,
262,고흥,2015-12-29,1,-3.8,722,6.9,1415,,,,,,,8.2,290,1426,5.8,290,1450,1.8,1563,340,-5.2,35,1137,65.6,4.2,1025.6,1034.1,754,1030.4,1436,1032.3,9.9,7.9,,,,,,,,,,,2.2,-6.7,,,,,,,,,,,,,,
262,고흥,2015-12-30,1.2,-6.1,747,8.4,1600,,,,,,,4.7,290,1237,3,270,1307,.7,583,340,-2.9,39,1240,77.6,5,1022.7,1032.2,1,1027.6,1507,1029.5,9.9,7.6,,,,,,,,,,,2.5,-7.4,,,,,,,,,,,,,,
262,고흥,2015-12-31,3.3,-2.4,2353,8.6,1446,,,,,,0,8.1,320,1303,5.7,320,1310,1.6,1385,340,-.9,42,1518,76.4,5.8,1023.6,1033.9,2305,1027,147,1030.3,9.9,7,,,,,,,,,,,3.6,-5.7,,,,,,,,,,,,,,
263,의령군,2015-12-27,.7,-5.6,2356,9.5,1505,,,,,,,5.1,20,1611,4.2,50,1605,.8,700,50,-7,25,1557,62.3,3.8,1025.3,1030.9,2316,1022.9,1,1027.1,9.8,7.5,1200,1.88,10.49,,,,,,,,2.8,-11.7,5.2,5.4,6.8,7.3,,,,,,,,,,
263,의령군,2015-12-28,-2.5,-8.2,737,6.9,1351,,,,,,,6.5,270,1510,5.7,270,1517,1,885,290,-10.3,28,1352,57.9,2.8,1029.6,1033.4,2344,1029.2,1343,1031.4,9.8,8.6,1200,1.96,12.1,,,,,,,,.9,-14,3.3,3.5,5.6,6.2,,,,,,,,,,
263,의령군,2015-12-29,-2.1,-8.6,646,6.9,1348,,,,,,,2.7,90,1427,2.1,70,1416,.7,581,90,-9.6,25,1341,60.9,3,1030.6,1034.5,729,1030.3,1500,1032.4,9.8,8.6,1100,2.03,12.25,,,,,,,,.3,-13.1,2.6,2.7,4.7,5.4,,,,,,,,,,
263,의령군,2015-12-30,-.9,-7.9,705,8.7,1522,,,,,,,2.7,230,1949,2.2,270,1911,.6,552,110,-7.1,31,1521,66.1,3.6,1027.8,1032.5,1,1027.3,1507,1029.6,9.8,8.5,1100,1.95,11.42,,,,,,,,.8,-11.8,2.6,2.6,4.3,4.9,,,,,,,,,,
263,의령군,2015-12-31,1.3,-3.7,2333,9.7,1424,,,,,,,7.3,290,1340,5.8,290,1349,1.1,959,290,-4.8,32,1512,66.8,4.3,1028.1,1033.4,2237,1026.9,505,1029.9,9.8,8.1,1300,1.6,9.78,,,,,,,,2.6,-9.2,3.7,3.6,4.5,5,,,,,,,,,,
264,함양군,2015-12-27,.8,-2.5,2336,5.7,1302,,,,,,,8.4,230,1528,5.7,250,1528,2.4,2085,250,-8.3,23,1515,56.4,3.5,1009,1032,2331,1023.8,1,1028.1,9.8,8.2,1200,1.98,11.37,,,,,,,,.6,-5.8,3.2,2.6,4,4.9,,,,,,,,,,
264,함양군,2015-12-28,-.8,-4.3,2353,2.8,1434,,,,,,,9.3,250,332,5.3,250,314,2.8,2433,250,-8.5,36,245,57,3.3,1013,1034,2327,1030.4,1535,1032.3,9.8,7.9,1100,1.81,10.37,,,,,,,,-1,-7,1.8,1.1,3,4.2,,,,,,,,,,
264,함양군,2015-12-29,-1,-6.1,2342,6.5,1327,,,,,,,7.7,200,1447,4.7,230,1452,1.5,1320,250,-8.1,25,1314,63.5,3.4,1013.5,1034.6,251,1030.4,1423,1032.8,9.8,8.2,1200,2.08,12,,,,,,,,-1.2,-8.3,1.3,.7,2.4,3.6,,,,,,,,,,
264,함양군,2015-12-30,-.7,-7.9,415,9,1403,,,,,,.3,7.7,200,1530,4.4,230,1539,.6,528,230,-5.3,30,1313,73.9,4.2,1010.7,1033.5,1,1026.7,1451,1029.9,9.8,7.5,1100,2.09,10.84,,,,,,,,-1.1,-10.6,1,.5,2.1,3.3,,,,,,,,,,
264,함양군,2015-12-31,1.8,-3.6,2325,7,1451,,,,,,.5,7.8,250,1332,4.9,250,1337,1.4,1239,250,-1.7,51,1427,79,5.4,1011.6,1034.2,2335,1027.5,456,1030.6,9.8,7.5,1300,1.54,8.72,,,,,,,,1,-6,1.7,1.1,2.3,3.2,,,,,,,,,,
266,광양시,2015-12-27,3.2,-1.6,2345,8.2,1411,,,,,,,7.2,290,1832,6.3,290,1835,3.1,2720,290,-6.8,22,1334,50.3,3.9,1016.1,1030,2358,1022.4,3,1026.3,9.8,8.8,1200,1.96,11.01,,,,,,,,4,-1.8,4,4.8,6,6.6,,,,,,,,,,
266,광양시,2015-12-28,.6,-2,527,5.1,1319,,,,,,,9.2,270,1207,6.8,290,1215,3.5,2998,290,-7.2,37,258,56.5,3.6,1020.3,1032.7,2206,1029,1255,1030.7,9.8,9.1,1200,2.07,11.98,,,,,,,,2.2,-2.8,2.3,3.2,4.7,5.7,,,,,,,,,,
266,광양시,2015-12-29,2.2,-2.4,758,7.6,1436,,,,,,,5.2,270,1552,4.3,270,1553,1.5,1321,290,-7.1,28,1437,52,3.6,1021,1033.1,848,1029.2,1507,1031.3,9.8,9.1,1100,1.9,11.38,,,,,,,,3.3,-3.3,2.3,3,4.2,4.9,,,,,,,,,,
266,광양시,2015-12-30,3.9,-1.2,643,8.4,1323,,,,,,,3.9,230,1526,3.3,230,1534,.8,656,140,-3.9,31,1331,56.9,4.6,1018.5,1031.2,1,1026.5,1453,1028.7,9.9,8.2,1200,2.01,11.43,,,,,,,,4.4,-3.1,3,3.3,4.2,4.8,,,,,,,,,,
266,광양시,2015-12-31,4.6,1.5,2353,8.6,1445,,,,,,,7.9,270,1137,6.5,270,1326,2.5,2140,290,-1.1,41,1601,68,5.7,1018.9,1032.6,2239,1026.1,219,1029.1,9.8,8.8,1200,1.92,11.22,,,,,,,,4.7,-.5,4,4.3,5,5.2,,,,,,,,,,
268,진도군,2015-12-27,3.2,1.5,1717,6.8,3,,,,,,,11.6,360,2051,7,360,1837,5.2,4522,20,-2.1,59,1338,68.1,5.3,1028.2,1032.2,2309,1023.5,1,1028.9,9.9,7,,,,,,,,,,,3.8,-.5,,,,,,,,,,,,,,
268,진도군,2015-12-28,2.6,1.3,2051,4.2,1331,,,,,,,10.3,360,406,6.5,20,206,3.7,3227,20,-1.9,58,1328,72.8,5.4,1031.8,1033.5,2359,1030.9,508,1032.5,9.9,.1,,,,,,,,,,,2.3,-.9,,,,,,,,,,,,,,
268,진도군,2015-12-29,1.6,-2.9,754,6.5,1335,,,,,,,8.2,360,1212,4.1,360,1229,1.6,1376,110,-1.6,54,1220,80.8,5.4,1031.6,1034,745,1031,1942,1032.3,9.9,5.8,,,,,,,,,,,1.2,-7.4,,,,,,,,,,,,,,
268,진도군,2015-12-30,4,-2.8,338,9.6,1430,,,,,,,5.7,270,1437,4,250,1451,.9,777,250,.1,52,1205,78.1,6.2,1028.1,1031.5,1,1027.1,2350,1028.8,9.9,4.4,,,,,,,,,,,3.8,-6.7,,,,,,,,,,,,,,
268,진도군,2015-12-31,5.7,.4,2326,8.7,51,,,,,,0,8.9,50,1349,6,20,1354,3.1,2712,20,2.3,67,103,79.3,7.3,1029.8,1033.6,2238,1026.6,130,1030.5,9.9,4.1,,,,,,,,,,,5.9,-3.7,,,,,,,,,,,,,,
271,봉화,2015-12-27,-4.2,-9.1,2348,3,1451,,,,,,,5.4,200,1318,3.1,160,1214,1,841,200,-11.5,14,1240,63.9,2.6,986.9,1031.6,2348,1023.8,23,1027.8,9.6,8,,,,,,,,,,,-1.2,-11.3,,,,,,,,,,,,,,
271,봉화,2015-12-28,-7.2,-12.8,753,.1,1454,,,,,,,9.2,320,1351,5.8,340,1322,1.8,1568,160,-19.6,11,1426,45.4,1.4,989.8,1033.9,2329,1028.3,1407,1031.3,9.7,8.4,,,,,,,,,,,-3.3,-13.8,,,,,,,,,,,,,,
271,봉화,2015-12-29,-4.9,-12.8,755,2.5,1334,,,,,,,7.5,340,1400,4.5,340,1400,1.7,1438,320,-19,11,1344,36.8,1.4,991.3,1035.3,752,1029.8,1319,1032.6,9.7,8.3,,,,,,,,,,,-4,-14.2,,,,,,,,,,,,,,
271,봉화,2015-12-30,-4.4,-12.6,736,5.7,1429,,,,,,0,5.5,230,1358,2.9,180,1339,.9,801,340,-11.9,25,1458,60.1,2.5,989.2,1034.3,741,1026.8,1538,1030.3,9.7,8.3,,,,,,,,,,,-3,-13.6,,,,,,,,,,,,,,
271,봉화,2015-12-31,-1.2,-6.6,2315,5.3,1345,,,,,,0,8.7,320,1230,4.4,320,1244,1.2,1059,160,-5.7,43,1351,73.6,4,989.1,1033.7,2306,1026.7,444,1029.7,9.7,5.7,,,,,,,,,,,-.6,-9.8,,,,,,,,,,,,,,
272,영주,2015-12-27,-1.1,-4.9,2354,2.9,1311,,,,,,,10.2,320,2041,7.5,320,2042,5.1,4389,320,-14.4,10,1324,39.1,2.2,1001.3,1031.3,2332,1023.2,37,1028,9.7,8.4,,,,,,,,,,,-.6,-5.6,,,,,,,,,,,,,,
272,영주,2015-12-28,-4.2,-7.2,652,-1.1,1405,,,,,,,13.6,320,1604,8.4,290,1146,5.9,5076,290,-20.6,15,1351,28,1.2,1004.3,1033.1,2319,1029.9,1335,1031.4,9.7,8.4,,,,,,,,,,,-3.7,-7.6,,,,,,,,,,,,,,
272,영주,2015-12-29,-3.4,-10.2,759,2.2,1329,,,,,,,11.5,320,1406,7.5,320,122,3.3,2836,320,-16.3,13,1254,38,1.8,1005.7,1035.1,733,1030.9,1423,1032.8,9.7,8.4,,,,,,,,,,,-2.9,-12.3,,,,,,,,,,,,,,
272,영주,2015-12-30,-2.6,-10.1,612,5.6,1451,,,,,,0,4,140,1523,3.2,320,329,1.5,1298,140,-9.9,30,1510,60.6,2.9,1003.1,1033.5,751,1027.2,1619,1030.1,9.7,8.3,,,,,,,,,,,-1.5,-12.1,,,,,,,,,,,,,,
272,영주,2015-12-31,-.1,-4.5,2245,4.3,1321,,,,,,,9.8,290,1448,6.4,320,1455,2.1,1784,290,-3.5,57,1640,78.8,4.8,1003.5,1033.6,2242,1027.2,450,1030.1,9.7,2.8,,,,,,,,,,,.1,-8.6,,,,,,,,,,,,,,
273,문경,2015-12-27,-2.1,-6.6,2400,1.8,1329,,,,,,,8.2,320,1915,5,290,1903,2.5,2160,290,-16.9,12,1324,34.8,1.8,1006.9,1032.2,2336,1023.8,2,1028.7,9.7,7.8,,,,,,,,,,,-.1,-10.4,,,,,,,,,,,,,,
273,문경,2015-12-28,-3.9,-7.3,233,-.5,1441,,,,,,,11,340,1023,5.6,320,1008,3.5,3064,290,-22.4,16,1455,22.8,1,1010.1,1033.6,2343,1030.5,1421,1032.1,9.7,8,,,,,,,,,,,-3.1,-11.2,,,,,,,,,,,,,,
273,문경,2015-12-29,-3,-8.1,801,2.6,1527,,,,,,,8.3,320,1241,5.3,320,1247,1.7,1479,320,-16.1,16,1125,38.5,1.8,1011.1,1034.8,720,1031.3,1500,1033,9.7,7.9,,,,,,,,,,,-2.1,-12.2,,,,,,,,,,,,,,
273,문경,2015-12-30,-2.2,-8.7,741,5,1453,,,,,,.5,3.8,90,1340,2.4,90,1121,1.2,1038,290,-9.2,29,1545,61.6,3.1,1008.2,1033,638,1027.4,1553,1030.1,9.7,7.8,,,,,,,,,,,-.5,-10.6,,,,,,,,,,,,,,
273,문경,2015-12-31,-.1,-2.5,707,3.7,1421,,,,,,,9.2,320,1426,4.4,290,1510,1.4,1227,290,-5.2,46,1542,70.3,4.2,1008.9,1033.9,2305,1027.4,342,1030.6,9.7,.9,,,,,,,,,,,1.5,-7.1,,,,,,,,,,,,,,
276,청송군,2015-12-27,-2.8,-8.5,2353,4,1410,,,,,,,4.1,270,1222,3.3,230,1322,.7,628,250,-12.4,13,1559,55.1,2.6,1001.8,1031.9,2337,1023.7,1,1028.1,9.7,7,1200,1.75,9.92,,,,,,,,-1.8,-12.8,-.7,.2,1.6,2.8,,,,,,,,,,
276,청송군,2015-12-28,-4.6,-10.1,242,1.3,1359,,,,,,,8.5,250,1644,5.7,230,1333,2.1,1825,250,-20.1,11,1437,32.9,1.3,1004.8,1033.3,2358,1028.7,1406,1031.4,9.7,7.3,1200,1.88,10.43,,,,,,,,-5,-14.3,-3.2,-1.4,.5,1.9,,,,,,,,,,
276,청송군,2015-12-29,-5.6,-12.6,736,4.2,1416,,,,,,,5.5,230,1200,4,250,1115,.9,755,250,-16.6,13,1452,47.4,1.7,1006.4,1035.6,757,1030.1,1414,1033.1,9.7,7.3,1200,1.98,10.59,,,,,,,,-4.6,-16,-3.2,-1.9,-.1,1.2,,,,,,,,,,
276,청송군,2015-12-30,-3.6,-11.7,643,6.2,1457,,,,,,,3.6,320,1449,2.5,320,1412,.4,319,290,-10.8,29,1423,60.8,2.7,1003.8,1034,643,1027.1,1539,1030.3,9.7,7.3,1200,1.76,10.32,,,,,,,,-3.3,-15,-2.7,-2,-.4,.8,,,,,,,,,,
276,청송군,2015-12-31,-.8,-6.3,2350,5.4,1415,,,,,,0,5.2,250,1209,4,270,1212,.9,809,270,-5.6,46,1416,71.3,4.1,1004,1034.2,2339,1027.2,431,1030.2,9.7,2.1,1200,1.21,5.93,,,,,,,,-.8,-11.5,-1.3,-1.2,-.2,.7,,,,,,,,,,
277,영덕,2015-12-27,.9,-2.2,529,6.1,1319,,,,,,,7.2,50,1543,5.1,20,1543,1.8,1519,50,-8.4,22,2206,53.8,3.5,1021.8,1029.5,2053,1022.9,1,1027.1,9.7,6.1,,,,,,,,,,,.9,-7,,,,,,,,,,,,,,
277,영덕,2015-12-28,-1.6,-4.8,709,2.8,1447,,,,,,,14.2,290,644,7.8,290,1458,4.1,3550,290,-22.5,8,1512,19.8,1,1024.1,1031.5,2324,1027.7,1408,1029.6,9.7,8.2,,,,,,,,,,,-1.6,-8.2,,,,,,,,,,,,,,
277,영덕,2015-12-29,0,-3.9,351,4.8,1432,,,,,,,13.5,290,1015,8.5,290,1015,4,3448,270,-19.6,14,1427,21.6,1.3,1025.6,1032.5,809,1029,1403,1031,9.7,8.3,,,,,,,,,,,-1.6,-7.3,,,,,,,,,,,,,,
277,영덕,2015-12-30,2.2,-2.9,711,9.5,1405,,,,,,,6.8,290,21,3.3,140,1522,1.9,1678,180,-10.2,20,1123,40.9,2.9,1023.4,1031.4,731,1026.4,2357,1028.7,9.7,8.1,,,,,,,,,,,.9,-6,,,,,,,,,,,,,,
277,영덕,2015-12-31,3.8,1,527,7.9,1404,,,,,,,10.6,290,1420,5.9,320,726,3.4,2907,270,-4,40,1437,57.6,4.6,1023.5,1032.2,2317,1025.5,447,1028.8,9.7,7.9,,,,,,,,,,,2.5,-3.1,,,,,,,,,,,,,,
278,의성,2015-12-27,-3.4,-10.1,2340,4.7,1510,,,,,,,6.2,270,1406,3.2,270,1421,1,856,360,-13,10,1445,59,2.5,1017.9,1032.3,2339,1023.9,8,1028.5,9.7,8.2,,,,,,,,,,,-2.2,-15.1,,,,,,,,,,,,,,
278,의성,2015-12-28,-6.5,-13,717,1.7,1424,,,,,,,9.9,230,1141,5.4,290,1416,1.8,1515,290,-17.4,12,1451,51.4,1.6,1021.6,1034.3,2357,1030.2,1331,1032.3,9.7,8.3,,,,,,,,,,,-5.7,-17.7,,,,,,,,,,,,,,
278,의성,2015-12-29,-6.1,-13.7,740,4.7,1513,,,,,,,6.4,250,1450,3.5,290,1614,1,850,290,-15.3,12,1346,55.8,1.9,1022.7,1035.6,757,1031,1359,1033.4,9.7,8.3,,,,,,,,,,,-5.1,-17.8,,,,,,,,,,,,,,
278,의성,2015-12-30,-3.1,-11.7,627,7.8,1508,,,,,,,4.8,20,111,1.9,270,1452,.5,467,320,-10.1,26,1443,63.4,2.9,1019.6,1033.4,641,1027.2,1536,1030.1,9.7,7.6,,,,,,,,,,,-2.8,-15.8,,,,,,,,,,,,,,
278,의성,2015-12-31,-.5,-6.8,2350,7,1341,,,,,,,7.7,270,1317,4,290,1319,1.1,983,290,-5.1,40,1512,73.9,4.2,1020,1034.2,2302,1027.4,502,1030.5,9.7,0,,,,,,,,,,,-.4,-12.5,,,,,,,,,,,,,,
279,구미,2015-12-27,1.1,-2.2,2351,4.5,1310,,,,,,,6.3,340,1223,3.9,320,1107,1.9,1644,290,-14,6,1541,36.6,2.4,1022.2,1031.9,2331,1023.7,1,1028.4,9.7,7.2,,,,,,,,,,,1.2,-6.3,,,,,,,,,,,,,,
279,구미,2015-12-28,-1.2,-4.3,729,2.6,1402,,,,,,,8.5,270,1529,4.9,270,1538,2.5,2200,290,-11.7,24,1727,45.8,2.5,1025.9,1033.7,2359,1030.5,1411,1032.2,9.7,7.2,,,,,,,,,,,-1,-6.4,,,,,,,,,,,,,,
279,구미,2015-12-29,-.5,-5.5,616,4.7,1518,,,,,,,7.5,320,1151,3.4,270,1339,1.5,1264,270,-9.1,27,1139,55.6,3.1,1026.7,1034.8,1013,1031.5,1350,1033,9.7,7.2,,,,,,,,,,,-.9,-9.7,,,,,,,,,,,,,,
279,구미,2015-12-30,0,-5.8,743,6.9,1410,,,,,,.1,2.7,90,1457,1.7,270,1943,.6,484,270,-4.3,40,1412,75,4.5,1023.5,1032.7,823,1027.3,1548,1029.8,9.7,7.2,,,,,,,,,,,.2,-10,,,,,,,,,,,,,,
279,구미,2015-12-31,1.1,-2.7,2304,5.8,1352,,,,,,0,7.6,340,1116,3.2,290,1117,1.1,932,290,-1.9,52,1551,82.4,5.3,1024.3,1033.8,2310,1027.3,412,1030.5,9.8,3.2,,,,,,,,,,,.7,-7.4,,,,,,,,,,,,,,
281,영천,2015-12-27,.7,-3.1,707,5.5,1205,,,,,,,8.9,340,1944,4.3,320,1003,2.3,1981,320,-14.3,12,1543,37.5,2.3,1015.6,1031,2342,1022.8,9,1027.5,9.7,7.4,,,,,,,,,,,1.6,-12.4,,,,,,,,,,,,,,
281,영천,2015-12-28,-1.8,-5.1,710,2.5,1405,,,,,,,12.1,290,1248,6.8,290,1145,3.8,3292,290,-16.1,23,1555,33.3,1.8,1019.2,1033,2355,1029.2,1412,1031.2,9.7,7.6,,,,,,,,,,,-.9,-11,,,,,,,,,,,,,,
281,영천,2015-12-29,-.8,-4.5,553,5.6,1448,,,,,,,8.3,290,1033,5.2,290,1041,2.6,2282,290,-14.4,15,1420,38,2.1,1020.4,1034.1,849,1030.4,1420,1032.4,9.7,7.6,,,,,,,,,,,.2,-15.9,,,,,,,,,,,,,,
281,영천,2015-12-30,-1.5,-8.8,618,8.2,1510,,,,,,,3.3,230,1412,1.8,230,1351,.7,570,70,-9,23,1601,59.4,3.1,1017.6,1032.5,653,1027,1613,1029.6,9.8,7.6,,,,,,,,,,,.3,-17.4,,,,,,,,,,,,,,
281,영천,2015-12-31,.6,-4.7,742,7.3,1514,,,,,,,9.3,290,1047,5.7,290,1139,1.5,1339,290,-5.7,40,1448,64.5,4,1018,1033.5,2357,1027,417,1029.9,9.8,4.8,,,,,,,,,,,1.3,-13.6,,,,,,,,,,,,,,
283,경주시,2015-12-27,1.3,-2.8,644,6.6,1421,,,,,,,9.5,340,1259,5.6,320,1307,2.9,2483,320,-13.5,11,1314,40.1,2.5,1022.5,1030.8,2346,1023.1,1,1027.3,9.7,8.2,1200,1.85,10.31,,,,,,,,-.3,-5.3,2.6,3.1,4.6,5.1,,,,,,,,,,
283,경주시,2015-12-28,-1,-4.3,716,3.3,1433,,,,,,,12.6,290,1213,6.2,290,441,3.8,3311,320,-16.4,21,1511,30.4,1.7,1025.9,1032.4,2338,1028.6,1417,1030.8,9.8,8.4,1200,1.82,10.3,,,,,,,,-2.7,-6.7,1,1.6,3.5,4.3,,,,,,,,,,
283,경주시,2015-12-29,-.5,-4.9,2346,5.6,1521,,,,,,,11,320,624,7.3,290,308,3.1,2711,320,-14.1,16,1454,38.1,2.1,1027.1,1033.7,728,1030.2,1418,1032,9.8,8.3,1100,1.67,9.93,,,,,,,,-2.2,-7.4,.7,1.2,2.9,3.5,,,,,,,,,,
283,경주시,2015-12-30,-.1,-5.9,337,9.1,1412,,,,,,,5.6,250,1552,3.7,250,1559,1.5,1338,180,-7.9,22,1328,59.8,3.4,1024.4,1032,748,1026.9,1452,1029.3,9.8,8.2,1200,1.8,9.81,,,,,,,,-1.8,-8.6,.7,1,2.6,3.2,,,,,,,,,,
283,경주시,2015-12-31,1.7,-3.6,544,7.3,1441,,,,,,,11,340,1203,6.4,320,1208,2.9,2520,290,-4.7,43,1308,64.1,4.3,1024.8,1033.1,2304,1026.5,508,1029.6,9.8,7.6,1300,1.55,8.55,,,,,,,,.8,-5.5,1.6,1.7,2.9,3.3,,,,,,,,,,
284,거창,2015-12-27,-.5,-4.8,2210,6.8,1413,,,,,,,6.5,230,1535,4.2,230,1542,.9,756,230,-8.8,14,1316,61,3.4,998.8,1031.3,2310,1023.4,1,1027.3,9.8,8.6,,,,,,,,,,,.8,-7.4,,,,,,,,,,,,,,
284,거창,2015-12-28,-2.8,-8.8,637,2.5,1512,,,,,,,8.9,340,1244,5.7,340,1323,1.5,1332,320,-11.2,25,1609,54.5,2.6,1002.6,1033.2,2209,1029.7,1408,1031.5,9.8,9,,,,,,,,,,,-2,-9.9,,,,,,,,,,,,,,
284,거창,2015-12-29,-2.3,-8.9,719,5.3,1452,,,,,,,6.1,20,1546,4,360,1610,1.2,1073,270,-10.9,13,1353,60.1,2.8,1003.6,1034.8,805,1029.7,1513,1032.5,9.8,9,,,,,,,,,,,-1.9,-9.8,,,,,,,,,,,,,,
284,거창,2015-12-30,-.8,-8.8,610,7.6,1444,,,,,,0,4.4,20,1331,2.5,250,1652,.6,548,250,-6.1,25,1439,73,3.9,1000.8,1033,745,1025.9,1512,1029.4,9.8,8.4,,,,,,,,,,,-1.1,-9.6,,,,,,,,,,,,,,
284,거창,2015-12-31,.2,-4.7,2326,6.4,1400,,,,,,1.1,6.3,360,1544,4.4,360,1546,.8,693,270,-2.5,41,1447,84.4,5.1,1001.7,1034,2326,1027.3,405,1030.2,9.8,6,,,,,,,,,,,1.2,-6.8,,,,,,,,,,,,,,
285,합천,2015-12-27,-.4,-5.8,2357,7.7,1404,,,,,,,7.6,20,1525,5,20,1531,1.1,937,50,-8.6,20,1549,60.8,3.4,1023.5,1031.4,2324,1023.3,1,1027.7,9.8,8,,,,,,,,,,,1,-7.7,,,,,,,,,,,,,,
285,합천,2015-12-28,-2.8,-8.5,635,4.7,1449,,,,,,,7.8,320,1320,4.2,320,1343,1.3,1082,320,-12,23,1528,54.1,2.5,1027.6,1033.5,2355,1029.9,1358,1031.9,9.8,8.1,,,,,,,,,,,-1.4,-9.2,,,,,,,,,,,,,,
285,합천,2015-12-29,-2.5,-8.8,723,6.6,1459,,,,,,,4.9,50,1554,3.4,50,1556,1,822,70,-10.9,20,1448,58.9,2.7,1028.6,1035.1,836,1030.5,1418,1032.9,9.8,8.1,,,,,,,,,,,-1.2,-10,,,,,,,,,,,,,,
285,합천,2015-12-30,-1.1,-8.1,721,8.9,1534,,,,,,,3.4,90,1634,1.8,50,1616,.6,561,200,-8.2,22,1501,63.1,3.3,1025.6,1033,4,1027,1514,1029.8,9.8,7.9,,,,,,,,,,,-.5,-9.8,,,,,,,,,,,,,,
285,합천,2015-12-31,.6,-4.2,2400,8.4,1356,,,,,,0,8.5,320,1418,4.2,290,1425,1,841,230,-5.6,25,1457,67.8,4.1,1026.1,1033.9,2236,1027.3,421,1030.3,9.8,8.1,,,,,,,,,,,1.5,-6.2,,,,,,,,,,,,,,
288,밀양,2015-12-27,1.3,-3.7,2337,9.2,1351,,,,,,,5.3,290,1244,2.9,290,1320,.9,795,290,-8.4,11,1543,59.4,3.6,1025.4,1030.5,2326,1022.8,1,1026.9,9.8,7.6,,,,,,,,,,,-.5,-10.3,,,,,,,,,,,,,,
288,밀양,2015-12-28,-.7,-5.8,310,5.6,1441,,,,,,,7.1,290,1420,3.7,290,1145,1.5,1290,290,-12.4,22,1406,44.1,2.4,1029.5,1032.8,2341,1029,1355,1031,9.8,7.8,,,,,,,,,,,-3.2,-12.6,,,,,,,,,,,,,,
288,밀양,2015-12-29,-.3,-6.5,608,8.1,1456,,,,,,,4.2,70,1408,2.4,70,1358,.8,672,290,-11.1,13,1430,51.6,2.7,1030.6,1034,738,1030.1,1405,1032.1,9.8,7.7,,,,,,,,,,,-3.1,-12.8,,,,,,,,,,,,,,
288,밀양,2015-12-30,-.1,-6,706,8.5,1402,,,,,,,2.8,70,1416,1.9,290,1624,.5,472,290,-7.1,24,1417,63.5,3.6,1027.9,1032,738,1027.1,1559,1029.4,9.8,7.6,,,,,,,,,,,-2.4,-11.7,,,,,,,,,,,,,,
288,밀양,2015-12-31,2.8,-2.6,1,9,1452,,,,,,,8.5,290,1216,4.9,290,1219,1.3,1127,290,-4.9,32,1448,59,4.2,1028.3,1033.3,2318,1026.8,438,1029.7,9.8,7.5,,,,,,,,,,,.1,-8.8,,,,,,,,,,,,,,
289,산청,2015-12-27,1.6,-1.9,2359,6.5,1331,,,,,,,8.9,290,1447,5.1,290,1449,2.3,2013,320,-13.4,11,1243,37.5,2.5,1010.2,1031.3,2244,1023.3,1,1027.6,9.8,7.2,,,,,,,,,,,1.4,-5.1,,,,,,,,,,,,,,
289,산청,2015-12-28,-.1,-2.6,220,2.9,1519,,,,,,,12.1,320,1000,6.7,290,1141,3.9,3347,320,-13.6,13,335,35.8,2.2,1014.1,1033.5,2332,1030.1,1546,1031.7,9.8,7.2,,,,,,,,,,,-.7,-4.9,,,,,,,,,,,,,,
289,산청,2015-12-29,.7,-3.6,2400,6.3,1407,,,,,,,8.9,340,1132,5.7,340,1139,2.4,2095,340,-13.9,12,1227,35.8,2.2,1014.8,1034.1,753,1030.1,1420,1032.3,9.8,7.3,,,,,,,,,,,-.6,-7.7,,,,,,,,,,,,,,
289,산청,2015-12-30,-.2,-7.4,725,8.5,1428,,,,,,,8.7,230,1546,4.7,250,1553,.8,732,180,-9,19,1341,55.9,3.1,1012.2,1033.1,718,1026.6,1512,1029.8,9.8,7.2,,,,,,,,,,,-.2,-9.8,,,,,,,,,,,,,,
289,산청,2015-12-31,2.1,-2.8,2400,6.7,1504,,,,,,.3,9.8,290,1203,6.3,270,1221,2,1764,290,-5.5,32,1538,60,4.2,1012.9,1034,2327,1027.3,514,1030.3,9.8,7.1,,,,,,,,,,,1.9,-7.3,,,,,,,,,,,,,,
294,거제,2015-12-27,4.7,1.7,2357,9.3,1433,,,,,,,5.7,270,2220,3.3,320,1233,1.2,1055,290,-6.4,22,1517,48.8,4.1,1020.5,1029.8,2255,1022.9,1,1026.3,9.8,7.1,,,,,,,,,,,3.8,-3.6,,,,,,,,,,,,,,
294,거제,2015-12-28,1.9,-1,700,6,1513,,,,,,,8.6,320,1610,5,290,1601,2.9,2536,290,-12.1,25,1531,34.6,2.4,1024.8,1032.7,2325,1029.2,1429,1030.7,9.8,7.2,,,,,,,,,,,4,-3.7,,,,,,,,,,,,,,
294,거제,2015-12-29,2.1,-.9,730,7.5,1418,,,,,,,6.9,320,326,4.4,290,330,1.7,1469,290,-10.6,15,1507,40.3,2.8,1026,1033.6,926,1030.5,1412,1031.9,9.8,7.2,,,,,,,,,,,3.6,-6.4,,,,,,,,,,,,,,
294,거제,2015-12-30,2.9,-1.8,622,8.6,1406,,,,,,,4.5,320,1212,2.8,340,1219,.8,682,290,-6.5,26,1404,52.5,3.8,1023.4,1031.7,1,1027.4,1439,1029.2,9.8,6.1,,,,,,,,,,,3.3,-7.3,,,,,,,,,,,,,,
294,거제,2015-12-31,5.3,1.5,413,9.7,1445,,,,,,,8.4,320,1223,4.5,320,1229,1.4,1246,320,-3.2,35,1647,55.6,4.8,1023.5,1033.2,2257,1026.4,419,1029.3,9.9,7.2,,,,,,,,,,,4,-4,,,,,,,,,,,,,,
295,남해,2015-12-27,3.9,-1.7,2336,8.6,1320,,,,,,,4.4,250,1407,2.4,270,1354,1.1,971,270,-7.4,14,1459,48.4,3.8,1021.1,1030.5,2340,1022.9,115,1026.7,9.8,7.8,,,,,,,,,,,3.2,-8.6,,,,,,,,,,,,,,
295,남해,2015-12-28,.9,-4.5,639,6.1,1345,,,,,,,5.7,290,1532,3.8,290,1540,1.3,1155,290,-9,33,1346,48.4,3.1,1025.4,1033.1,2122,1029.5,1330,1031.2,9.8,8,,,,,,,,,,,.6,-10.1,,,,,,,,,,,,,,
295,남해,2015-12-29,1.2,-3.1,702,7.2,1547,,,,,,,5.1,320,25,2.9,320,25,1,854,250,-8.2,28,1546,50.9,3.3,1026.4,1034,903,1030.4,1431,1032.1,9.8,7.9,,,,,,,,,,,.9,-10.3,,,,,,,,,,,,,,
295,남해,2015-12-30,3.2,-2.2,737,7.9,1528,,,,,,,3.2,230,1734,1.6,230,1738,.9,809,250,-5.8,27,1435,53.1,4,1023.8,1032,1,1027.6,1429,1029.5,9.9,7.9,,,,,,,,,,,1.8,-8.5,,,,,,,,,,,,,,
295,남해,2015-12-31,4,.9,818,9.5,1404,,,,,,,5.3,270,1326,2.9,320,1349,1.1,926,250,-2.9,31,1417,63,5,1024.1,1033.3,2233,1026.7,352,1029.7,9.9,7.9,,,,,,,,,,,2.6,-5.9,,,,,,,,,,,,,,
