시도,시군구,시설명,주소,전화번호,팩스번호,홈페이지 주소,주차대수,공-사설 구분,허가면적,묘역면적,총매장능력,식당,매점,주차장,유족대기실,장애인편의시설
서울특별시,서울특별시,내곡리묘지,경기도 남양주시 진접읍 내곡리 558-3,031-434-3337,,,0,공설,218745,218745,6900,미설치,미설치,미설치,미설치,미설치
서울특별시,중랑구,망우역사문화공원,"서울특별시 중랑구 망우로91길 2 (망우동, 중랑망우공간)",02-496-8976,,manguripark.or.kr,28,공설,785554,0,47631,미설치,설치,설치,미설치,미설치
서울특별시,서울특별시,벽제리묘지,경기도 고양시 덕양구 보광로 193-2 (벽제동),031-964-3443,,www.memorial-zone.or.kr,4,공설,195479,116919,5846,설치,설치,설치,설치,설치
서울특별시,서울특별시,용미리제1묘지,"경기도 파주시 광탄면 명봉산로262번길 290 (용미리, 용미1리1묘지공원안내실)",031-943-1930,,www.memorial-zone.or.kr,100,공설,212886,212886,1200,설치,설치,설치,설치,설치
서울특별시,서울특별시,용미리제2묘지,"경기도 파주시 광탄면 진지로 151 (용미리, 추모의집)",031-943-3937,,www.memorial-zone.or.kr,100,공설,199980,198347,12000,설치,설치,설치,설치,설치
서울특별시,도봉구,혜화동성당 도봉동묘원,서울특별시 도봉구 도봉동 산66-9,02-764-0221,02-3672-1197,www.hyehwa.org/cemetery/cemetery.asp?goCemetery=3,0,사설,15000,10678,600,미설치,미설치,설치,미설치,미설치
서울특별시,도봉구,혜화동성당 방학동묘원,서울특별시 도봉구 방학동 산65-1,02-764-0221,02-3672-1197,www.hyehwa.org/cemetery/cemetery.asp?goCemetery=2,0,사설,159232,71784,6682,미설치,미설치,설치,미설치,미설치
부산광역시,기장군,(재)실로암공원묘원,"부산광역시 기장군 철마면 사등길 181 (고촌리, 실로암공원묘원관리사무소)",051-721-5115,051-722-1268,www.siloami.com,0,사설,479277,196827,0,미설치,설치,설치,미설치,설치
부산광역시,기장군,대정공원묘원,"부산광역시 기장군 정관읍 양수길 76 (용수리, 대정공원묘원관리소)",051-728-4949,,,0,사설,203354,203354,11274,미설치,설치,설치,미설치,미설치
부산광역시,기장군,백운공원묘원 제1묘원,부산광역시 기장군 정관읍 정관로 165 (두명리),051-508-2934,,,50,사설,118413,118215,4792,미설치,미설치,설치,미설치,미설치
부산광역시,기장군,백운공원묘원 제2묘원,"부산광역시 기장군 정관읍 양수1길 17-5 (모전리, 백운묘원관리소)",051-727-3188,,,50,사설,126888,126888,7934,미설치,미설치,설치,미설치,미설치
부산광역시,금정구,부산영락공원묘지,"부산광역시 금정구 금정도서관로 108 (두구동, 영락공원)",051-790-5000,051-508-6024,yeongnakpark.bisco.or.kr/burial/burial01/index.asp,0,공설,5,750932,29021,설치,설치,설치,설치,설치
부산광역시,남구,천주교용호동공원묘지,부산광역시 남구 용호동 산232,051-629-8730,,,0,사설,5619,5619,0,미설치,미설치,미설치,미설치,미설치
대구광역시,군위군,(재)신세계공원묘원,대구광역시 군위군 효령면 녹동길 129-190 (장군리),054-382-5250,,www.신세계공원묘원.kr,0,사설,365344,365344,5000,미설치,미설치,설치,미설치,미설치
대구광역시,수성구,가톨릭 범물공원묘원,대구광역시 수성구 범안로 120 (범물동),053-250-3000,,,30,사설,101960,45726,5102,미설치,미설치,설치,미설치,미설치
대구광역시,군위군,가톨릭군위묘원,대구광역시 군위군 군위읍 용대2길 258 (용대리),053-250-3000,,,100,사설,0,850977,30000,설치,미설치,설치,미설치,미설치
대구광역시,대구광역시,대구시립공원묘지,경상북도 칠곡군 지천면 낙산로 87 (낙산리),053-312-0348,,,223,공설,89170,89170,4220,미설치,미설치,설치,미설치,미설치
대구광역시,북구,대구중부교회묘지,대구광역시 북구 관음동 산74-1,053-424-5381,,,0,사설,43371,38385,3487,미설치,미설치,설치,설치,미설치
대구광역시,북구,대구중앙교회 부활의동산,대구광역시 북구 읍내동 산58,053-341-2511,,,0,사설,0,0,0,미설치,미설치,미설치,미설치,미설치
대구광역시,북구,대구칠곡교회묘지,대구광역시 북구 국우동 산84,053-324-9191,,,0,사설,0,0,0,미설치,미설치,미설치,미설치,미설치
대구광역시,달성군,대구화교협회묘지,대구광역시 달성군 가창면 주리 산212-4,053-255-0561,,,0,사설,12846,12846,1466,미설치,미설치,설치,미설치,미설치
대구광역시,대구광역시,동명가족묘지,경상북도 칠곡군 동명면 경북대로 456-6 (금암리),054-977-6377,,,20,공설,931627,931627,2864,미설치,미설치,설치,미설치,미설치
대구광역시,대구광역시,동명공동묘지,경상북도 칠곡군 동명면 학명리 산145-1,054-977-6377,,,0,공설,760960,760960,2137,미설치,미설치,미설치,미설치,미설치
대구광역시,달성군,삼덕교회동산,대구광역시 달성군 가창면 옥분리 산35-3,053-423-3271,,,0,사설,156938,62916,10499,미설치,미설치,미설치,미설치,미설치
대구광역시,대구광역시,성서공동묘지,대구광역시 달서구 달구벌대로276길 122 (장동),053-586-6444,,,5,공설,144724,144724,3221,미설치,미설치,설치,미설치,미설치
대구광역시,군위군,재단법인금산공원묘원,대구광역시 군위군 효령면 점말길 23-55 (고곡리),054-382-9623,054-383-9623,,0,사설,20839,20839,1569,미설치,미설치,설치,미설치,미설치
대구광역시,중구,천주교 대구대교구청 성직자묘지,"대구광역시 중구 남산로4길 112 (남산동, 신관)",053-250-3002,,,0,사설,1322,1322,79,설치,미설치,설치,미설치,미설치
대구광역시,북구,칠곡성당공동묘원,대구광역시 북구 읍내동 산83,053-323-1501,,,0,사설,0,0,0,미설치,미설치,미설치,미설치,미설치
인천광역시,강화군,고능리공동묘지,인천광역시 강화군 불은면 고능리 172,032-937-5301,,,0,공설,18446,18446,155,미설치,미설치,미설치,미설치,미설치
인천광역시,강화군,고천리공설묘지,인천광역시 강화군 내가면 고천리 산11,032-930-3607,,,0,공설,16230,16230,2410,미설치,미설치,미설치,미설치,미설치
인천광역시,강화군,교산1리공설묘지,인천광역시 강화군 양사면 교산리 산307,032-934-2183,,,0,공설,1114,1114,71,미설치,미설치,미설치,미설치,미설치
인천광역시,강화군,교산리공설묘지(별립산),인천광역시 강화군 양사면 교산리 산355-1,032-934-2183,,,0,공설,881,881,0,미설치,미설치,미설치,미설치,미설치
인천광역시,강화군,국화리공설묘지,인천광역시 강화군 강화읍 국화리 산291,032-934-0003,,,0,공설,2321,2321,109,미설치,미설치,미설치,미설치,미설치
인천광역시,강화군,길정리공설묘지,인천광역시 강화군 양도면 길정리 산228-1,032-937-2001,,,0,공설,7332,7332,58,미설치,미설치,미설치,미설치,미설치
인천광역시,강화군,길직1리공설묘지,인천광역시 강화군 길상면 길직리 산247,032-930-3604,,,0,공설,8231,8231,5,미설치,미설치,미설치,미설치,미설치
인천광역시,강화군,길직2리공설묘지,인천광역시 강화군 길상면 길직리 1164-2,032-930-3604,,,0,공설,9083,9083,92,미설치,미설치,미설치,미설치,미설치
인천광역시,강화군,남산리공설묘지,인천광역시 강화군 강화읍 남산리 산50,032-934-0003,,,0,공설,12496,12496,47,미설치,미설치,미설치,미설치,미설치
인천광역시,옹진군,내리공설묘지,인천광역시 옹진군 영흥면 내리 산258,032-899-2333,,,0,공설,6318,6318,6318,미설치,미설치,미설치,미설치,미설치
인천광역시,강화군,내리공설묘지(화도면),인천광역시 강화군 화도면 안골길 27-40 (내리),032-930-3605,,,0,공설,0,0,0,미설치,미설치,미설치,미설치,미설치
인천광역시,강화군,넙성리공동묘지,인천광역시 강화군 불은면 넙성리 산5,032-937-5301,,,0,공설,3871,3871,68,미설치,미설치,미설치,미설치,미설치
인천광역시,강화군,당산리공설묘지,인천광역시 강화군 송해면 당산리 산58,032-934-4302,,,0,공설,236230,78804,3667,미설치,미설치,미설치,미설치,미설치
인천광역시,서구,대곡공설묘지(만장),인천광역시 서구 대곡동 산202,032-560-4544,,,0,공설,11900,11900,1322,미설치,미설치,미설치,미설치,미설치
인천광역시,옹진군,대청리공설묘지,인천광역시 옹진군 대청면 대청리 산299,032-899-2333,,,0,공설,412147,214877,26000,미설치,미설치,미설치,미설치,미설치
인천광역시,강화군,덕성리공동묘지,인천광역시 강화군 불은면 덕성리 737-8,032-937-5301,,,0,공설,211736,185357,4739,미설치,미설치,미설치,미설치,미설치
인천광역시,강화군,덕포리공설묘지,인천광역시 강화군 화도면 덕포리 산83,032-930-3605,,,0,공설,17851,17851,344,미설치,미설치,설치,미설치,미설치
인천광역시,강화군,덕하1리공설묘지,인천광역시 강화군 양사면 덕하리 산304,032-934-2183,,,0,공설,324376,205855,9896,미설치,미설치,미설치,미설치,미설치
인천광역시,강화군,덕하2리공설묘지,인천광역시 강화군 양사면 덕하리 산352,032-934-2183,,,0,공설,155447,130000,3239,미설치,미설치,미설치,미설치,미설치
인천광역시,남동구,도림동공설묘지(매장불가),인천광역시 남동구 도림동 산33,032-453-5522,,,0,공설,10512,10512,600,미설치,미설치,설치,미설치,미설치
인천광역시,강화군,도장리공설묘지,인천광역시 강화군 양도면 도장리 산121,032-937-2001,,,0,공설,14619,14619,709,미설치,미설치,미설치,미설치,미설치
인천광역시,강화군,동검리공설묘지,인천광역시 강화군 길상면 동검리 산122,032-930-3604,,,0,공설,13075,13075,660,미설치,미설치,미설치,미설치,미설치
인천광역시,강화군,동산리공설묘지,인천광역시 강화군 교동면 동산리 산5,032-930-3611,,,0,공설,94957,94957,8800,미설치,미설치,미설치,미설치,미설치
인천광역시,강화군,두운리공동묘지,인천광역시 강화군 불은면 두운리 산243,032-937-5301,,,0,공설,3372,2698,246,미설치,미설치,설치,미설치,미설치
인천광역시,강화군,말도공설묘지,인천광역시 강화군 서도면 말도리 산21,032-934-2183,,,0,공설,8265,6612,916,미설치,미설치,미설치,미설치,미설치
인천광역시,강화군,망월리공설묘지,인천광역시 강화군 하점면 망월리 산 44,032-930-4473,,,0,공설,16661,5000,399,미설치,미설치,설치,미설치,미설치
인천광역시,강화군,매음리공설묘지,인천광역시 강화군 삼산면 매음리 산296,032-930-3612,,,0,공설,117711,82249,4768,미설치,미설치,미설치,미설치,미설치
인천광역시,옹진군,모도리공설묘지,인천광역시 옹진군 북도면 모도리 산41,032-899-2333,,,0,공설,27456,24456,1500,미설치,미설치,미설치,미설치,미설치
인천광역시,강화군,미법리공설묘지,인천광역시 강화군 삼산면 미법리 산12,032-930-3342,,,0,공설,58314,19835,1800,미설치,미설치,미설치,미설치,미설치
인천광역시,강화군,볼음공설묘지,인천광역시 강화군 서도면 볼음도리 산82,032-934-2183,,,0,공설,290876,211785,12120,미설치,미설치,설치,미설치,미설치
인천광역시,강화군,봉소리공설묘지,인천광역시 강화군 교동면 봉소리 180-1,032-930-3611,,,0,공설,177559,147587,11160,미설치,미설치,미설치,미설치,미설치
인천광역시,강화군,부근리공설묘지,인천광역시 강화군 하점면 부근리 산148,032-930-4473,,,0,공설,22611,13567,1466,미설치,미설치,미설치,미설치,미설치
인천광역시,강화군,북성리공설묘지,인천광역시 강화군 양사면 북성리 산179,032-934-2183,,,0,공설,1072743,1072743,8374,미설치,미설치,미설치,미설치,미설치
인천광역시,강화군,사기리공설묘지,인천광역시 강화군 화도면 사기리 산116,032-930-3605,,,0,공설,57400,57400,4778,미설치,미설치,미설치,미설치,미설치
인천광역시,강화군,삼거리공설묘지,인천광역시 강화군 하점면 삼거리 산256,032-930-4473,,,0,공설,49420,49420,4738,미설치,미설치,미설치,미설치,미설치
인천광역시,강화군,삼동암공동묘지,인천광역시 강화군 불은면 삼동암리 산217,032-937-5301,,,0,공설,3306,1737,48,미설치,미설치,미설치,미설치,미설치
인천광역시,강화군,삼성리공동묘지,인천광역시 강화군 불은면 삼성리 산77-2,032-937-5301,,,0,공설,194674,133564,60000,미설치,미설치,미설치,미설치,미설치
인천광역시,강화군,삼흥리공설묘지,인천광역시 강화군 양도면 삼흥리 산171,032-937-2001,,,0,공설,501408,484131,18043,미설치,미설치,미설치,미설치,미설치
인천광역시,강화군,상리공설묘지,인천광역시 강화군 삼산면 상리 산177,032-930-3342,,,0,공설,9132,5977,588,미설치,미설치,미설치,미설치,미설치
인천광역시,강화군,상용리공설묘지,인천광역시 강화군 교동면 상용리 산215,032-930-3611,,,0,공설,499440,112000,6871,미설치,미설치,미설치,미설치,미설치
인천광역시,강화군,서검리공설묘지,인천광역시 강화군 삼산면 서검리 산50,032-930-3612,,,0,공설,160760,160760,4300,미설치,미설치,미설치,미설치,미설치
인천광역시,강화군,석모리공설묘지,인천광역시 강화군 삼산면 석모리 산308,032-930-3612,,,0,공설,45512,20000,3742,미설치,미설치,미설치,미설치,미설치
인천광역시,강화군,석포리공설묘지,인천광역시 강화군 삼산면 석포리 산83,032-930-3612,,,0,공설,11603,11603,340,미설치,미설치,미설치,미설치,미설치
인천광역시,강화군,선두리공설묘지,인천광역시 강화군 길상면 선두리 산204,032-930-3604,,,0,공설,4959,4959,330,미설치,미설치,미설치,미설치,미설치
인천광역시,옹진군,선재리공설묘지,인천광역시 옹진군 영흥면 선재로226번길 85 (선재리),032-899-2333,,,0,공설,1653,1653,70,미설치,미설치,미설치,미설치,미설치
인천광역시,서구,송월교회묘지,인천광역시 서구 마전동 산72-1,032-765-7851,032-765-7854,,0,사설,5001,5001,0,미설치,미설치,설치,미설치,미설치
인천광역시,남동구,수산동공설묘지(매장불가),인천광역시 남동구 수산동 산14,032-453-5522,,,0,공설,29157,29157,220,미설치,미설치,설치,미설치,미설치
인천광역시,강화군,숭뢰리공설묘지,인천광역시 강화군 송해면 숭뢰리 산63,032-934-4302,,,0,공설,17157,17157,500,미설치,미설치,미설치,미설치,미설치
인천광역시,옹진군,신도리공설묘지,인천광역시 옹진군 북도면 신도리 산153-1,032-899-2333,,,0,공설,29058,29058,852,미설치,미설치,미설치,미설치,미설치
인천광역시,강화군,신삼리공설묘지,인천광역시 강화군 하점면 신삼리 산107,032-930-4473,,,0,공설,7736,7736,227,미설치,미설치,미설치,미설치,미설치
인천광역시,강화군,신정리공설묘지,인천광역시 강화군 선원면 신정리 산63,032-930-3702,,,0,공설,6248,6248,840,미설치,미설치,미설치,미설치,미설치
인천광역시,강화군,신현리공동묘지,인천광역시 강화군 불은면 신현리 산59,032-937-5301,,,0,공설,10413,10413,922,미설치,미설치,미설치,미설치,미설치
인천광역시,강화군,아차공설묘지,인천광역시 강화군 서도면 아차도리 산13,032-934-2183,,,0,공설,8033,8033,300,미설치,미설치,미설치,미설치,미설치
인천광역시,강화군,양오리공설묘지,인천광역시 강화군 송해면 양오리 산184,032-930-3342,,,0,공설,12099,12099,611,미설치,미설치,미설치,미설치,미설치
인천광역시,서구,양우회,인천광역시 서구 당하동  산161-1,032-563-5663,,,0,사설,19800,19800,1200,미설치,미설치,미설치,미설치,미설치
인천광역시,옹진군,연평리공설묘지,인천광역시 옹진군 연평면 연평리 산10-113,032-899-2333,,,0,공설,0,0,0,미설치,미설치,미설치,미설치,미설치
인천광역시,중구,영종공설묘지(신규매장불가),인천광역시 중구 운북동 132-80,032-746-1672,,,10,공설,116003,47223,2150,설치,미설치,설치,설치,미설치
인천광역시,강화군,오상리공설묘지,인천광역시 강화군 내가면 오상리 산91-2,032-930-3607,,,0,공설,127488,116973,14870,미설치,미설치,미설치,미설치,미설치
인천광역시,강화군,온수리공설묘지,인천광역시 강화군 길상면 온수리 산21-16,032-930-3604,,,0,공설,203354,142460,11274,미설치,미설치,미설치,미설치,미설치
인천광역시,서구,왕길공설묘지(만장),인천광역시 서구 왕길동 산120,032-560-4544,,,0,공설,200133,95868,4043,설치,설치,설치,설치,설치
인천광역시,서구,왕길조성묘지,인천광역시 서구 왕길동 산116,032-522-0507,,,0,공설,357430,150546,9049,설치,설치,설치,설치,설치
인천광역시,강화군,외포리공설묘지,인천광역시 강화군 내가면 외포리 산98-1,032-930-3607,,,0,공설,112397,9200,2000,미설치,미설치,미설치,미설치,미설치
인천광역시,남동구,운연동공설묘지(매장불가),"인천광역시 남동구 운연동 산45, 산89",032-453-5502,,,0,공설,178400,25678,603,미설치,미설치,미설치,미설치,미설치
인천광역시,강화군,월곳리공설묘지,인천광역시 강화군 강화읍 월곳리 산8,032-930-3342,,,0,공설,17596,17596,1600,미설치,미설치,미설치,미설치,미설치
인천광역시,옹진군,이작리공설묘지,"인천광역시 옹진군 자월면 대이작로42번길 90 (이작리, 이작리공설묘지공원)",032-899-2333,,,0,공설,3967,3967,88,미설치,미설치,미설치,미설치,미설치
인천광역시,강화군,인산리공설묘지,인천광역시 강화군 양도면 인산리 산225,032-937-2001,,,0,공설,4165,4165,200,미설치,미설치,미설치,미설치,미설치
인천광역시,부평구,인천가족공원 묘지,인천광역시 부평구 평온로 61 (부평동),032-456-2320,032-456-2324,www.insiseol.or.kr/life/family,0,공설,1553036,1553036,37748,설치,설치,설치,설치,설치
인천광역시,서구,인천기독교장로회묘지,인천광역시 서구 당하동 산178-2,,,,0,사설,281785,281785,12505,미설치,미설치,미설치,미설치,미설치
인천광역시,서구,인천지구황해도민묘지,인천광역시 서구 마전동 산197-1,032-885-7473,,,0,사설,20421,18760,625,미설치,미설치,미설치,미설치,미설치
인천광역시,서구,인천호남향우회,인천광역시 서구 당하동  산179-1,032-439-6767,,,50,사설,1668729,1668729,1000,미설치,미설치,설치,미설치,미설치
인천광역시,강화군,인화리공설묘지,인천광역시 강화군 양사면 인화리 산336,032-934-2183,,,0,공설,13290,13290,295,미설치,미설치,미설치,미설치,미설치
인천광역시,옹진군,자월리공설묘지,인천광역시 옹진군 자월면 자월리 산308,032-899-2333,,,0,공설,19794,19794,439,미설치,미설치,미설치,미설치,미설치
인천광역시,옹진군,장봉리공설묘지,"인천광역시 옹진군 북도면 장봉로582번길 103 (장봉리, 장봉리공설묘지공원)",032-899-2333,,,0,공설,2380,2380,52,미설치,미설치,미설치,미설치,미설치
인천광역시,남동구,장수동공설묘지(매장불가),인천광역시 남동구 장수동 산133,032-453-5502,,,0,공설,2975,2975,66,미설치,미설치,미설치,미설치,미설치
인천광역시,강화군,장정리공설묘지,인천광역시 강화군 하점면 장정리 산188,032-933-5302,,,0,공설,9223,9223,204,미설치,미설치,미설치,미설치,미설치
인천광역시,강화군,장화리공설묘지,인천광역시 강화군 화도면 장화리 산354,032-930-3605,,,0,공설,1983,1983,44,미설치,미설치,미설치,미설치,미설치
인천광역시,강화군,장흥리공설묘지,인천광역시 강화군 길상면 장흥리 산69-1,032-930-3604,,,0,공설,12079,12079,268,미설치,미설치,설치,미설치,미설치
인천광역시,강화군,주문공설묘지,인천광역시 강화군 서도면 주문도리 산33,032-934-2183,,,0,공설,19851,19851,2816,미설치,미설치,미설치,미설치,미설치
인천광역시,미추홀구,주안공설묘지(미운영),인천광역시 미추홀구 주안동 산62-7,032-880-4816,,,0,공설,21133,21133,1950,미설치,미설치,설치,미설치,미설치
인천광역시,강화군,지석리공설묘지,인천광역시 강화군 교동면 지석리 산155,032-930-3611,,,0,공설,260565,167388,12655,미설치,미설치,미설치,미설치,미설치
인천광역시,옹진군,진리공설묘지,인천광역시 옹진군 덕적면 진리 산340,032-899-2333,,,0,공설,850977,378339,49120,미설치,미설치,미설치,미설치,미설치
인천광역시,옹진군,진촌리공설묘지,인천광역시 옹진군 백령면 진촌리 산128-1,032-899-2333,,,0,공설,61992,61992,5700,미설치,미설치,미설치,미설치,미설치
인천광역시,강화군,창리공설묘지,인천광역시 강화군 선원면 창리 산84,032-930-3702,,,0,공설,23702,10446,342,미설치,미설치,미설치,미설치,미설치
인천광역시,강화군,초지리공설묘지,인천광역시 강화군 길상면 초지리 산20,032-930-3604,,,0,공설,295606,94956,8957,미설치,미설치,설치,미설치,미설치
인천광역시,서구,하늘의문(당하동),인천광역시 서구 당하동 산152,032-564-4131,,,0,사설,14479,14479,50,미설치,미설치,설치,미설치,미설치
인천광역시,서구,하늘의문(마전동),인천광역시 서구 마전동 산164,032-564-4131,,,0,사설,3963,3963,448,미설치,미설치,설치,미설치,미설치
인천광역시,강화군,하도리공설묘지,인천광역시 강화군 송해면 하도리 산13,032-934-4302,,,0,공설,206485,102999,0,미설치,설치,설치,설치,미설치
인천광역시,강화군,하일리공설묘지,인천광역시 강화군 양도면 하일리 산21,032-937-2001,,,0,공설,0,44959,260,미설치,미설치,미설치,미설치,미설치
광주광역시,북구,망월묘지공원,광주광역시 북구 민주로 285 (운정동),062-266-8170,,,0,공설,17020,17020,932,미설치,미설치,설치,미설치,미설치
광주광역시,광주광역시,영락공원묘지,광주광역시 북구 영락공원로 170 (효령동),062-572-4384,,www.cyberyoungrak.or.kr/cms/bbs/dk_content.php?ht_id=cyber_02_6,0,공설,126888,85337,7934,설치,설치,설치,설치,설치
광주광역시,북구,천주교 양산동묘원,광주광역시 북구 양산동  산87-6,062-227-7124,,,0,사설,16386,16386,1057,미설치,미설치,미설치,미설치,미설치
광주광역시,남구,천주교효천공원묘지,광주광역시 남구 임암동 산86-3,062-233-0518,,,5,사설,105156,76303,400,미설치,미설치,설치,미설치,미설치
대전광역시,서구,대전추모공원 가족묘원,대전광역시 서구 상보안윗길 160 (괴곡동),042-602-2500,,www.djsiseol.or.kr/portal/sub040204.asp,418,공설,500616,112000,10482,미설치,설치,설치,설치,설치
대전광역시,동구,천주교산내공원묘원,대전광역시 동구 삼괴동 산9-1,042-630-7732,,,0,사설,557045,266972,14792,미설치,미설치,설치,미설치,미설치
울산광역시,울주군,(재)삼덕공원묘원,"울산광역시 울주군 삼동면 삼덕로 426 (조일리, 삼덕공원관리사무소)",1522-4144,,,0,사설,350000,181126,18800,미설치,설치,설치,설치,미설치
울산광역시,남구,재단법인울산공원묘원,울산광역시 남구 문수로217번길 34 (옥동),052-994-4004,,www.ulsanpark.org/,200,사설,674541,230940,14992,설치,미설치,설치,미설치,미설치
세종특별자치시,세종특별자치시,대전공원묘원,"세종특별자치시 장군면 정동길 31-30 (금암리, 대전공원묘원)",041-856-8851,,,0,사설,184400,17100,5305,설치,설치,설치,미설치,미설치
세종특별자치시,세종특별자치시,세종시공설묘지,세종특별자치시 전동면 전동로 539 (봉대리),044-850-1346,,,0,공설,7788,7788,450,설치,미설치,설치,미설치,미설치
경기도,성남시분당구,(재)분당메모리얼파크,경기도 성남시 분당구 새나리로 79 (야탑동),031-704-6508,031-702-5736,www.bmpark.co.kr,15000,사설,391453,913936,0,설치,설치,설치,미설치,미설치
경기도,용인시처인구,(재)서울공원묘원,"경기도 용인시 처인구 이동면 백자로 41 (서리, 서울공원묘원사무실)",031-332-2444,,scpark.co.kr,0,사설,202150,169072,7000,미설치,미설치,설치,미설치,미설치
경기도,광주시,(재)시안 가족추모공원(매장묘),경기도 광주시 오포안로 17 (문형동),031-766-2894,,www.sianpark.co.kr,1500,사설,6942,6942,320,미설치,미설치,설치,설치,설치
경기도,안산시상록구,(재)안양공원묘원,"경기도 안산시 상록구 오리골길 41 (양상동, 공동묘지관리소)",031-482-2949,,,0,사설,7735,7735,290,미설치,미설치,미설치,미설치,미설치
경기도,남양주시,(재)영락교회공원묘원,"경기도 남양주시 진건읍 사릉로264번길 232 (사능리, 영락동산관리실)",031-573-8123,,,0,사설,562925,281145,60380,설치,설치,설치,설치,설치
경기도,용인시처인구,(재)용인공원(묘지),"경기도 용인시 처인구 모현읍 새래로 158-33 (초부리, 용인공원묘지)",031-334-3484,,www.yongin-park.com,0,사설,1307080,913017,30950,설치,설치,설치,설치,미설치
경기도,고양시일산동구,(재)자하연 일산(묘지),경기도 고양시 일산동구 지영로 36-87 (지영동),031-977-8351,,www.jahayeon.com,100,사설,156933,141788,2514,미설치,미설치,설치,설치,미설치
경기도,광주시,(재)자하연분당(묘지),"경기도 광주시 대명대길 57 (능평동, 판교공원묘지)",031-719-2780,,www.jahayeon.com,200,사설,227935,117160,1000,미설치,미설치,설치,설치,설치
경기도,양평군,(재)자하연팔당(묘지),경기도 양평군 양서면 목왕로688번길 71 (목왕리),031-772-7102,031-719-2739,www.jahayeon.com,60,사설,333886,228230,1000,미설치,미설치,설치,설치,미설치
경기도,포천시,(재)자하연포천(묘지),경기도 포천시 영중면 궁들길 84 (금주리),031-532-6534,,www.jahayeon.com,200,사설,214893,80702,1000,미설치,미설치,설치,설치,미설치
경기도,남양주시,(재)천주교세종로묘원,경기도 남양주시 별내동 산193-1,031-571-8800,,www.sejonglo.org,50,사설,205965,150612,3500,미설치,미설치,설치,설치,미설치
경기도,남양주시,(재)천주교평내공원묘원,경기도 남양주시 평내동 산45-1,02-727-2225,,,0,사설,145768,145768,3500,미설치,미설치,미설치,미설치,미설치
경기도,포천시,(재)하늘나라공원 포천묘원,"경기도 포천시 소흘읍 부흥로 212,2층 (무봉리)",031-542-1302,,www.하늘나라공원.com,4,사설,124068,124068,1116,미설치,미설치,설치,미설치,미설치
경기도,광주시,(재)한남공원묘원,경기도 광주시 매자리길 185-22 (매산동),031-765-0076,,www.hannampark.com,500,사설,187042,300,7465,미설치,미설치,설치,설치,미설치
경기도,양주시,가납리공설묘지,경기도 양주시 광적면 가납리 산14,031-8082-7610,,,0,공설,0,0,0,미설치,미설치,미설치,미설치,미설치
경기도,포천시,가산면 제1공설묘지,경기도 포천시 가산면 감암리 산12,031-538-4311,,,0,공설,0,0,0,미설치,미설치,미설치,미설치,미설치
경기도,포천시,가산면 제2공설묘지,경기도 포천시 가산면 가산리 산72,031-538-4311,,,0,공설,0,0,0,미설치,미설치,미설치,미설치,미설치
경기도,포천시,가산면 제3공설묘지,경기도 포천시 가산면 금현리 740,031-538-4311,,,0,공설,0,0,0,미설치,미설치,미설치,미설치,미설치
경기도,포천시,가산면 제4공설묘지,경기도 포천시 가산면 우금리 산6-1,031-538-4311,,,0,공설,0,0,0,미설치,미설치,미설치,미설치,미설치
경기도,가평군,가평읍 공설묘지(구 제1공설묘지),경기도 가평군 가평읍 상색리 산64-3,031-580-4010,,,0,공설,8608,8608,84,미설치,미설치,미설치,미설치,미설치
경기도,가평군,가평추모공원(구 제2공설묘지),경기도 가평군 가평읍 읍내리 산125,031-580-2583,,,0,공설,0,0,0,미설치,미설치,미설치,미설치,미설치
경기도,양평군,갑산공원묘원,"경기도 양평군 양서면 건지미길 5 (양수리, 갑산공원묘원)",031-774-9348,,www.kapsan1004.net ,300,사설,248252,65095,13074,미설치,미설치,미설치,미설치,미설치
경기도,김포시,고려공원법인묘지,경기도 김포시 감정동 629-21,031-983-8433,,,0,사설,185357,185357,4825,설치,미설치,설치,미설치,미설치
경기도,포천시,관인면 제1공설묘지,경기도 포천시 관인면 사정리 산11,031-538-4661,,,0,공설,2621,2621,2621,미설치,미설치,미설치,미설치,미설치
경기도,포천시,관인면 제2공설묘지,경기도 포천시 관인면 냉정리 산149-1,031-538-4661,,,0,공설,0,0,0,미설치,미설치,미설치,미설치,미설치
경기도,여주시,광대리 공원묘지,경기도 여주시 세종대왕면 광대리 198-18,031-887-2264,,,0,공설,0,0,0,미설치,미설치,미설치,미설치,미설치
경기도,포천시,광릉추모공원(묘지),경기도 포천시 내촌면 부마로 341(마명리),031-532-2520,031-534-3116,www.gmemorialpark.com,200,사설,989761,989761,11310,미설치,미설치,설치,미설치,미설치
경기도,양주시,광사동공설묘지,경기도 양주시 광사동 산137-1,031-8082-7750,,,0,공설,0,0,0,미설치,미설치,미설치,미설치,미설치
경기도,양주시,광석리공설묘지,경기도 양주시 광적면 광석리 산1,031-8082-7610,,,0,공설,0,0,0,미설치,미설치,미설치,미설치,미설치
경기도,광주시,광주공원묘원,경기도 광주시 매자리길 235 (매산동),031-762-0077,,,1500,사설,768079,504140,20000,미설치,미설치,설치,미설치,미설치
경기도,구리시,구리시공설묘지,경기도 구리시 산마루로 176-21 (사노동),031-550-2955,,,0,공설,2466,2466,25,미설치,미설치,미설치,미설치,미설치
경기도,양주시,구암리공설묘지,경기도 양주시 남면 구암리 산16,031-8082-7580,,,0,공설,0,0,0,미설치,미설치,미설치,미설치,미설치
경기도,연천군,군남면공설묘지,경기도 연천군 군남면 선곡리 산193,031-839-2723,,,0,공설,9016,9016,178,미설치,미설치,미설치,미설치,미설치
경기도,포천시,군내면 제1공설묘지,경기도 포천시 군내면 구읍리 산2-1,031-538-4211,,,0,공설,0,0,0,미설치,미설치,미설치,미설치,미설치
경기도,포천시,군내면 제2공설묘지,경기도 포천시 군내면 구읍리 131-14,031-538-4211,,,0,공설,0,0,0,미설치,미설치,미설치,미설치,미설치
경기도,안성시,금광공설묘지,경기도 안성시 금광면 금광리 산29,031-678-2232,,,0,공설,1190,1190,81,미설치,미설치,미설치,미설치,미설치
경기도,포천시,금호동성당 천보묘원(묘지),경기도 포천시 화합로 116 (동교동),031-541-0098,,"kumho1.enk.co,kr",700,사설,225124,68100,8000,미설치,미설치,설치,미설치,미설치
경기도,양주시,길음동성당 묘원,경기도 양주시 장흥면 호국로785번길 18-96 (울대리),02-912-4611,,,0,사설,0,0,0,미설치,미설치,미설치,미설치,미설치
경기도,김포시,김포공원법인묘지(대곶),경기도 김포시 대곶면 상마신기로 82-58 (상마리),031-987-2075,,,0,사설,65327,65327,120,미설치,미설치,설치,미설치,미설치
경기도,김포시,김포공원법인묘지(풍무),경기도 김포시 장릉로 75 (풍무동),031-984-5941,,,0,사설,110880,110880,3,미설치,미설치,설치,미설치,미설치
경기도,김포시,김포성당 매괴의모후 묘원,경기도 김포시 북변로 29-12 (북변동),031-983-8811,,,0,사설,0,0,0,미설치,미설치,미설치,미설치,미설치
경기도,포천시,낙원공원 의정부묘원,경기도 포천시 소흘읍 무봉로 9-94 (무봉리),031-542-1058,,,150,사설,191505,191505,7370,미설치,미설치,설치,설치,미설치
경기도,파주시,낙원공원묘원,경기도 파주시 송화로 118 (야동동),031-941-6200,031-944-7322,www.nagwon.co.kr,350,사설,215444,215444,1100,미설치,미설치,설치,설치,미설치
경기도,여주시,남한강공원묘원,경기도 여주시 가남읍 송삼로 459-35 (금곡리),031-882-6689,,nhgpark.co.kr/,500,사설,324376,205903,11230,미설치,미설치,설치,미설치,미설치
경기도,고양시덕양구,내유동공설묘지(만장),경기도 고양시 덕양구 내유동  산82,031-8075-3305,,,0,공설,0,0,0,미설치,미설치,미설치,미설치,미설치
경기도,포천시,내촌면 제2공설묘지,경기도 포천시 내촌면 진목리 산292,031-538-4261,,,0,공설,0,0,0,미설치,미설치,미설치,미설치,미설치
경기도,포천시,내촌면 제3공설묘지,경기도 포천시 내촌면 마명리 산38,031-538-4261,,,0,공설,0,0,0,미설치,미설치,미설치,미설치,미설치
경기도,포천시,내촌면 제4공설묘지,경기도 포천시 내촌면 신팔리 산167,031-538-4261,,,0,공설,0,0,0,미설치,미설치,미설치,미설치,미설치
경기도,연천군,답곡리 공설묘지,경기도 연천군 신서면 답곡리 산269,031-839-2217,,,0,공설,15821,15821,1237,미설치,미설치,미설치,미설치,미설치
경기도,양주시,덕도리공설묘지,경기도 양주시 광적면 덕도리 산27,031-8082-7610,,,0,공설,0,0,0,미설치,미설치,미설치,미설치,미설치
경기도,양주시,도하리공설묘지,경기도 양주시 은현면 도하리 산47,031-8082-7550,,,0,공설,0,0,0,미설치,미설치,미설치,미설치,미설치
경기도,파주시,돈암동성당 광탄추모공원,"경기도 파주시 광탄면 장지산로368번길 109 (분수리, 천주교서울대교구돈암동교회추모공원)",02-925-0098,,,0,사설,0,0,0,미설치,미설치,미설치,미설치,미설치
경기도,파주시,동화경모공원(묘지),"경기도 파주시 탄현면 헤이리로 98 (법흥리, 동화경모공원)",031-945-3226,,donghwapark.co.kr/,0,사설,779925,779925,30130,설치,미설치,설치,미설치,미설치
경기도,양주시,두곡리공설묘지,경기도 양주시 남면 두곡리 산44,031-8082-7580,,,0,공설,0,0,0,미설치,미설치,미설치,미설치,미설치
경기도,양주시,마전동공설묘지,경기도 양주시 마전동 산3,031-8082-7714,,,0,공설,0,0,0,미설치,미설치,미설치,미설치,미설치
경기도,남양주시,모란공원(묘지),경기도 남양주시 화도읍 경춘로2110번길 8-102 (월산리),031-594-6363,,,0,사설,103366,88456,13500,미설치,미설치,미설치,미설치,미설치
경기도,양평군,무궁화공원묘원,경기도 양평군 서종면 잠실2길 134 (도장리),031-771-1400,,www.gravepark.co.kr,200,사설,320727,192436,9500,설치,설치,설치,미설치,미설치
경기도,광주시,문형공설묘지(만장),경기도 광주시 문형동 산65,031-760-2844,,,0,공설,19736,5457,574,미설치,미설치,미설치,미설치,미설치
경기도,양주시,방성리공설묘지,경기도 양주시 백석읍 방성리 산41,031-8082-7510,,,0,공설,0,0,0,미설치,미설치,미설치,미설치,미설치
경기도,고양시덕양구,백란공원묘원,경기도 고양시 덕양구 내유길131번길 123 (내유동),031-962-8391,,,30,사설,19240,7087,488,설치,미설치,설치,미설치,미설치
경기도,양평군,별그리다(THE HILL),"경기도 양평군 양동면 양동금곡1길 331 (삼산리, 양평공원묘원)",031-333-1111,031-774-4710,www.star4ever.com,1300,사설,496200,180491,13499,설치,미설치,설치,설치,설치
경기도,양주시,복지리 공설묘지,경기도 양주시 백석읍 복지리 산21,031-8082-7510,,,0,공설,0,0,0,미설치,미설치,미설치,미설치,미설치
경기도,양주시,봉양동공설묘지,경기도 양주시 봉양동 산87,031-8082-7750,,,0,공설,0,0,0,미설치,미설치,미설치,미설치,미설치
경기도,가평군,북면공설묘지,경기도 가평군 북면 제령리 산78-3,031-580-4255,,,0,공설,41500,28265,2689,미설치,미설치,미설치,미설치,미설치
경기도,화성시,북양공설공원묘지,경기도 화성시 남양읍 북양리 산109-14,031-369-3157,,,0,공설,58536,14264,1128,미설치,미설치,설치,미설치,미설치
경기도,파주시,불광동성당 바다의별묘원,경기도 파주시 광탄면 신산리 산3-1,02-355-0545,,,0,사설,0,0,0,미설치,미설치,미설치,미설치,미설치
경기도,양주시,비암리공설묘지,경기도 양주시 광적면 비암리 산18,031-8082-7610,,,0,공설,0,0,0,미설치,미설치,미설치,미설치,미설치
경기도,의정부시,산곡동공설묘지,경기도 의정부시 산곡동  산74,031-828-4194,,www.15774129.go.kr/portal/fnlfac/facList.do,10,공설,26836,26836,1986,미설치,미설치,미설치,미설치,미설치
경기도,파주시,삼각지성당 하늘묘원,"경기도 파주시 조리읍 정문로 126-101 (뇌조리, 천주교삼각지교회묘지관리실)",031-943-6489,,,0,사설,0,0,0,미설치,미설치,미설치,미설치,미설치
경기도,양주시,삼상리공설묘지,경기도 양주시 장흥면 삼상리 산34-1,031-8082-7634,,,0,공설,0,0,0,미설치,미설치,미설치,미설치,미설치
경기도,광주시,삼성개발공원묘원(묘지),경기도 광주시 오포로 211-50 (능평동),031-766-4260,031-767-2483,www.elysium.co.kr/,40,사설,117792,117792,2949,미설치,미설치,설치,미설치,미설치
경기도,양주시,삼성공원묘원,경기도 양주시 평화로1261번길 328-50 (산북동),031-843-8444,,,0,사설,237337,237337,7760,미설치,설치,설치,미설치,미설치
경기도,양주시,삼하리공설묘지,경기도 양주시 장흥면 삼하리 산35,031-8082-7634,,,0,공설,0,0,0,미설치,미설치,미설치,미설치,미설치
경기도,가평군,상면공설묘지,경기도 가평군 상면 연하리 산88-6,031-580-4170,,,0,공설,101157,63090,3850,미설치,미설치,설치,미설치,미설치
경기도,양주시,상수리공설묘지,경기도 양주시 남면 상수리 산21,031-8082-7580,,,0,공설,0,0,0,미설치,미설치,미설치,미설치,미설치
경기도,화성시,상신공원묘지,경기도 화성시 향남읍 상신리 산96,031-369-3157,,,0,공설,1083527,1005969,41542,미설치,미설치,설치,미설치,미설치
경기도,파주시,서소문교회동산,경기도 파주시 조리읍 오산리 산5,02-755-4635,,,0,사설,0,0,0,미설치,미설치,미설치,미설치,미설치
경기도,가평군,서울노회유지재단 법인묘지,"경기도 가평군 상면 물골길 393 (봉수리, 남부교회수양관)",02-763-7279,,,0,사설,0,0,0,미설치,미설치,미설치,미설치,미설치
경기도,양주시,석우리공설묘지,경기도 양주시 광적면 광적로156번길 27-6 (석우리),031-8082-7610,,,0,공설,0,0,0,미설치,미설치,미설치,미설치,미설치
경기도,포천시,선단동공설묘지,경기도 포천시 원동교길 259 (동교동),031-538-4811,,,0,공설,10016,10016,347,미설치,미설치,미설치,미설치,미설치
경기도,안산시,선부동 공설묘지,경기도 안산시 단원구 선부동 산59,031-481-2834,,,0,공설,0,0,0,미설치,미설치,미설치,미설치,미설치
경기도,양주시,선암리공설묘지,경기도 양주시 은현면 선암리 산66-1,031-8082-7550,,,0,공설,0,0,0,미설치,미설치,미설치,미설치,미설치
경기도,가평군,설악면공설묘지,경기도 가평군 설악면 선촌리 산50,031-580-4055,,,0,공설,16760,16760,1388,미설치,미설치,설치,미설치,설치
경기도,고양시일산동구,성석동공설묘지(만장),경기도 고양시 일산동구 성석동 973-23,031-8075-3305,,,0,공설,4860,4860,179,미설치,미설치,설치,미설치,미설치
경기도,포천시,소흘읍제2공설묘지,경기도 포천시 소흘읍 무림리 산41번지,031-538-4122,,,0,공설,0,0,0,미설치,미설치,미설치,미설치,미설치
경기도,포천시,소흘읍제3공설묘지,경기도 포천시 소흘읍 고모리 산 99번지,031-538-4122,,,0,공설,0,0,0,미설치,미설치,미설치,미설치,미설치
경기도,용인시,송전공설묘지,"경기도 용인시 처인구 이동읍 경기동로 793 (송전리, 용인시공설공원묘지)",031-329-3126,,,0,공설,893,893,120,미설치,미설치,설치,미설치,미설치
경기도,평택시,송탄공설묘지,경기도 평택시 가재동 산64-1,031-8024-6273,,,0,공설,10413,10413,115,미설치,미설치,설치,미설치,미설치
경기도,남양주시,수동공설묘지(만장),경기도 남양주시 수동면 운수리 400-1,031-590-4287,,,0,공설,12184,12184,0,미설치,미설치,미설치,미설치,미설치
경기도,파주시,신광교회 묘지,경기도 파주시 파주읍 백석리 산40-9,031-952-5306,,www.saebiti.org,0,사설,0,0,0,미설치,미설치,미설치,미설치,미설치
경기도,남양주시,신당동성당 소화묘원,"경기도 남양주시 조안면 다산로 363 (능내리, 천주교신당동교회)",031-576-1461,,,0,사설,218745,218745,6900,미설치,미설치,설치,미설치,미설치
경기도,포천시,신북면 제1공설묘지,경기도 포천시 신북면 가채리 산3,031-538-4361,,,0,공설,0,0,0,미설치,미설치,미설치,미설치,미설치
경기도,포천시,신북면 제2공설묘지,경기도 포천시 신북면 갈월리 산222,031-538-4361,,,0,공설,0,0,0,미설치,미설치,미설치,미설치,미설치
경기도,포천시,신북면 제3공설묘지,경기도 포천시 신북면 삼성당리 산83,031-538-4361,,,0,공설,0,0,0,미설치,미설치,미설치,미설치,미설치
경기도,포천시,신북면 제4공설묘지,경기도 포천시 신북면 고일리 산83,031-538-4361,,,0,공설,0,0,0,미설치,미설치,미설치,미설치,미설치
경기도,포천시,신북면 제5공설묘지,경기도 포천시 신북면 삼정리 산181,031-538-4361,,,0,공설,0,0,0,미설치,미설치,미설치,미설치,미설치
경기도,포천시,신북면 제6공설묘지,경기도 포천시 신북면 삼정리 산179,031-538-4361,,,0,공설,0,0,0,미설치,미설치,미설치,미설치,미설치
경기도,양주시,신산리공설묘지,경기도 양주시 남면 신산리 산13,031-8082-7580,,,0,공설,0,0,0,미설치,미설치,미설치,미설치,미설치
경기도,연천군,신서면공설묘지,경기도 연천군 신서면 도신리 산37-1,031-839-2595,,,0,공설,16165,16165,479,미설치,미설치,미설치,미설치,미설치
경기도,양주시,신세계공원,경기도 양주시 장흥면 권율로29번길 170 (일영리),031-855-1241,,,0,사설,4562,4562,133,미설치,미설치,설치,미설치,미설치
경기도,양주시,신암리공설묘지,경기도 양주시 남면 신암리 산69,031-8082-7580,,,0,공설,0,0,0,미설치,미설치,미설치,미설치,미설치
경기도,광주시,신월공설묘지(만장),경기도 광주시 초월읍 신월리 산68,031-760-2844,031-760-1438,,0,공설,25488,7709,1113,미설치,미설치,미설치,미설치,미설치
경기도,여주시,신지리 공동묘지,경기도 여주시 세종대왕면 신지리 706-3,031-887-2263,,,0,공설,0,0,0,미설치,미설치,미설치,미설치,미설치
경기도,파주시,신현교회 묘지,경기도 파주시 탄현면 축현리 산53-1,02-312-2114,,,0,사설,0,0,0,미설치,미설치,미설치,미설치,미설치
경기도,안성시,안성시공설공원묘지(사곡동),경기도 안성시 안성맞춤대로 1423-19 (사곡동),031-675-3766,,,0,공설,40780,40780,1892,미설치,미설치,설치,미설치,미설치
경기도,안양시,안양시안산공설묘지(만장),경기도 안산시 단원구 화정동 산116-1,,,,0,공설,0,0,0,미설치,미설치,미설치,미설치,미설치
경기도,안양시,안양시청계공설묘지(만장),경기도 의왕시 청계동 산8-5,031-421-9165,,,0,공설,359178,359178,5000,미설치,미설치,설치,미설치,미설치
경기도,평택시,안중공설묘지,경기도 평택시 안중읍 학현리 산12-1,031-8024-8526,,,0,공설,20589,20589,1768,미설치,미설치,설치,미설치,미설치
경기도,동두천시,안흥동공설묘지(만장),경기도 동두천시 안흥동 산62,031-860-2218,,,0,공설,8227,8227,300,미설치,미설치,설치,미설치,미설치
경기도,김포시,양택공원묘지(봉안묘),"경기도 김포시 하성면 애기봉로681번길 87-30 (양택리, 양택공원묘지)",031-980-5362,,,0,공설,25938,19638,847,미설치,미설치,설치,미설치,미설치
경기도,양평군,양평군공설공원묘지,"경기도 양평군 양평읍 중앙로111번길 54 (공흥리, 쉼터공원관리사무실)",031-770-3027,,,0,공설,39174,39174,3295,미설치,미설치,설치,미설치,미설치
경기도,양주시,어둔동공설묘지,경기도 양주시 어둔동 산102,031-8082-7714,,,0,공설,0,0,0,미설치,미설치,미설치,미설치,미설치
경기도,연천군,연천읍공설묘지,경기도 연천군 연천읍 현가리 산16-1,031-839-2721,,,0,공설,2885,2826,285,미설치,미설치,미설치,미설치,미설치
경기도,포천시,영북면 제1공설묘지,경기도 포천시 영북면 운천리 산25,031-538-4611,,,0,공설,0,0,0,미설치,미설치,미설치,미설치,미설치
경기도,포천시,영북면 제2공설묘지,경기도 포천시 영북면 자일리 산7,031-538-4611,,,0,공설,0,0,0,미설치,미설치,미설치,미설치,미설치
경기도,포천시,영중면 제1공설묘지,경기도 포천시 영중면 금주리 산180,031-538-4461,,,0,공설,0,0,0,미설치,미설치,미설치,미설치,미설치
경기도,포천시,영중면 제2공설묘지,경기도 포천시 영중면 거사리 산151,031-538-4461,,,0,공설,0,0,0,미설치,미설치,미설치,미설치,미설치
경기도,동두천시,예래원(묘지),경기도 동두천시 탑신로 668 (탑동동),031-867-8707,,www.erehwon.or.kr,200,사설,192300,17443,4504,설치,설치,설치,설치,설치
경기도,오산시,오산시공설공원묘지,경기도 오산시 가장동 산72-2,031-370-3226,,,0,공설,839612,159075,25000,미설치,미설치,미설치,미설치,미설치
경기도,안산시단원구,와동꽃빛공원(공설묘지),경기도 안산시 단원구 순환로 390 (와동),031-481-3359,,,0,공설,4086,4086,6682,설치,설치,설치,미설치,미설치
경기도,의왕시,용산성당 청계묘원,경기도 의왕시 학의동 산12-1,02-713-7508,,,0,사설,0,0,0,미설치,미설치,미설치,미설치,미설치
경기도,양주시,용암리공설묘지,경기도 양주시 은현면 용암리 산65-1,031-8082-7550,,,0,공설,0,0,0,미설치,미설치,미설치,미설치,미설치
경기도,양주시,우고리공설묘지,경기도 양주시 광적면 우고리 산1,031-8082-7610,,,0,공설,0,0,0,미설치,미설치,미설치,미설치,미설치
경기도,안성시,우성공원묘원,"경기도 안성시 일죽면 화곡길 158 (화곡리, 우성공원묘원)",031-672-5008,,www.wspark.co.kr,0,사설,295600,292356,8957,미설치,미설치,설치,미설치,미설치
경기도,양주시,운경공원묘원,경기도 양주시 장흥면 호국로709번길 93-60 (울대리),031-826-4821,031-826-4821,,0,사설,132198,111828,8360,설치,미설치,설치,설치,미설치
경기도,파주시,월롱면공설묘지,경기도 파주시 월롱면 덕은리 169-3,031-940-8065,,,0,공설,13805,13805,822,미설치,미설치,설치,미설치,미설치
경기도,양주시,유양동공설묘지,경기도 양주시 유양동 산99,031-8082-7714,,,0,공설,0,0,0,미설치,미설치,미설치,미설치,미설치
경기도,파주시,은광교회 묘지,경기도 파주시 조리읍 오산리 273-7,02-383-2111,,,0,사설,0,0,588,미설치,미설치,미설치,미설치,미설치
경기도,의정부시,의정부시공설묘지,경기도 양주시 광적면 석우리 산19,031-828-4194,,www.15774129.go.kr/portal/fnlfac/facList.do,30,공설,17415,17415,1197,미설치,미설치,설치,미설치,미설치
경기도,가평군,이곡리 공설묘지,경기도 가평군 북면 이곡리 산7,031-580-2477,,,0,공설,0,0,0,미설치,미설치,미설치,미설치,미설치
경기도,의왕시,이동공설묘지(만장),경기도 의왕시 이동 산57,031-345-2833,,,0,공설,0,0,0,미설치,미설치,미설치,미설치,미설치
경기도,이천시,이천시대월공설공원묘지(만장),경기도 이천시 대월면 초지리 산107-1,031-644-8611,,,0,공설,11702,11702,260,설치,설치,설치,설치,미설치
경기도,이천시,이천시백사공설공원묘지,경기도 이천시 백사면 지읍로53번길 159 (조읍리),031-637-7501,,,0,공설,4959,4959,110,설치,설치,설치,설치,미설치
경기도,이천시,이천시설성공설공원묘지,경기도 이천시 설성면 수산리 82-2,031-644-8669,,,0,공설,1884,1884,41,설치,설치,설치,설치,미설치
경기도,이천시,이천시장호원공설공원묘지(만장),경기도 이천시 장호원읍 방추리 산64-7,031-644-8411,,,0,공설,2678,2678,59,설치,설치,설치,설치,미설치
경기도,포천시,일동면 공설묘지,경기도 포천시 일동면 사직리 산141,031-538-4511,,,0,공설,0,0,0,미설치,미설치,미설치,미설치,미설치
경기도,양주시,입암리공설묘지,경기도 양주시 남면 입암리 352-11,031-8082-7580,,,0,공설,0,0,0,미설치,미설치,미설치,미설치,미설치
경기도,의정부시,자일동공설묘지,경기도 의정부시 호국로1694번길 30-70 (자일동),031-828-4194,,www.15774129.go.kr/portal/fnlfac/facList.do,10,공설,28463,28463,2033,미설치,미설치,미설치,미설치,미설치
경기도,포천시,재림공원묘원,경기도 포천시 소흘읍 송우로 101-16 (송우리),031-542-1081,,,250,사설,178067,133550,5980,설치,미설치,설치,미설치,미설치
경기도,연천군,전곡읍공설묘지,경기도 연천군 전곡읍 고능리 산21-1,031-839-2586,,,0,공설,4860,4860,108,미설치,미설치,설치,미설치,미설치
경기도,포천시,전농동성당 평화묘원,경기도 포천시 화현면 영일로368번길 66 (지현리),031-532-9723,,,500,사설,0,0,0,설치,미설치,설치,설치,설치
경기도,여주시,점봉동 공원묘지,경기도 여주시 점봉동 산11-3,031-887-3771,,,0,공설,5752,5752,127,미설치,미설치,설치,미설치,미설치
경기도,시흥시,정왕공설묘지,경기도 시흥시 정왕동 산2-1,031-310-2265,,,0,공설,83029,83029,500,미설치,미설치,설치,미설치,미설치
경기도,용인시수지구,정자공원묘원,경기도 용인시 수지구 대지로 313 (죽전동),031-264-8481,,,0,사설,2281,2281,50,미설치,미설치,설치,미설치,미설치
경기도,연천군,정주동산,경기도 연천군 청산면 긴여울길 165-20 (장탄리),02-982-1135,,,0,사설,136165,136165,3025,미설치,미설치,설치,미설치,미설치
경기도,파주시,종로성당 나자렛묘원,경기도 파주시 광탄면 혜음로 1276-25 (신산리),031-947-0173,031-947-0173,www.jongnocc.com,150,사설,288387,288387,10000,미설치,미설치,설치,미설치,미설치
경기도,파주시,중림동성당묘원,"경기도 파주시 광탄면 혜음로 818-39 (분수리, 천주교중림공동묘지관리실)",031-947-0430,,,0,사설,0,0,4000,미설치,미설치,미설치,미설치,미설치
경기도,포천시,창수면 제1공설묘지,경기도 포천시 창수면 추동리 산20,031-538-4411,,,0,공설,0,0,0,미설치,미설치,미설치,미설치,미설치
경기도,포천시,창수면 제2공설묘지,경기도 포천시 창수면 주원리 산128,031-538-4411,,,0,공설,0,0,0,미설치,미설치,미설치,미설치,미설치
경기도,포천시,창수면 제3공설묘지,경기도 포천시 창수면 가양리 산208,031-538-4411,,,0,공설,0,0,0,미설치,미설치,미설치,미설치,미설치
경기도,여주시,처리공원묘지,경기도 여주시 점동면 처리 산6,031-887-3816,,,0,공설,30485,30485,847,미설치,미설치,미설치,미설치,미설치
경기도,포천시,천도교 무봉공원,경기도 포천시 소흘읍 무봉리 산141-1  ,02-732-3956,,,0,사설,72794,72794,1454,미설치,미설치,미설치,미설치,미설치
경기도,안성시,천주교안성추모공원(묘원),경기도 안성시 보개면 보삼로 319-34 (북가현리),031-672-4276,031-673-9902,www.ampark.co.kr/index.php,0,사설,292386,213280,14337,설치,설치,설치,미설치,미설치
경기도,용인시처인구,천주교용인공원묘원,"경기도 용인시 처인구 모현읍 오산로 154-62 (오산리, 천주교공원묘지)",031-334-0807,031-334-0854,yi.catholic.or.kr,0,사설,3820,3820,480,설치,미설치,설치,설치,설치
경기도,포천시,천주교혜화동성당 포천묘원,경기도 포천시 소흘읍 윗용상길 68 (이동교리),031-542-1410,,,150,사설,891000,44550,8000,미설치,미설치,설치,미설치,미설치
경기도,양주시,청량리성당 다볼산묘원,경기도 양주시 산북동 산73,02-966-6761,,,0,사설,0,0,0,미설치,미설치,미설치,미설치,미설치
경기도,평택시,청북공설묘지,경기도 평택시 청북면 청북로 457-6 (율북리),031-8024-8897,,,0,공설,8690,8690,2200,설치,미설치,설치,설치,설치
경기도,파주시,청암교회(청암동산),경기 파주시 조리읍 뇌조리 568-5,02-702-6761,,,0,사설,0,0,0,미설치,미설치,미설치,미설치,미설치
경기도,양주시,청파동성당 청파묘원,경기도 양주시 장흥면 호국로 8 (일영리),031-855-5660,,CPD.OR.KR,50,사설,0,0,0,미설치,미설치,설치,미설치,미설치
경기도,파주시,청파동성당 평화묘원,경기도 파주시 탄현면 월롱산로 503-66 (금승리),031-942-9475,,www.cpd.or.kr,150,사설,0,0,0,미설치,미설치,설치,설치,미설치
경기도,가평군,청평면공설묘지,경기도 가평군 가평읍 상색리 산64-3,031-580-4120,,,0,공설,47447,174500,2870,미설치,미설치,미설치,미설치,미설치
경기도,안성시,초동교회공원묘원,경기도 안성시 삼죽면 음촌길 36-77 (배태리),031-672-4049,,,0,사설,446204,400025,30000,설치,미설치,설치,설치,미설치
경기도,김포시,초원지공설묘지,경기도 김포시 대곶면 초원지리 산14,031-980-5338,,,0,공설,141818,141818,7600,미설치,미설치,미설치,미설치,미설치
경기도,파주시,최자실기도원 공원묘지,경기도 파주시 조리읍 오산리 산86,031-947-0091,,,0,사설,0,0,0,미설치,미설치,미설치,미설치,미설치
경기도,광주시,충현동산,경기도 광주시 용샘길 115-25 (목현동),031-764-9617,,www.충현교회.net,100,사설,115042,0,4747,설치,미설치,설치,설치,설치
경기도,파주시,탄현공설묘지,경기도 파주시 탄현면 금승리 산22,031-940-8085,,,0,공설,0,16699,650,미설치,미설치,설치,미설치,미설치
경기도,파주시,통일촌공설묘지,경기도 파주시 군내면 백연리 산27,031-940-8246,,,0,공설,0,80722,5128,미설치,미설치,설치,미설치,미설치
경기도,파주시,파주하늘나라공원,"경기도 파주시 탄현면 방촌로 581-75 (축현리, 하늘나라공원)",031-942-9018,,www.하늘나라공원.com,0,사설,19834,19834,1235,미설치,미설치,설치,미설치,미설치
경기도,파주시,파평공설묘지,경기도 파주시 파평면 율곡리 산5-3,031-940-8165,,,0,공설,0,8743,766,미설치,미설치,설치,미설치,미설치
경기도,김포시,포내공설묘지,경기도 김포시 월곶면 포내리 산36,031-980-5347,,,0,공설,10643,9046,339,미설치,미설치,미설치,미설치,미설치
경기도,안산시,하늘공원(부곡동공설공원묘지),경기도 안산시 상록구 수인로 1824 (부곡동),031-481-3257,,,0,공설,0,8264,495,미설치,미설치,설치,미설치,미설치
경기도,여주시,하다리공설공원묘지,경기도 여주시 흥천면 하다리 78-3,031-887-3884,,,0,공설,4363,4363,220,미설치,미설치,미설치,미설치,미설치
경기도,양주시,하패리공설묘지,경기도 양주시 은현면 하패리 산77,031-8082-7550,,,0,공설,0,0,0,미설치,미설치,미설치,미설치,미설치
경기도,의왕시,학의동공설묘지(만장),경기도 의왕시 학의동 산14,031-345-2833,,,0,공설,0,0,0,미설치,미설치,미설치,미설치,미설치
경기도,양주시,한산리공설묘지,경기도 양주시 남면 한산리 220,031-8082-7580,,,0,공설,0,0,0,미설치,미설치,미설치,미설치,미설치
경기도,파주시,해방교회공원묘원,경기도 파주시 월롱면 도내리 산30-1,02-793-8830,,,0,사설,12716,12716,1086,미설치,미설치,설치,설치,미설치
경기도,여주시,현수리공원묘지,경기도 여주시 점동면 소피아그린길 62 (현수리),031-887-2264,,,0,공설,0,0,0,미설치,미설치,미설치,미설치,미설치
경기도,파주시,화교화원,경기도 파주시 광탄면 샘말길 102 (용미리),031-942-0451,,,300,사설,0,97290,300,미설치,미설치,설치,미설치,미설치
경기도,남양주시,화도공설묘지(만장),경기도 남양주시 화도읍 묵현리 산151,031-590-4287,,,0,공설,476,476,0,미설치,미설치,미설치,미설치,미설치
경기도,포천시,화현면공설묘지,경기도 포천시 화현면 지현리 산24,031-538-3836,,,0,공설,9904,690,4951,미설치,설치,설치,미설치,미설치
경기도,양주시,황방리공설묘지,경기도 양주시 남면 황방리 산8,031-8082-7580,,,0,공설,0,0,0,미설치,미설치,미설치,미설치,미설치
경기도,양주시,회정동공설묘지,경기도 양주시 회정동 산13,031-8082-7750,,,0,공설,0,0,0,미설치,미설치,미설치,미설치,미설치
강원특별자치도,춘천시,(재)경춘공원묘원,강원특별자치도 춘천시 서면 노동길 181 (안보리),033-263-7300,,www.gyoungchun.com/,500,사설,557045,418263,18350,설치,설치,설치,미설치,미설치
강원특별자치도,원주시,(재)원주공원묘원,강원특별자치도 원주시 귀래면 귀문로 599 (귀래리),033-765-0165,,,0,사설,150081,0,9000,미설치,미설치,미설치,미설치,미설치
강원특별자치도,춘천시,(주)광림공원 동산공원묘원(묘지),"강원특별자치도 춘천시 동산면 종자리로 331-50 (군자리, 춘천시공설묘원)",033-263-9446,,www.dongsanpark.co.kr,0,사설,433900,239300,8375,설치,설치,설치,설치,설치
강원특별자치도,강릉시,강릉공원묘원(묘지),강원특별자치도 강릉시 사천면 청솔공원길 400 (석교리),033-644-0533,033-644-1027,,0,사설,210273,210273,50000,미설치,미설치,설치,미설치,미설치
강원특별자치도,고성군,고성군 공설묘원,강원특별자치도 고성군 죽왕면 공설묘원길 9 (가진리),033-680-4373,,,0,공설,0,15,1501,설치,미설치,설치,설치,미설치
강원특별자치도,고성군,고성군공설묘지,강원특별자치도 고성군 죽왕면 공설묘원길 32 (가진리),033-682-4448,033-680-3168,,0,공설,13422,13422,13587,미설치,미설치,미설치,미설치,미설치
강원특별자치도,영월군,대야리공설묘지,강원특별자치도 영월군 김삿갓면 대야리 산56,033-370-2315,,,0,공설,0,0,0,미설치,미설치,미설치,미설치,미설치
강원특별자치도,동해시,동해시하늘정원묘지,"강원특별자치도 동해시 강원남부로 4589 (단봉동, 동해시하늘정원)",033-530-2796,033-530-2735,,0,공설,240383,240383,12903,미설치,미설치,설치,미설치,미설치
강원특별자치도,철원군,목련공원묘원,"강원특별자치도 철원군 서면 싸리골길 133 (자등리, 목련공원)",033-458-4444,,www.mrmpark.co.kr,200,사설,340000,152000,15000,미설치,설치,설치,미설치,미설치
강원특별자치도,영월군,물미묘원,강원특별자치도 영월군 주천면 솔치로 240-120 (신일리),033-370-2823,,,0,공설,66998,6687,2444,미설치,설치,설치,미설치,미설치
강원특별자치도,삼척시,삼척시 추모공원 묘지1.2단지,"강원특별자치도 삼척시 강원남부로 4541 (등봉동, 삼척시공원묘지)",033-574-7912,,www.samcheok.go.kr/memorial,500,공설,93727,43371,3103,설치,미설치,설치,미설치,설치
강원특별자치도,속초시,속초공원묘지,강원특별자치도 속초시 노학동 산158,033-639-2953,,,0,공설,15771,15771,470,미설치,미설치,설치,미설치,미설치
강원특별자치도,양구군,양구군공설묘지,강원특별자치도 양구군 양구읍 금강산로 518-40 (하리),033-481-4441,,,30,공설,6744,6744,280,미설치,미설치,설치,미설치,미설치
강원특별자치도,양양군,양양군공설묘원,"강원특별자치도 양양군 양양읍 남대천로 251-121 (월리, 양양군공설묘원)",033-670-2163,,,0,공설,114369,114369,3600,미설치,미설치,설치,설치,미설치
강원특별자치도,강릉시,영동공원묘원,"강원특별자치도 강릉시 강동면 율곡로 2118-45 (안인리, 영동공원관리묘원사무소)",033-645-7444,,,150,사설,195479,1195479,5846,미설치,미설치,설치,미설치,미설치
강원특별자치도,인제군,인제종합장묘센터 하늘공원,강원특별자치도 인제군 남면 자작나무숲길 56 (남전리),033-462-6989,,,0,공설,4959,4959,110,미설치,미설치,설치,미설치,미설치
강원특별자치도,춘천시,재단법인 춘천공원묘원,강원특별자치도 춘천시 신북읍 배후령길 154-18 (천전리),033-252-4444,,www.ccpark.co.kr,100,사설,106751,106751,3305,미설치,미설치,설치,설치,미설치
강원특별자치도,정선군,정선하늘공원,"강원특별자치도 정선군 여량면 서동로 3867-26 (남곡리, 정선하늘공원)",033-560-3437,,www.jsimc.or.kr/layout/basic/page/page2/page07.html,25,공설,129500,19400,1429,설치,미설치,설치,설치,설치
강원특별자치도,강릉시,청솔공원,"강원특별자치도 강릉시 사천면 청솔공원길 334 (석교리, 청솔공원관리사무소)",033-660-3857,,www.gangneung.go.kr/sub/department/contents.jsp?dcod=department/020004/menu_7/menu_7_3,336,공설,248000,248000,19094,설치,설치,설치,설치,설치
강원특별자치도,춘천시,춘천안식공원(묘지),"강원특별자치도 춘천시 동산면 종자리로 331-50 (군자리, 춘천시공설묘원)",033-263-6454,,ccansikwon.co.kr/?c=2/13,10,공설,357797,247408,26500,설치,미설치,설치,설치,미설치
강원특별자치도,원주시,충효공원묘원,강원특별자치도 원주시 문막읍 만디길 62-58 (궁촌리),033-732-0044,,,0,사설,323399,323399,20000,설치,미설치,설치,미설치,미설치
강원특별자치도,태백시,태백공원묘원,"강원도 태백시 백두대간로 844 (창죽동, 태백공동묘지)",033-550-2844,033-550-2961,,0,공설,155447,123520,2627,설치,미설치,설치,설치,설치
강원특별자치도,평창군,평창군 공설묘원(묘지),"강원특별자치도 평창군 방림면 서동로 1741-36 (방림리, 평창공원묘지)",033-339-9026,,www.pcfmc.or.kr/facilities04,120,공설,0,65687,2140,설치,미설치,설치,미설치,미설치
강원특별자치도,홍천군,홍천군공설묘원,강원특별자치도 홍천군 홍천읍 느리울길 141-22 (하오안리),033-430-2106,,,100,공설,995,0,104,미설치,미설치,설치,설치,미설치
강원특별자치도,화천군,화천공원묘원,강원특별자치도 화천군 하남면 원천리 9-13,033-440-2316,,www.provin.gangwon.kr/gw/portal/sub07_02_07_01,0,공설,1749,1749,58,미설치,미설치,미설치,미설치,미설치
강원특별자치도,횡성군,횡성군공설추모공원(묘지),강원특별자치도 횡성군 갑천면 태기로구방8길 132 (구방리),033-340-2904,,,0,공설,10020,10020,66,미설치,설치,설치,설치,미설치
충청북도,제천시,(재)개나리추모공원,충청북도 제천시 송학면 도화로 194 (도화리),043-642-4444,,,0,사설,158484,0,7630,미설치,미설치,설치,설치,미설치
충청북도,음성군,(재)대지공원묘원,충청북도 음성군 생극면 오신로 504-63 (신양리),043-878-3854,,,1000,사설,582414,0,6009,미설치,미설치,설치,설치,미설치
충청북도,충주시,(재)진달래문화재단,충청북도 충주시 앙성면 와평2길 84 (지당리),043-855-4444,,www.jindallae.kr,30,사설,68628,27192,18000,미설치,설치,설치,미설치,미설치
충청북도,증평군,(재)천주교유지재단 청주교구묘원,충청북도 증평군 증평읍 미암리 산114-1,043-838-8141,,,0,사설,0,0,0,미설치,미설치,미설치,미설치,미설치
충청북도,음성군,꽃동네낙원묘지,충청북도 음성군 맹동면 통동리 산56-21,043-879-0106,,,0,사설,18585,18585,18585,미설치,미설치,미설치,미설치,미설치
충청북도,청주시,매화공원묘지,충청북도 청주시 상당구 가덕면 상장인차로 460 (청용리),043-251-3560,,www.cjsisul.or.kr/home/sub.do?menukey=272,0,공설,2876,2876,19,미설치,미설치,미설치,미설치,미설치
충청북도,청주시,오창장미공원,충청북도 청주시 청원구 오창읍 양청3길 88 (양청리),043-270-7330,,www.cjsisul.or.kr,0,공설,142111,95339,8500,설치,설치,설치,미설치,미설치
충청북도,옥천군,옥천군공설묘지,충청북도 옥천군 군서면 월전리 산19-1,043-733-4404,,,0,공설,98611,1800,220,미설치,미설치,미설치,미설치,미설치
충청북도,진천군,진천군공설묘지,"충청북도 진천군 진천읍 백곡로 1465-34 (장관리, 진천군공설묘지)",043-539-3868,,,0,공설,69107,28628,3000,설치,미설치,설치,설치,설치
충청북도,청주시,천주교가덕공원묘지,충청북도 청주시 상당구 가덕면 시동리 산15,043-298-5880,,,0,사설,61436,61304,6543,미설치,미설치,설치,미설치,미설치
충청북도,청주시,청주시목련공원묘지,충청북도 청주시 상당구 목련로 731 (월오동),043-270-8578,,www.cjsisul.or.kr/home/sub.do?menukey=262,180,공설,108900,90000,6500,설치,설치,설치,설치,설치
충청북도,충주시,충주공원묘원,충청북도 충주시 두루봉길 57 (목행동),043-853-3414,,,0,사설,0,132485,4560,설치,미설치,설치,설치,설치
충청북도,충주시,충주시공설묘지,충청북도 충주시 주덕읍 화곡1길 430 (화곡리),043-850-2301,,,0,공설,25884,25884,1100,설치,미설치,설치,설치,설치
충청북도,충주시,충주천주교회 성요셉공원묘원,충청북도 충주시 단월동 산33-1,043-845-1010,,,0,사설,0,0,0,미설치,미설치,미설치,미설치,미설치
충청남도,천안시동남구,(재)천안공원(묘지),충청남도 천안시 동남구 광덕면 광덕로 383 (신덕리),1544-4471,041-567-0535,www.hurian.com,1000,사설,1083527,1005969,41542,설치,설치,설치,설치,미설치
충청남도,금산군,(재)평화공원,충청남도 금산군 복수면 복수로 1015-81 (신대리),041-752-8503,,,1000,사설,260565,570884,15000,미설치,미설치,설치,설치,미설치
충청남도,천안시,(재)풍산공원묘원,"충청남도 천안시 동남구 병천면 풍산공원길 70 (봉항리, 풍산공원묘역)",041-554-4199,041-554-4197,www.pungsanpark.co.kr,800,사설,484131,484131,18043,미설치,미설치,설치,설치,미설치
충청남도,예산군,(재)화산추모공원(묘지),충청남도 예산군 대술면 대술로 574-57 (화산리),041-332-2284,,www.hwasanpark.co.kr,60,사설,204696,103033,8952,설치,미설치,설치,미설치,미설치
충청남도,당진시,남부권공설묘지,"충청남도 당진시 대호지면 봉선길 123 (장정리, 어성정공동묘지)",041-362-7387,,www.dangjin.go.kr/html/welf/old/old_07_05.html,0,공설,29554,29554,0,미설치,미설치,미설치,미설치,미설치
충청남도,계룡시,대성공원묘원,충청남도 계룡시 두마면 제1산단로 68 (입암리),042-585-0536,,,0,사설,106326,105204,3529,미설치,미설치,미설치,미설치,미설치
충청남도,당진시,대호지공설묘지,"충청남도 당진시 대호지면 봉선길 123 (장정리, 어성정공동묘지)",041-353-3044,,www.dangjin.go.kr/html/welf/old/old_07_04.html,0,공설,25938,19638,939,미설치,미설치,설치,미설치,미설치
충청남도,보령시,보령시모란공원,충청남도 보령시 성주면 만수로 693 (개화리),041-933-5671,,www.brsisul.or.kr/kor/sub01_03_01.do,0,공설,10642,10642,280,설치,설치,설치,미설치,설치
충청남도,서산시,서산시희망공원(묘지),충청남도 서산시 인지면 무학재2길 106 (산동리),041-660-2719,,www.seosan.go.kr/welfare/move.do?usr_menu_cd=2302080000,0,공설,109883,28560,1096,미설치,미설치,설치,미설치,미설치
충청남도,당진시,석문공설묘지,"충청남도 당진시 석문면 통정1길 86-38 (삼화리, 공설묘지관리사)",041-353-5944,,www.dangjin.go.kr/html/welf/old/old_07_04.html,0,공설,6611,6611,295,미설치,미설치,설치,미설치,미설치
충청남도,당진시,솔뫼공설묘지,충청남도 당진시 우강면 우강송산로 64 (송산리),041-363-4786,,www.dangjin.go.kr/html/welf/old/old_07_04.html,0,공설,9620,9620,85,미설치,미설치,설치,미설치,미설치
충청남도,예산군,예산군추모공원,"충청남도 예산군 응봉면 예당로 1345-12 (평촌리, 예산군추모공원)",041-339-8252,041-339-8259,,0,공설,336561,148088,7493,설치,설치,설치,미설치,미설치
충청남도,논산시,진달래공원묘원,충청남도 논산시 벌곡면 벌곡로 234-161 (신양리),042-253-5770,042-256-5159,,0,사설,0,0,0,미설치,미설치,설치,미설치,미설치
충청남도,아산시,천주교성환공원묘지,"충청남도 아산시 음봉면 연암율금로 345-58 (소동리, 성환공원묘지)",041-546-7265,,,0,사설,758309,249499,29021,미설치,미설치,설치,미설치,미설치
충청남도,부여군,청송리 제1공동묘지,충청남도 부여군 세도면 청송리 산17-1,041-830-6748,,,0,공설,0,0,0,미설치,미설치,미설치,미설치,미설치
충청남도,부여군,청송리 제2공동묘지,충청남도 부여군 세도면 청송리 산17-15,041-830-6748,,,0,공설,0,0,0,미설치,미설치,미설치,미설치,미설치
충청남도,부여군,청송리 제3공동묘지,충청남도 부여군 세도면 청송리 산17-24,041-830-6748,,,0,공설,0,0,0,미설치,미설치,미설치,미설치,미설치
충청남도,부여군,청송리 제4공동묘지,충청남도 부여군 세도면 청송리 산17-35,041-830-6748,,,0,공설,0,0,0,미설치,미설치,미설치,미설치,미설치
충청남도,부여군,청송리 제5공동묘지,충청남도 부여군 세도면 청송리 32-1,041-830-6748,,,0,공설,0,0,0,미설치,미설치,미설치,미설치,미설치
충청남도,부여군,청송리 제6공동묘지,충청남도 부여군 세도면 청송리 32-6,041-830-6748,,,0,공설,0,0,0,미설치,미설치,미설치,미설치,미설치
충청남도,청양군,청양군추모공원(묘지),충청남도 청양군 화성면 신수길 142-18 (수정리),041-940-2086,,,80,공설,95554,20247,1060,미설치,미설치,설치,미설치,미설치
충청남도,홍성군,홍성공원묘지,충청남도 홍성군 갈산면 부기리 3,041-630-9823,,,0,공설,0,0,0,미설치,미설치,미설치,미설치,미설치
전북특별자치도,군산시,(재)봉황공원묘지,전라북도 군산시 임피면 미원리 산100-1,063-453-5533,,,100,사설,89171,89171,5017,설치,미설치,설치,설치,미설치
전북특별자치도,군산시,(재)성산공원(묘지),"전라북도 군산시 성산면 왕골로 239-29 (대명리, 성산공원)",063-453-5510,,www.ssmemorialpark.co.kr,0,사설,0,0,0,미설치,미설치,미설치,미설치,미설치
전북특별자치도,진안군,(재)전주공원묘원,"전라북도 진안군 부귀면 모래재로 571 (세동리, 모래공원)",063-433-9104,,,0,사설,11107,11107,55,미설치,미설치,미설치,미설치,미설치
전북특별자치도,김제시,(재)지평선전북공원묘원(묘지),전라북도 김제시 금구면 선암1길 290 (선암리),063-546-5011,,blog.naver.com/jb09002 ,100,사설,190560,47940,500,미설치,미설치,설치,설치,설치
전북특별자치도,무주군,(재)하늘공원 묘원,전라북도 무주군 적상면 방이리 산158-1,063-320-4000,,,0,사설,31636,18981,2560,미설치,미설치,미설치,미설치,미설치
전북특별자치도,완주군,(재)호정공원(묘지),전라북도 완주군 화산면 운곡로 381-64 (운곡리),063-214-1009,,www.hjcloud9.com/,480,사설,103763,24934,2968,미설치,미설치,설치,설치,설치
전북특별자치도,정읍시,(재)화신공원묘원,전라북도 정읍시 옹동면 옹동용호길 110-76 (용호리),063-538-4905,,,200,사설,139523,139523,7992,설치,미설치,설치,설치,미설치
전북특별자치도,군산시,군산시공설묘지,"전라북도 군산시 임피면 서원석곡로 436-34 (보석리, 승화원)",063-453-4055,,,0,공설,1496,1496,0,미설치,미설치,미설치,미설치,미설치
전북특별자치도,고창군,부안수동공설묘지,전라북도 고창군 부안면 수동리 산51-10,063-560-2614,,,0,공설,430135,121149,23047,미설치,미설치,설치,미설치,미설치
전북특별자치도,고창군,부안용산공설묘지,전라북도 고창군 부안면 복분자로 567-2 (용산리),063-560-2614,,,0,공설,114444,86133,4205,설치,설치,설치,설치,미설치
전북특별자치도,진안군,상전망향의공설묘지,전라북도 진안군 상전면 갈현리 367,063-432-9533,,,0,공설,211527,17596,520,미설치,미설치,미설치,미설치,미설치
전북특별자치도,고창군,신림덕화공설묘지,전라북도 고창군 신림면 가평로 576 (덕화리),063-560-2613,,,0,공설,22017,22017,650,미설치,미설치,미설치,미설치,미설치
전북특별자치도,고창군,아산주진공설묘지,전라북도 고창군 아산면 주진리 산16,063-560-2603,,,0,공설,33952,33952,1415,미설치,미설치,설치,미설치,미설치
전북특별자치도,익산시,여산공설묘지,"전라북도 익산시 여산면 가람로 515-50 (두여리, 국군유공자위령공원묘지)",063-833-3657,,,0,공설,30625,30625,2425,미설치,미설치,설치,미설치,미설치
전북특별자치도,익산시,영모묘원,"전라북도 익산시 왕궁면 호반로 173-45 (동봉리, 영모묘원납골당)",063-836-4311,063-836-4313,ymw.kr,1000,사설,131016,42000,13998,설치,미설치,설치,설치,설치
전북특별자치도,군산시,오식도공설묘지(민간위탁),전라북도 군산시 오식도동 503-2,063-445-3400,,,0,공설,0,0,0,미설치,미설치,미설치,미설치,미설치
전북특별자치도,완주군,완주군 공설공원묘지,전라북도 완주군 봉동읍 우주로 270-68 (구암리),063-290-2208,,www.wanju.go.kr/index.wanju?menuCd=DOM_000000104002005005,1500,공설,101593,101593,10900,미설치,미설치,설치,설치,미설치
전북특별자치도,진안군,용담망향의공설묘지,전라북도 진안군 용담면 송풍리 산101-1,063-430-8206,,,0,공설,187042,130926,800,미설치,미설치,설치,미설치,미설치
전북특별자치도,익산시,익산하늘공원묘지,"전라북도 익산시 무왕로 1471-63 (석왕동, 익산공원묘지)",063-859-3847,063-859-5072,,0,공설,0,56436,4948,미설치,설치,설치,설치,미설치
전북특별자치도,임실군,임실군공설묘지,전라북도 임실군 성수면 월평리 산193,063-640-2605,,,0,공설,14073,14073,312,미설치,미설치,설치,미설치,미설치
전북특별자치도,장수군,장계공설묘지,전라북도 장수군 장계면 금덕리 산74-1,063-350-2343,,,0,공설,9620,9620,213,미설치,미설치,설치,미설치,미설치
전북특별자치도,전주시,전주효자공원,"전라북도 전주시 완산구 콩쥐팥쥐로 1705-138 (효자동3가, 전주승화원)",063-239-2694,,www.jjss.or.kr/content02/02_02.asp,1000,공설,127600,109999,0,미설치,미설치,설치,미설치,미설치
전북특별자치도,정읍시,정읍시입암묘지공원,전라북도 정읍시 입암면 연월리 산159,063-539-7153,,,0,공설,22131,22131,491,미설치,미설치,설치,미설치,미설치
전북특별자치도,진안군,후방산 공설묘지,"전라북도 진안군 진안읍 중앙로 67 (군하리, 진안군청)",063-430-2314,,,0,공설,0,0,0,미설치,미설치,미설치,미설치,미설치
전라남도,담양군,(재)광주대교구 담양천주교공원묘원,전라남도 담양군 월산면 월광로 512 (광암리),062-227-7124,,www.gjccp.kr,0,사설,181944,109455,13795,미설치,미설치,설치,설치,미설치
전라남도,여수시,(재)광주대교구 여수천주교공원묘원,전라남도 여수시 소라면 봉두리 산190-6,061-666-5004,,,50,사설,127747,101960,5567,설치,미설치,설치,미설치,미설치
전라남도,여수시,(재)예다원 묘원,전라남도 여수시 소라면 운암길 6 (봉두리),061-665-1004,,,0,사설,18645,11000,635,미설치,미설치,설치,미설치,미설치
전라남도,담양군,갑향군립묘원(묘지),"전라남도 담양군 대전면 추성로 468 (갑향리, 갑향공원)",061-380-3383,,,50,공설,7438,7438,200,미설치,미설치,설치,설치,미설치
전라남도,나주시,공산면공설묘지,전라남도 나주시 공산면 금곡리 317-3,061-339-3686,,,0,공설,67818,67818,5606,미설치,미설치,미설치,미설치,미설치
전라남도,광양시,광양시립영세공원 묘지,전라남도 광양시 광양읍 직동1길 300 (죽림리),061-762-4449,,,0,공설,0,0,0,미설치,미설치,미설치,미설치,미설치
전라남도,구례군,구례군공설묘지,전라남도 구례군 마산면 사도리 산34,061-781-6095,,gurye.go.kr,15,공설,10489,10489,77,미설치,미설치,미설치,미설치,미설치
전라남도,나주시,금남동공설묘지,전라남도 나주시 보산동 산3,061-339-8475,,,0,공설,18140,18140,2143,미설치,미설치,미설치,미설치,미설치
전라남도,나주시,금천면공설묘지(폐쇄),전라남도 나주시 금천면 오강리 산33,061-339-8475,,,0,공설,50083,50083,587,미설치,미설치,미설치,미설치,미설치
전라남도,나주시,남평읍공설묘지,전라남도 나주시 남평읍 교원리 산10-1,061-339-3527,,,0,공설,135150,135150,1954,미설치,미설치,미설치,미설치,미설치
전라남도,나주시,노안면공설묘지(폐쇄),전라남도 나주시 노안면 유곡리 산163,061-061-8604,,,0,공설,6856,6856,72,미설치,미설치,미설치,미설치,미설치
전라남도,나주시,다도면공설묘지,전라남도 나주시 다도면 풍산리 산26,061-339-8473,,,0,공설,29950,29950,3200,미설치,미설치,미설치,미설치,미설치
전라남도,나주시,다시면공설묘지,전라남도 나주시 다시면 회진리 산35,061-339-3710,,,0,공설,92321,92321,1111,미설치,미설치,미설치,미설치,미설치
전라남도,나주시,동강면공설묘지,전라남도 나주시 동강면 월양리 15-11,061-339-3538,,,0,공설,65240,65240,827,미설치,미설치,미설치,미설치,미설치
전라남도,나주시,문평면공설묘지,전라남도 나주시 문평면 북동리 산119-3,061-339-8474,,,0,공설,1320,109,109,미설치,미설치,미설치,미설치,미설치
전라남도,나주시,반남면공설묘지,전라남도 나주시 반남면 흥덕리 302-33,061-339-3658,,,0,공설,12872,12872,108,미설치,미설치,미설치,미설치,미설치
전라남도,보성군,보성공설묘지,전라남도 보성군 보성읍 대야리 1644-1,061-850-5614,,,0,공설,240273,1305,132,미설치,미설치,설치,미설치,미설치
전라남도,나주시,봉황면공설묘지,전라남도 나주시 봉황면 철천리 산132,061-339-8473,,,0,공설,428590,215067,15186,미설치,미설치,미설치,미설치,미설치
전라남도,나주시,부활동산종교재단법인,전라남도 나주시 봉황면 송현리 산74-2,061-332-7978,,,0,사설,477819,477819,23341,미설치,미설치,설치,미설치,미설치
전라남도,나주시,산포면공설묘지,전라남도 나주시 산포면 신도리 산24-1,061-339-8473,,,0,공설,118710,47484,2500,미설치,미설치,미설치,미설치,미설치
전라남도,나주시,성북동공설묘지,전라남도 나주시 대호동 산161,061-339-8474,,,0,공설,1663,1663,77,미설치,미설치,미설치,미설치,미설치
전라남도,나주시,세지면공설묘지,전라남도 나주시 세지면 대산리 산108,061-339-3621,,,0,공설,39654,39654,300,미설치,미설치,미설치,미설치,미설치
전라남도,순천시,순천시립공원묘지,전라남도 순천시 용수동길 920 (삼거동),061-749-4520,061-749-4520,www.suncheon.go.kr,0,공설,210862,210862,6476,미설치,미설치,설치,미설치,미설치
전라남도,여수시,여수시공설묘지공원,전라남도 여수시 소라면 봉두리 산190 ,061-685-8100,061-659-5889,yeosu.go.kr,4,공설,595830,595830,22846,미설치,설치,설치,설치,미설치
전라남도,나주시,영강동공설묘지,전라남도 나주시 안창동 97,061-339-8473,,,0,공설,9818,2969,14,미설치,미설치,미설치,미설치,미설치
전라남도,나주시,영산동공설묘지,전라남도 나주시 평산동 산65-4,061-339-8475,,,0,공설,285322,142661,9415,미설치,미설치,미설치,미설치,미설치
전라남도,영암군,영암군군서공설묘지,전라남도 영암군 군서면 동구림리 산42,061-470-2647,,,0,공설,0,0,0,미설치,미설치,미설치,미설치,미설치
전라남도,영암군,영암군금정공설묘지,전라남도 영암군 금정면 용흥리 산227,061-470-2643,,,0,공설,0,0,0,미설치,미설치,미설치,미설치,미설치
전라남도,영암군,영암군덕진공설묘지,전라남도 영암군 덕진면 영보리 산24,061-470-2642,,,0,공설,20765,20765,200,미설치,미설치,미설치,미설치,미설치
전라남도,영암군,영암군시종공설묘지,전라남도 영암군 시종면 월송리 산1,061-470-2645,,,0,공설,0,0,0,미설치,미설치,미설치,미설치,미설치
전라남도,영암군,영암군신북공설묘지,전라남도 영암군 신북면 월평리 산35,061-470-2644,,,0,공설,0,0,0,미설치,미설치,미설치,미설치,미설치
전라남도,영암군,영암군학산공설묘지,전라남도 영암군 학산면 상월리 산139-13,061-470-2649,,,0,공설,0,0,0,미설치,미설치,미설치,미설치,미설치
전라남도,담양군,오룡군립묘원(묘지),전라남도 담양군 무정면 오룡리 산29,061-380-3384,,,50,공설,10347,4656,344,미설치,미설치,설치,설치,미설치
전라남도,완도군,완도군추모공원,전라남도 완도군 군외면 청해진서로 1702 (삼두리),061-550-5328,,,40,공설,116474,27740,1000,미설치,미설치,설치,설치,미설치
전라남도,나주시,왕곡면공설묘지,전라남도 나주시 왕곡면 덕산리 산74,061-339-3639,,,0,공설,99141,99142,875,미설치,미설치,설치,미설치,미설치
전라남도,무안군,유달공원묘지,전라남도 무안군 삼향읍 수련길 255 (지산리),061-282-4437,,,0,사설,104856,18156,1200,미설치,설치,설치,설치,미설치
전라남도,장흥군,유치공설공원묘지,전라남도 장흥군 유치면 대리 산105-1,061-863-0454,,,10,공설,25811,25811,2400,미설치,미설치,설치,미설치,미설치
전라남도,나주시,이창동공설묘지,전라남도 나주시 이창동 산19-1,061-339-8474,,,0,공설,23802,23802,528,미설치,미설치,미설치,미설치,미설치
전라남도,장흥군,장흥공설공원묘지,"전라남도 장흥군 장흥읍 금산신기길 131 (금산리, 공원묘지관리실)",061-863-0454,,,30,공설,73758,73758,5966,미설치,미설치,설치,미설치,미설치
전라남도,나주시,천주교나주성당공원묘지,전라남도 나주시 청동 산81-1,061-334-2123,,,0,사설,3966,3966,440,미설치,미설치,미설치,미설치,미설치
전라남도,강진군,칠량자연공원묘원,전라남도 강진군 칠량면 삼흥공원길 178-54 (삼흥리),061-433-2011,,www.chilryang.com,50,사설,194674,92430,15000,미설치,미설치,설치,미설치,미설치
전라남도,해남군,해남신안공설묘지,전라남도 해남군 해남읍 신안리 467-3,061-533-8806,,,0,공설,11802,11802,352,미설치,미설치,미설치,미설치,미설치
전라남도,해남군,화산연정공설묘지,전라남도 해남군 화산면 연정리 산61,061-531-3072,,,0,공설,156761,156761,2100,미설치,미설치,미설치,미설치,미설치
전라남도,해남군,황산병온공설묘지,전라남도 해남군 황산면 송호리 890,061-531-3473,,,0,공설,25388,25388,801,미설치,미설치,미설치,미설치,미설치
경상북도,경산시,(재)경맥백합공원,경상북도 경산시 남천면 남천로 188-60 (흥산리),053-813-6044,,,80,사설,109807,98000,10895,미설치,미설치,설치,미설치,미설치
경상북도,경주시,(재)경주공원묘원,경상북도 경주시 강동면 오금큰길 505 (왕신리),054-763-4444,,www.gjpark.co.kr,0,사설,645457,949710,26940,설치,설치,설치,설치,설치
경상북도,경산시,(재)금곡장미공원,경상북도 경산시 남천면 금곡길 28-75 (금곡리),053-814-8800,,,0,사설,7119,7119,45,미설치,미설치,미설치,미설치,미설치
경상북도,성주군,(재)남양공원묘원,경상북도 성주군 선남면 관용로 401-41 (오도리),054-932-4444,,www.nypark.co.kr,0,사설,450000,430000,2500,설치,설치,설치,미설치,미설치
경상북도,경주시,(재)대명공원묘원,경상북도 경주시 강동면 비학로 50-126 (단구리),054-762-3810,054-752-3811,,1000,사설,177559,147581,13000,설치,미설치,설치,미설치,미설치
경상북도,포항시남구,(재)동산공원묘원,경상북도 포항시 남구 동해면 동해안로 5294-90 (상정리),054-248-4444,,,125,사설,170284,32660,3514,설치,미설치,설치,설치,미설치
경상북도,안동시,(재)안동추모공원(묘지),경상북도 안동시 풍산읍 본마을길 36-69 (노리),054-843-7023,,www.andongpark.net,0,사설,0,0,0,미설치,설치,설치,설치,미설치
경상북도,성주군,(재)우성공원묘원,"경상북도 성주군 선남면 관용로 470-54 (용신리, 우성공원사무소)",054-933-4774,054-933-7778,woosungpark.com,900,사설,247933,247933,20000,미설치,설치,설치,설치,미설치
경상북도,칠곡군,(재)조양공원,경상북도 칠곡군 지천면 달방길 215 (달서리),054-972-2205,,,0,사설,198000,158400,10667,설치,미설치,설치,설치,미설치
경상북도,칠곡군,(재)청구공원,경상북도 칠곡군 지천면 백송로 197 (백운리),054-972-1382,,,500,사설,969620,149217,16500,설치,설치,설치,미설치,미설치
경상북도,칠곡군,(재)학명묘원,경상북도 칠곡군 동명면 학명리 산81-1,054-972-5560,,,200,사설,165000,99000,6689,설치,미설치,설치,설치,미설치
경상북도,경산시,경산공원묘원,경상북도 경산시 남천면 남성현로 1011-208 (하도리),053-814-9900,,,0,사설,6248,6248,18,미설치,미설치,미설치,미설치,미설치
경상북도,구미시,구미시선산공설묘지(만장),경상북도 구미시 선산읍 봉곡리 산41,054-480-5188,,,0,공설,0,0,0,미설치,미설치,미설치,미설치,미설치
경상북도,구미시,구미시옥계공설묘지(만장),경상북도 구미시 옥계동 산5-1,054-480-5189,,,0,공설,31930,31930,1500,미설치,미설치,미설치,미설치,미설치
경상북도,김천시,금릉공원묘원,경상북도 김천시 봉산면 광천4길 155-200 (광천리),054-430-0333,,www.grpark.co.kr,100,사설,569707,1143353,25000,설치,설치,설치,설치,설치
경상북도,경산시,대구공원,경상북도 경산시 남천면 하도리 산185,053-816-0834,,,0,사설,4747,4747,395,미설치,미설치,미설치,미설치,미설치
경상북도,영덕군,삼계공설묘지,경상북도 영덕군 영덕읍 삼계리 산66,054-730-7104,,,0,공설,6611,6600,300,설치,미설치,설치,설치,미설치
경상북도,상주시,상주시공설묘지(만장),경상북도 상주시 낙동면 신상리 산8-1,054-532-5704,,,0,공설,694,694,174,미설치,미설치,미설치,미설치,미설치
경상북도,경주시,서라벌공원묘원,경상북도 경주시 서면 갠버불길 183-119 (운대리),054-751-1444,,www.seorabolpark.com,0,사설,154860,95430,4747,설치,설치,설치,미설치,미설치
경상북도,성주군,성주군공설묘지,경상북도 성주군 선남면 관화리 산31-1,054-930-6231,,,0,공설,11504,11504,345,미설치,미설치,미설치,미설치,미설치
경상북도,구미시,재단법인선산공원묘원,경상북도 구미시 옥성면 선상동로 419 (초곡리),054-481-0409,,,400,사설,105352,97804,7500,미설치,미설치,설치,미설치,미설치
경상북도,울진군,죽변화성리공설묘지,"경상북도 울진군 죽변면 성내길 116-9 (화성리, 울진공설묘지관리사무소)",054-789-6681,,,0,공설,320727,192430,10140,미설치,미설치,미설치,미설치,미설치
경상북도,경주시,천부교추모공원,경상북도 경주시 양남면 효동리 1779,051-721-4130,,,213,사설,157976,157976,10529,설치,미설치,설치,설치,미설치
경상북도,김천시,천주교 김천공원묘원,경상북도 김천시 개령면 황계길 280-41 (황계리),054-433-3880,,,0,사설,0,34625,2600,미설치,미설치,미설치,미설치,미설치
경상북도,포항시북구,포항공원묘원,"경상북도 포항시 북구 흥해읍 도음로 764-100 (대련리, 포항공원묘원관리사무실)",054-262-5453,,,0,사설,4866,4866,388,미설치,미설치,설치,설치,미설치
경상북도,칠곡군,현대공원1묘원,경상북도 칠곡군 지천면 낙산로3길 34-22 (낙산리),053-312-1755,053-312-1756,www.hdpark.co.kr,300,사설,562234,393564,26456,설치,미설치,설치,설치,미설치
경상북도,칠곡군,현대공원2묘원,경상북도 칠곡군 동명면 다부거문1길 51-75 (가천리),054-972-6375,054-973-6375,www.hdpark.co.kr,300,사설,292386,213280,14337,설치,미설치,설치,설치,미설치
경상남도,김해시,(재)낙원추모공원,경상남도 김해시 한림면 김해대로1402번길 148 (신천리),055-343-0656,055-343-0650,www.nakwonpark.co.kr,0,사설,446204,273894,30000,설치,설치,설치,미설치,미설치
경상남도,의령군,(재)동산공원묘원 묘지,경상남도 의령군 부림면 함의로 2180-269 (경산리),055-574-8181,,,0,사설,0,0,0,미설치,미설치,미설치,미설치,미설치
경상남도,양산시,(재)석계공원묘원,"경상남도 양산시 상북면 오룡길 148-45 (외석리, 석계공원묘지)",055-374-8436,,www.skpark.co.kr,500,사설,2836118,2826118,43866,미설치,설치,설치,설치,미설치
경상남도,고성군,(재)이화공원묘원,경상남도 고성군 상리면 장치로 220-107 (자은리),055-674-0909,,,0,사설,217301,204860,13330,설치,미설치,설치,미설치,미설치
경상남도,거창군,가북공설공원묘지,경상남도 거창군 가북면 용암리 산125,055-940-3892,,www.geochang.go.kr/welfare/Index.do?c=WL0306040200,0,공설,4165,4165,4,미설치,미설치,미설치,미설치,미설치
경상남도,거창군,가조공설공원묘지,경상남도 거창군 가조면 일부리 산5,055-940-3892,,www.geochang.go.kr/welfare/Index.do?c=WL0306040200,0,공설,13107,13107,3540,미설치,미설치,미설치,미설치,미설치
경상남도,거창군,거창공설공원묘지,경상남도 거창군 거창읍 가지리 산170,055-942-6836,,www.geochang.go.kr/welfare/Index.do?c=WL0306040200,0,공설,3387,3387,115,미설치,미설치,미설치,미설치,미설치
경상남도,거창군,고제공설공원묘지,경상남도 거창군 고제면 봉산리 1314,055-940-3892,,www.geochang.go.kr/welfare/Index.do?c=WL0306040200,0,공설,251188,251188,6284,미설치,미설치,미설치,미설치,미설치
경상남도,김해시,김해공원묘원,"경상남도 김해시 생림대로 93-103 (삼계동, 김해공원묘원)",055-331-0823,,,500,사설,190889,188063,20319,설치,설치,설치,미설치,미설치
경상남도,김해시,김해하늘공원(묘지),경상남도 김해시 생림면 생림대로928번길 10-91 (봉림리),055-335-9716,055-326-9716,www.gimhaeskypark.com,300,사설,142111,95339,8500,미설치,설치,설치,미설치,미설치
경상남도,거창군,남상공설공원묘지,경상남도 거창군 남상면 무촌리 산253,055-940-3892,,www.geochang.go.kr/welfare/Index.do?c=WL0306040200,0,공설,13385,13385,110,미설치,미설치,미설치,미설치,미설치
경상남도,남해군,남해추모누리 공설종합묘원,"경상남도 남해군 서면 연죽로 46-77 (연죽리, 남해공설종합묘원추모누리)",055-860-3681,,www.namhae.go.kr/welfare/Index.do?c=WL0601020000,100,공설,44786,44786,1455,설치,설치,설치,설치,설치
경상남도,함양군,동대공동묘지,경상남도 함양군 서상면 산145,055-960-4924,,,0,공설,0,0,0,미설치,미설치,미설치,미설치,미설치
경상남도,거창군,북상공설공원묘지,경상남도 거창군 북상면 월성리 산150,055-940-3892,,www.geochang.go.kr/welfare/Index.do?c=WL0306040200,0,공설,39140,39140,360,미설치,미설치,미설치,미설치,미설치
경상남도,사천시,사천시공설묘지,경상남도 사천시 사천읍 구암리 산15-2,055-831-2652,,,0,공설,58796,58796,4300,미설치,미설치,미설치,미설치,미설치
경상남도,양산시,신불산공원묘원,경상남도 양산시 어실로 604 (어곡동),055-388-4567,055-363-0590,www.shinbulsanpark.co.kr,0,사설,0,0,12903,설치,설치,설치,미설치,미설치
경상남도,김해시,영락공원묘원,경상남도 김해시 주촌면 서부로1637번길 546 (덕암리),055-337-3223,,,0,사설,286515,84245,11000,미설치,미설치,설치,설치,미설치
경상남도,거창군,웅양공설공원묘지,경상남도 거창군 웅양면 죽림리 산108,055-940-3892,,www.geochang.go.kr/welfare/Index.do?c=WL0306040200,0,공설,2381,2381,382,미설치,미설치,설치,미설치,미설치
경상남도,거창군,월평공설공원묘지,경상남도 거창군 남상면 월평리 산201,055-940-3892,,www.geochang.go.kr/welfare/Index.do?c=WL0306040200,0,공설,4129,4129,313,미설치,미설치,미설치,미설치,미설치
경상남도,의령군,의령군공설묘지,"경상남도 의령군 정곡면 법정로 580-9 (예둔리, 공설묘원)",055-574-0967,,,0,공설,166595,166595,6660,미설치,미설치,설치,미설치,미설치
경상남도,고성군,장기공설공원묘원,경상남도 고성군 동해면 장기리 산209-2,055-670-2372,,,0,공설,10090,10090,15372,미설치,미설치,미설치,미설치,미설치
경상남도,양산시,재단법인 솥발산공원묘원,경상남도 양산시 하북면 삼덕로 288 (답곡리),055-382-7714,,www.sotbalsanpark.modoo.at/,150,사설,399571,320423,23000,설치,설치,설치,미설치,미설치
경상남도,진주시,진주내동공원묘원,"경상남도 진주시 내동면 유수길75번길 8-214 (유수리, 진주내동공동묘원)",055-756-1500,,www.ndpark.co.kr,100,사설,562925,396937,20380,설치,설치,설치,설치,설치
경상남도,창원시마산합포구,창원공원묘원(묘지),경상남도 창원시 마산합포구 진동면 공원묘원로 134 (인곡리),055-271-1700,055-271-3545,www.changwonpark.kr,3800,사설,1553617,645258,34217,미설치,설치,설치,미설치,미설치
경상남도,창원시진해구,천자봉공원묘원,"경상남도 창원시 진해구 진해대로 1426-48 (서중동, 천자봉공원묘원관리사무실)",055-545-8200,,,0,사설,412147,332320,35000,설치,설치,설치,미설치,미설치
경상남도,창원시,천주교 창원공원묘원,경상남도 창원시 진해구 경화동 산1-2,055-547-3552,,,0,사설,3136,3136,694,미설치,미설치,미설치,미설치,미설치
경상남도,양산시,천주교부산교구 하늘공원,"경상남도 양산시 상북면 공원로3길 19 (상삼리, 추모관)",055-374-8733,,hanul.catb.kr,0,사설,105352,69421,6800,미설치,미설치,설치,미설치,미설치
경상남도,거제시,충해공원묘지,경상남도 거제시 연초면 천곡리 산71,055-639-3806,,,40,공설,61436,61436,6500,미설치,미설치,설치,설치,미설치
경상남도,함안군,함안군공설추모공원,"경상남도 함안군 가야읍 봉수로 609 (도항리, 함안군공설추모공원)",055-582-1207,,hamanhaneul.or.kr/,0,공설,50816,16150,6400,설치,미설치,설치,미설치,설치
경상남도,함양군,함양하늘공원(묘지),"경상남도 함양군 지곡면 함양로 2139-2 (마산리, 하늘공원)",055-964-0303,,www.parksky.kr,0,사설,246220,110000,29522,설치,미설치,설치,설치,미설치
경상남도,창원시마산회원구,합성동공설묘지,경상남도 창원시 마산회원구 합성동 산61-4,055-220-3533,,,0,공설,1983,1120,37,미설치,미설치,미설치,미설치,미설치
제주특별자치도,제주시,(재)대한예수교장로회 기독교공동묘원,제주특별자치도 제주시 아라일동 296,064-753-1231,,,0,사설,9620,9620,213,미설치,미설치,미설치,미설치,미설치
제주특별자치도,제주시,구좌읍공설묘지,제주특별자치도 제주시 구좌읍 송당리 54-1,064-728-7723,,,0,공설,397,397,43,미설치,미설치,미설치,미설치,미설치
제주특별자치도,서귀포시,남원읍공설묘지,"제주특별자치도 서귀포시 남원읍 서성로 955-24 (수망리, 공동장례식장)",064-760-4134,,,0,공설,4661,4661,698,미설치,미설치,미설치,미설치,미설치
제주특별자치도,서귀포시,남원읍무연공동묘지,제주특별자치도 서귀포시 남원읍 한남리 산91,064-760-4131,,,0,공설,0,0,0,미설치,미설치,미설치,미설치,미설치
제주특별자치도,서귀포시,대정읍공설묘지,제주특별자치도 서귀포시 대정읍 보성리 2135,064-760-4031,,www.jeju.go.kr/wel/sir/sirBurial.htm,0,공설,99500,99500,1450,미설치,미설치,설치,미설치,미설치
제주특별자치도,서귀포시,대정읍무연공동묘지,제주특별자치도 서귀포시 대정읍 동일리 2081-1,064-760-4031,,,0,공설,0,0,0,미설치,미설치,미설치,미설치,미설치
제주특별자치도,서귀포시,모슬포 천주교공동묘지,제주특별자치도 서귀포시 대정읍 동일리 1249-4,064-794-2074,,,0,사설,24882,24882,1500,미설치,미설치,설치,미설치,미설치
제주특별자치도,서귀포시,모슬포교회 공동묘지,제주특별자치도 서귀포시 대정읍 동일리 1277,064-794-9427,,,0,사설,234220,234220,30000,미설치,미설치,설치,미설치,미설치
제주특별자치도,서귀포시,상효동공설묘지,제주특별자치도 서귀포시 상효동 1927,064-760-6521,,,0,공설,0,0,0,미설치,미설치,미설치,미설치,미설치
제주특별자치도,서귀포시,색달동공설묘지,제주특별자치도 서귀포시 색달동 산2-1,064-760-6522,,,0,공설,147023,109420,10450,설치,설치,설치,설치,미설치
제주특별자치도,제주시,서부공설묘지,제주특별자치도 제주시 연동 1203,064-728-2563,,,0,공설,467671,178883,8944,미설치,미설치,설치,미설치,미설치
제주특별자치도,서귀포시,성산읍공설묘지,제주특별자치도 서귀포시 성산읍 금백조로 548 (수산리),064-760-4234,,www.seogwipo.go.kr/contents/index.php?mid=010203&mcidx=94,0,공설,11900,11900,492,설치,미설치,설치,설치,미설치
제주특별자치도,서귀포시,성산읍무연공동묘지,제주특별자치도 서귀포시 성산읍 신산리 1746,064-760-4231,,,0,공설,0,0,0,미설치,미설치,미설치,미설치,미설치
제주특별자치도,제주시,신동아교회묘지,제주특별자치도 제주시 해안동 195,064-799-5272,,,0,사설,17554,17554,520,미설치,미설치,미설치,미설치,미설치
제주특별자치도,서귀포시,안덕면공설묘지,제주특별자치도 서귀포시 안덕면 상창리 1119,064-760-4331,,,0,공설,5653,5653,350,미설치,미설치,미설치,미설치,미설치
제주특별자치도,제주시,애월읍공설묘지,제주특별자치도 제주시 애월읍 광령리 산157,064-728-8831,,,0,공설,18645,18645,556,미설치,미설치,미설치,미설치,미설치
제주특별자치도,제주시,애향묘지,제주특별자치도 제주시 노형동 산18-1,064-728-2563,,,0,공설,22810,22810,2074,미설치,미설치,미설치,미설치,미설치
제주특별자치도,제주시,어승생공설묘지,제주특별자치도 제주시 연동 2488-1,064-728-2563,,,0,공설,184265,101345,5067,미설치,미설치,설치,미설치,미설치
제주특별자치도,제주시,예수장로회 제주교회묘지,제주특별자치도 제주시 구좌읍 세화리 2453-2,064-722-3091,,,0,사설,15868,7920,810,미설치,미설치,미설치,미설치,미설치
제주특별자치도,제주시,우도면공설묘지,제주특별자치도 제주시 우도면 연평리 394,064-728-4331,,,0,공설,152580,15420,939,미설치,미설치,미설치,미설치,미설치
제주특별자치도,제주시,제주향교묘지,제주특별자치도 제주시 동샘길 44-14 (영평동),064-757-2249,,,0,사설,19093,19093,424,미설치,미설치,설치,설치,미설치
제주특별자치도,제주시,조수천주교묘지,제주특별자치도 제주시 한경면 조수리 4041,064-773-2217,,,0,사설,144794,126458,17127,미설치,미설치,미설치,미설치,미설치
제주특별자치도,제주시,조천읍공설묘지,제주특별자치도 제주시 조천읍 선흘리 4116,064-728-7831,,,0,공설,969620,292386,19690,미설치,미설치,미설치,미설치,미설치
제주특별자치도,제주시,조천장로교회묘지,제주특별자치도 제주시 조천읍 와산리 462,064-783-6078,,,0,사설,165000,99000,6689,미설치,미설치,설치,미설치,미설치
제주특별자치도,제주시,천아오름공원묘지,제주특별자치도 제주시 한림읍 광산로 11-50 (상대리),064-796-4044,,,0,사설,24080,24080,450,미설치,미설치,설치,미설치,미설치
제주특별자치도,제주시,천주교제주교구묘지,제주특별자치도 제주시 기와5길 117-22 (화북이동),064-756-5531,,,0,사설,58192,58192,1939,설치,미설치,설치,미설치,미설치
제주특별자치도,서귀포시,표선면공설묘지,제주특별자치도 서귀포시 표선면 서성일로189번길 313 (성읍리),064-760-4431,,,0,공설,28628,28628,2711,설치,미설치,설치,설치,미설치
제주특별자치도,서귀포시,표선면무연공동묘지,제주특별자치도 서귀포시 표선면 토산리 산11,064-760-4431,,,0,공설,0,0,0,미설치,미설치,미설치,미설치,미설치
