"국적(지역)별(1)","국적(지역)별(2)",성별(1),2011,2011,2011,2011,2011,2011,2011,2011,2011,2011,2011,2011,2011,2011,2012,2012,2012,2012,2012,2012,2012,2012,2012,2012,2012,2012,2012,2012,2013,2013,2013,2013,2013,2013,2013,2013,2013,2013,2013,2013,2013,2013,2014,2014,2014,2014,2014,2014,2014,2014,2014,2014,2014,2014,2014,2014,2015,2015,2015,2015,2015,2015,2015,2015,2015,2015,2015,2015,2015,2015,2016,2016,2016,2016,2016,2016,2016,2016,2016,2016,2016,2016,2016,2016,2017,2017,2017,2017,2017,2017,2017,2017,2017,2017,2017,2017,2017,2017,2018,2018,2018,2018,2018,2018,2018,2018,2018,2018,2018,2018,2018,2018,2019,2019,2019,2019,2019,2019,2019,2019,2019,2019,2019,2019,2019,2019,2020,2020,2020,2020,2020,2020,2020,2020,2020,2020,2020,2020,2020,2020,2021,2021,2021,2021,2021,2021,2021,2021,2021,2021,2021,2021,2021,2021,2022,2022,2022,2022,2022,2022,2022,2022,2022,2022,2022,2022,2022,2022,2023,2023,2023,2023,2023,2023,2023,2023,2023,2023,2023,2023,2023,2023,2024,2024,2024,2024,2024,2024,2024,2024,2024,2024,2024,2024,2024,2024
"국적(지역)별(1)","국적(지역)별(2)",성별(1),합계,0~4세,5~9세,10~14세,15~19세,20~24세,25~29세,30~34세,35~39세,40~44세,45~49세,50~54세,55~59세,60세이상,합계,0~4세,5~9세,10~14세,15~19세,20~24세,25~29세,30~34세,35~39세,40~44세,45~49세,50~54세,55~59세,60세이상,합계,0~4세,5~9세,10~14세,15~19세,20~24세,25~29세,30~34세,35~39세,40~44세,45~49세,50~54세,55~59세,60세이상,합계,0~4세,5~9세,10~14세,15~19세,20~24세,25~29세,30~34세,35~39세,40~44세,45~49세,50~54세,55~59세,60세이상,합계,0~4세,5~9세,10~14세,15~19세,20~24세,25~29세,30~34세,35~39세,40~44세,45~49세,50~54세,55~59세,60세이상,합계,0~4세,5~9세,10~14세,15~19세,20~24세,25~29세,30~34세,35~39세,40~44세,45~49세,50~54세,55~59세,60세이상,합계,0~4세,5~9세,10~14세,15~19세,20~24세,25~29세,30~34세,35~39세,40~44세,45~49세,50~54세,55~59세,60세이상,합계,0~4세,5~9세,10~14세,15~19세,20~24세,25~29세,30~34세,35~39세,40~44세,45~49세,50~54세,55~59세,60세이상,합계,0~4세,5~9세,10~14세,15~19세,20~24세,25~29세,30~34세,35~39세,40~44세,45~49세,50~54세,55~59세,60세이상,합계,0~4세,5~9세,10~14세,15~19세,20~24세,25~29세,30~34세,35~39세,40~44세,45~49세,50~54세,55~59세,60세이상,합계,0~4세,5~9세,10~14세,15~19세,20~24세,25~29세,30~34세,35~39세,40~44세,45~49세,50~54세,55~59세,60세이상,합계,0~4세,5~9세,10~14세,15~19세,20~24세,25~29세,30~34세,35~39세,40~44세,45~49세,50~54세,55~59세,60세이상,합계,0~4세,5~9세,10~14세,15~19세,20~24세,25~29세,30~34세,35~39세,40~44세,45~49세,50~54세,55~59세,60세이상,합계,0~4세,5~9세,10~14세,15~19세,20~24세,25~29세,30~34세,35~39세,40~44세,45~49세,50~54세,55~59세,60세이상
"아시아주계","한국계중국인",계,-,-,-,-,-,-,-,-,-,-,-,-,-,-,-,-,-,-,-,-,-,-,-,-,-,-,-,-,-,-,-,-,-,-,-,-,-,-,-,-,-,-,-,-,-,-,-,-,-,-,-,-,-,-,-,-,-,-,-,-,-,-,-,-,-,-,-,-,-,-,-,-,-,-,-,-,-,-,-,-,-,-,-,-,-,-,-,-,-,-,-,-,-,-,-,-,-,-,-,-,-,-,-,-,-,-,-,-,-,-,-,-,-,-,-,-,-,-,-,-,-,-,-,-,-,-,-,-,-,-,-,-,-,-,-,-,-,-,-,-,-,-,-,-,-,-,-,-,-,-,-,-,-,-,602907,8199,8049,4950,3354,7113,17595,45633,61749,51889,49579,79628,88235,176934,627450,6785,8971,5865,4448,7910,16446,40034,63999,54906,50004,78098,85460,204524,643277,5245,9701,6713,5283,9055,15656,34507,64246,57236,52946,74049,84421,224219
"아시아주계","한국계중국인",남성,244397,2188,491,298,837,4647,17309,24190,26652,35356,43199,35394,29584,24252,232561,2310,621,287,663,4379,19636,24754,23372,33005,36236,32055,27172,28071,262353,2272,816,285,702,6695,29329,29949,25587,34392,36766,34227,26956,34377,310364,2222,993,282,643,7061,32298,32855,29545,37361,41553,43497,35188,46866,328035,2281,1156,293,624,6624,33404,34897,30861,35483,42329,45774,39219,55090,326662,2780,1354,340,713,6041,30008,35503,30779,31824,41615,49092,34930,61683,357954,4294,1950,707,1591,7697,28250,39538,34991,32323,46369,50113,41445,68686,372783,5839,2631,1231,1969,7729,24180,39988,36405,32546,46274,49475,48212,76304,367032,6652,2946,1537,1695,6605,19677,38324,35698,32839,42780,46572,49505,82202,339616,5997,2909,1604,1084,4753,14532,34183,34872,31278,36761,43122,46589,81932,325112,4837,3180,1685,1076,3946,11175,29436,35495,31119,33228,43461,49072,77402,320545,4117,4030,2505,1650,3729,9292,24723,35438,32361,30587,44398,45909,81806,331311,3427,4509,2923,2204,4151,8751,21746,36393,33875,30815,43987,44675,93855,337983,2691,4891,3321,2606,4785,8293,18779,36327,34712,32543,42304,44056,102675
"아시아주계","한국계중국인",여성,226173,1991,509,275,728,5326,17117,18255,19112,29887,42364,36963,29645,24001,215316,2074,659,265,575,5191,18745,18959,16346,27223,35464,33292,28353,28170,235636,2080,843,245,688,7480,25493,22419,17320,26870,34054,34858,27384,35902,280492,1987,957,289,666,7621,28989,25251,19735,27705,37929,43770,34720,50873,298620,2083,1091,318,659,7314,29396,27570,20504,24867,37467,45631,39561,62159,300342,2640,1223,404,734,6533,27157,29086,20616,21498,35836,47758,35916,70941,321775,4051,1797,772,1400,7034,25152,31898,23183,20463,37638,47051,41522,79814,335299,5713,2467,1282,1769,6779,21740,33085,24690,20131,35612,44939,47953,89139,334066,6473,2838,1629,1696,5769,17923,32509,25496,20463,31659,41980,49374,96257,307960,5973,2804,1614,1186,4187,13612,29154,25565,19147,25778,37859,45509,95572,289553,4811,3118,1618,1115,3571,10321,25239,26209,18725,21711,36151,46127,90837,282362,4082,4019,2445,1704,3384,8303,20910,26311,19528,18992,35230,42326,95128,296139,3358,4462,2942,2244,3759,7695,18288,27606,21031,19189,34111,40785,110669,305294,2554,4810,3392,2677,4270,7363,15728,27919,22524,20403,31745,40365,121544
"아시아주계","중국",계,-,-,-,-,-,-,-,-,-,-,-,-,-,-,-,-,-,-,-,-,-,-,-,-,-,-,-,-,-,-,-,-,-,-,-,-,-,-,-,-,-,-,-,-,-,-,-,-,-,-,-,-,-,-,-,-,-,-,-,-,-,-,-,-,-,-,-,-,-,-,-,-,-,-,-,-,-,-,-,-,-,-,-,-,-,-,-,-,-,-,-,-,-,-,-,-,-,-,-,-,-,-,-,-,-,-,-,-,-,-,-,-,-,-,-,-,-,-,-,-,-,-,-,-,-,-,-,-,-,-,-,-,-,-,-,-,-,-,-,-,-,-,-,-,-,-,-,-,-,-,-,-,-,-,246897,8160,10090,6422,8462,37282,25111,27149,31100,26105,21306,20800,13496,11414,314945,8832,11549,7757,12121,46608,41385,34581,39094,31128,24430,24061,16223,17176,315682,7946,11377,8630,13466,51825,36888,28909,40154,31791,25706,23859,16922,18209
"아시아주계","중국",남성,98922,1291,682,582,3905,27545,15238,10234,11679,11418,7413,3690,2412,2833,118096,2448,1237,856,4921,28850,20035,12001,11383,12858,9063,5743,4649,4052,128005,4035,2181,1237,5069,24871,20438,12664,11615,13837,10459,7866,8254,5479,139369,6265,3149,1703,6305,24036,23965,14314,12618,14091,10809,9488,7350,5276,147930,7799,3989,1965,7278,23773,24237,15856,13134,13852,11887,10491,8138,5531,177488,9322,5131,2429,8451,25040,26329,21207,16583,15708,15347,12529,11649,7763,153468,7929,5205,2756,6802,21243,21466,20598,16554,13791,13958,8880,7066,7220,166685,7024,5338,3003,5825,21823,21234,25318,19731,15971,16382,10376,7857,6803,172224,6298,5854,3151,5935,22057,19948,27635,20556,16910,16394,11212,8320,7954,114237,5202,5504,3173,3649,14146,10498,16768,13351,11391,11051,8895,5847,4762,103237,4270,5608,3383,3403,12632,8902,13524,12525,10475,9828,8790,5530,4367,110335,4158,5171,3324,3744,14702,10064,12483,13948,11651,9760,9755,6156,5419,136005,4553,5882,3949,5341,18215,15175,14770,17624,13665,10751,10811,7283,7986,135660,4057,5854,4428,5836,20411,14366,12468,18149,13532,10904,10213,7273,8169
"아시아주계","중국",여성,108462,1181,652,590,3994,31740,19723,11556,9157,9510,8155,4423,3125,4656,132471,2229,1203,863,4960,32433,25146,15038,10096,11467,9921,6627,5626,6862,152119,3759,2047,1262,5741,29885,26823,16943,11380,13177,12203,10221,10284,8394,168429,5962,3137,1654,7642,31480,31498,20302,13562,12993,11881,11426,9530,7362,181286,7694,3874,1920,8822,33703,34153,22468,14146,12538,12197,12279,10280,7212,212115,8982,4672,2446,10490,39736,36484,27254,17504,13807,14861,14294,12702,8883,184877,7618,4936,2686,8915,36004,29003,25675,18178,12943,13399,9902,7819,7799,195799,6759,5081,2848,7536,36828,28693,28325,21075,15463,16032,11190,8759,7210,228460,5875,5582,3042,8063,41049,34785,37623,25698,18429,17735,12722,9695,8162,133093,4822,5359,2920,4346,20888,13881,19089,16204,12454,11666,9521,6751,5192,122291,4012,5399,3183,4127,18101,12516,15445,15632,12365,10646,9620,6569,4676,136562,4002,4919,3098,4718,22580,15047,14666,17152,14454,11546,11045,7340,5995,178940,4279,5667,3808,6780,28393,26210,19811,21470,17463,13679,13250,8940,9190,180022,3889,5523,4202,7630,31414,22522,16441,22005,18259,14802,13646,9649,10040
"아시아주계","베트남",계,-,-,-,-,-,-,-,-,-,-,-,-,-,-,-,-,-,-,-,-,-,-,-,-,-,-,-,-,-,-,-,-,-,-,-,-,-,-,-,-,-,-,-,-,-,-,-,-,-,-,-,-,-,-,-,-,-,-,-,-,-,-,-,-,-,-,-,-,-,-,-,-,-,-,-,-,-,-,-,-,-,-,-,-,-,-,-,-,-,-,-,-,-,-,-,-,-,-,-,-,-,-,-,-,-,-,-,-,-,-,-,-,-,-,-,-,-,-,-,-,-,-,-,-,-,-,-,-,-,-,-,-,-,-,-,-,-,-,-,-,-,-,-,-,-,-,-,-,-,-,-,-,-,-,235007,1856,1116,979,9155,54644,44328,38194,29567,15557,11848,11108,9114,7541,271712,2319,1483,1313,14117,60266,50349,42964,34022,19273,13088,12488,10402,9628,305936,2916,1713,1394,21865,68770,56306,46294,38082,22683,13723,12270,9973,9947
"아시아주계","베트남",남성,63516,104,59,44,438,13942,28437,9983,6151,2273,966,602,329,188,62631,129,74,42,198,12227,26504,11956,5806,2549,1033,1022,685,406,59053,149,80,52,226,8747,22813,13721,5724,2922,1220,1378,1239,782,64618,177,99,105,384,7549,22153,16233,6280,3716,2193,2532,1953,1244,66511,224,146,122,619,6238,20065,17532,6547,4207,2987,3468,2564,1792,71727,322,185,215,1895,6678,18742,18775,7008,4663,3546,4351,2994,2353,82885,468,279,240,3812,10368,18541,20504,8939,5081,4236,4485,3388,2544,98151,634,408,333,5636,16848,19640,21624,11692,5836,4874,4515,3519,2592,113811,715,432,362,6209,22870,21302,23073,14878,7125,5535,4755,3896,2659,107407,709,352,235,2826,23759,19448,21779,16151,7055,5260,4198,3318,2317,106452,782,359,219,2566,23782,20000,20440,16899,7215,5143,3781,3119,2147,123207,945,575,434,3799,25645,23790,22454,19038,9008,5874,4807,3837,3001,144348,1183,755,594,5907,28725,27843,25904,21783,11543,6384,5441,4378,3908,163085,1508,828,655,9218,33355,30960,28133,24462,13817,6683,5431,4107,3928
"아시아주계","베트남",여성,52703,111,61,48,2151,21131,15585,5288,2549,1522,1670,1393,788,406,57623,130,99,59,1805,19746,17369,6448,2758,2024,2484,2395,1490,816,61016,135,103,85,1547,17755,17977,7271,3090,2513,3352,3484,2402,1302,65355,188,135,121,1371,16142,18220,8610,3578,3005,4165,4636,3209,1975,70247,246,178,188,1436,14880,19243,9974,4009,3260,4787,5305,4140,2601,77657,339,271,249,3143,15561,19332,11338,4512,3738,5151,6041,4759,3223,86853,452,362,301,5240,17875,19777,12841,5662,4243,5620,6181,4968,3331,98482,589,452,439,7653,21991,20516,14171,6891,4987,5892,6239,5106,3556,110707,738,511,430,9136,26607,21269,15475,8502,5804,6369,6474,5450,3942,103836,664,433,268,4760,28444,19914,15618,8917,5397,5556,5711,4584,3570,102288,767,400,277,3491,28767,19320,15298,9489,5520,5435,5390,4519,3615,111800,911,541,545,5356,28999,20538,15740,10529,6549,5974,6301,5277,4540,127364,1136,728,719,8210,31541,22506,17060,12239,7730,6704,7047,6024,5720,142851,1408,885,739,12647,35415,25346,18161,13620,8866,7040,6839,5866,6019
"아시아주계","타이(태국)",계,-,-,-,-,-,-,-,-,-,-,-,-,-,-,-,-,-,-,-,-,-,-,-,-,-,-,-,-,-,-,-,-,-,-,-,-,-,-,-,-,-,-,-,-,-,-,-,-,-,-,-,-,-,-,-,-,-,-,-,-,-,-,-,-,-,-,-,-,-,-,-,-,-,-,-,-,-,-,-,-,-,-,-,-,-,-,-,-,-,-,-,-,-,-,-,-,-,-,-,-,-,-,-,-,-,-,-,-,-,-,-,-,-,-,-,-,-,-,-,-,-,-,-,-,-,-,-,-,-,-,-,-,-,-,-,-,-,-,-,-,-,-,-,-,-,-,-,-,-,-,-,-,-,-,201681,394,580,589,1616,10131,37279,44833,39389,30874,18788,10550,4502,2156,202121,339,644,648,1567,9445,35025,45608,39619,31763,19240,10593,5178,2452,188770,316,644,697,1447,8335,30017,42571,37314,30253,18826,10449,5298,2603
"아시아주계","타이(태국)",남성,28233,91,157,193,438,2215,5531,7181,6180,3956,1240,591,259,201,26133,90,152,220,526,2836,5231,6245,5104,3103,1445,649,305,227,32210,90,156,162,587,3768,6539,7984,6505,3397,1721,751,331,219,53990,103,175,262,1042,6738,10345,11891,10480,7041,3732,1420,502,259,52240,111,170,166,766,5841,10200,11426,10521,6921,3784,1517,528,289,53942,130,192,254,645,5700,10654,11601,10755,7238,4092,1708,628,345,77144,159,174,200,1180,9008,15659,15616,14600,10288,6163,2740,948,409,96801,193,230,227,1242,10977,20522,19820,17936,12679,7678,3629,1127,541,99711,248,266,300,1038,10017,21247,20600,18543,13305,8111,4031,1331,674,87844,142,75,62,351,6423,18069,18781,17098,12937,7988,4130,1337,451,83761,117,69,66,187,4261,16279,18220,16543,13073,8278,4590,1551,527,93283,209,264,232,708,4227,16970,20292,18034,14573,9176,5438,2214,946,94237,182,282,296,758,4504,16196,20963,18144,14767,9156,5379,2526,1084,88005,157,306,289,711,4299,14266,19746,16961,13731,8785,5131,2500,1123
"아시아주계","타이(태국)",여성,17401,76,145,219,446,1823,3348,3779,3193,2124,1175,569,262,242,19812,95,181,244,548,2213,3820,4161,3458,2428,1408,692,272,292,22900,80,155,215,563,2740,4582,4915,3916,2750,1599,781,324,280,40324,82,166,317,952,5767,8367,8457,6954,4792,2558,1103,428,381,41108,128,147,225,784,5549,8404,8717,7187,5004,2843,1258,499,363,46918,136,192,300,835,5902,9777,9681,8137,5849,3446,1592,626,445,76115,170,180,285,1404,10663,16744,15856,13137,8851,5110,2346,891,478,100963,215,247,373,1572,13704,22358,21325,18152,11762,6598,3033,1048,576,110198,248,302,353,1344,13553,24103,23244,20039,13377,7761,3731,1361,782,93542,153,109,72,347,8330,19614,20705,18603,13013,7495,3541,1171,389,88039,121,103,93,172,5368,17040,20112,17937,13401,7969,3895,1368,460,108398,185,316,357,908,5904,20309,24541,21355,16301,9612,5112,2288,1210,107884,157,362,352,809,4941,18829,24645,21475,16996,10084,5214,2652,1368,100765,159,338,408,736,4036,15751,22825,20353,16522,10041,5318,2798,1480
"아시아주계","일본",계,-,-,-,-,-,-,-,-,-,-,-,-,-,-,-,-,-,-,-,-,-,-,-,-,-,-,-,-,-,-,-,-,-,-,-,-,-,-,-,-,-,-,-,-,-,-,-,-,-,-,-,-,-,-,-,-,-,-,-,-,-,-,-,-,-,-,-,-,-,-,-,-,-,-,-,-,-,-,-,-,-,-,-,-,-,-,-,-,-,-,-,-,-,-,-,-,-,-,-,-,-,-,-,-,-,-,-,-,-,-,-,-,-,-,-,-,-,-,-,-,-,-,-,-,-,-,-,-,-,-,-,-,-,-,-,-,-,-,-,-,-,-,-,-,-,-,-,-,-,-,-,-,-,-,46741,828,1521,1069,2067,6417,5677,3956,3954,4152,4108,4291,4176,4525,58438,916,1833,1546,2573,7855,7333,4974,4402,4811,5101,5592,5229,6273,65216,1043,2110,1913,2851,8555,8578,5961,4817,5129,5428,5761,5423,7647
"아시아주계","일본",남성,22025,789,821,952,858,1088,1653,1837,2222,2472,2237,1935,1617,3544,20032,730,758,836,755,939,1420,1642,1956,2185,2175,1826,1556,3254,19360,724,721,694,653,975,1240,1567,1848,2162,2185,1891,1527,3173,16972,646,592,573,612,921,1060,1352,1529,1852,2015,1732,1311,2777,15875,544,583,508,559,879,961,1200,1435,1702,1813,1678,1250,2763,17207,692,669,619,555,1082,1091,1266,1482,1793,2033,1713,1356,2856,17203,777,655,601,639,1240,1157,1280,1402,1715,1939,1753,1363,2682,19325,954,750,773,800,1432,1443,1338,1503,1841,2112,1988,1556,2835,27061,934,815,812,1007,2790,2444,2099,2244,2477,2969,2787,2169,3514,6973,430,403,207,193,422,418,410,556,634,757,739,703,1101,6789,352,441,212,219,443,438,432,505,630,686,728,609,1094,12928,445,745,482,561,1078,1136,893,958,1065,1215,1265,1126,1959,16690,497,938,712,800,1522,1502,1184,1075,1301,1441,1707,1490,2521,19896,560,1096,850,919,1970,1981,1434,1295,1471,1669,1899,1666,3086
"아시아주계","일본",여성,36144,734,770,1075,1271,3160,4302,4397,4668,4769,4300,2587,1396,2715,37142,726,746,844,1304,3663,4869,4580,4636,4720,4561,2797,1403,2293,36721,634,619,764,1323,3656,4538,4533,4489,4650,4636,3081,1435,2363,32180,602,573,627,1184,3142,3509,3850,3908,4158,4178,3100,1499,1850,32034,562,594,577,1231,3348,3270,3713,3845,3897,3985,3461,1633,1918,34090,679,600,633,1567,4162,3319,3670,3806,3886,4081,3633,1946,2108,36467,764,670,690,1848,4890,3750,3789,3924,3986,3975,3977,2162,2042,41553,900,785,986,2302,6510,4459,3889,4016,4110,4252,4178,2604,2562,59135,874,814,1029,3813,11597,7382,5183,5112,5101,5557,5399,3818,3456,19542,421,415,234,477,1735,1684,1747,2213,2265,2232,2470,2267,1382,21304,304,452,237,717,2459,2207,1872,2182,2254,2184,2426,2386,1624,33813,383,776,587,1506,5339,4541,3063,2996,3087,2893,3026,3050,2566,41748,419,895,834,1773,6333,5831,3790,3327,3510,3660,3885,3739,3752,45320,483,1014,1063,1932,6585,6597,4527,3522,3658,3759,3862,3757,4561
"아시아주계","우즈베키스탄",계,-,-,-,-,-,-,-,-,-,-,-,-,-,-,-,-,-,-,-,-,-,-,-,-,-,-,-,-,-,-,-,-,-,-,-,-,-,-,-,-,-,-,-,-,-,-,-,-,-,-,-,-,-,-,-,-,-,-,-,-,-,-,-,-,-,-,-,-,-,-,-,-,-,-,-,-,-,-,-,-,-,-,-,-,-,-,-,-,-,-,-,-,-,-,-,-,-,-,-,-,-,-,-,-,-,-,-,-,-,-,-,-,-,-,-,-,-,-,-,-,-,-,-,-,-,-,-,-,-,-,-,-,-,-,-,-,-,-,-,-,-,-,-,-,-,-,-,-,-,-,-,-,-,-,79136,3126,2515,2175,3120,10324,11905,11105,10690,7862,5267,3384,2413,5250,87698,3592,2904,2516,4186,11485,13420,11808,11392,8405,5678,3720,2622,5970,94893,4223,3258,2620,5674,13332,14732,12081,11360,8869,5845,4038,2643,6218
"아시아주계","우즈베키스탄",남성,22516,92,45,42,142,2364,4833,5223,4829,2683,925,757,420,161,25806,155,80,60,162,2950,5914,5808,5110,2839,1017,872,564,275,27975,248,159,103,215,3338,6324,6088,5261,3165,1100,917,659,398,31366,310,277,160,319,3416,7000,6889,5559,3602,1367,1058,856,553,32593,428,382,228,388,3667,7146,7105,5216,3672,1596,1071,989,705,36502,659,552,330,598,3882,7827,7740,5632,3991,1895,1242,1167,987,41649,874,723,477,1005,5112,8596,8328,6197,4214,2238,1354,1260,1271,45364,997,817,604,1412,7062,8710,8630,6476,4146,2380,1373,1261,1496,50172,1193,924,725,1769,8910,9138,8810,7113,4452,2722,1423,1313,1680,43032,1114,832,742,962,7669,7567,7245,6238,4068,2613,1336,1092,1554,43349,1248,956,859,948,7385,7460,6766,6421,4357,2795,1481,1088,1585,51600,1603,1269,1107,2065,8057,9077,7780,7362,5117,3160,1830,1194,1979,57538,1857,1458,1285,2918,9005,10339,8517,7807,5537,3321,2026,1279,2189,62429,2142,1678,1322,4087,10280,11364,8845,7712,5851,3413,2183,1271,2281
"아시아주계","우즈베키스탄",여성,7226,102,55,40,114,703,1358,1407,953,640,590,640,438,186,8882,170,101,65,152,813,1650,1654,1168,796,667,741,543,362,10540,241,150,89,182,868,2049,1862,1380,952,723,847,665,532,12486,311,237,153,222,903,2339,2107,1620,1160,887,986,825,736,14510,422,381,207,252,1061,2671,2311,1840,1365,1009,1028,965,998,17988,605,517,347,341,1302,2892,2883,2295,1722,1316,1188,1267,1313,21221,817,681,436,476,1509,3087,3427,2682,2070,1565,1276,1411,1784,23069,956,812,537,595,1880,3079,3665,2832,2261,1640,1302,1440,2070,25148,1114,891,658,761,2256,3055,3800,3113,2436,1822,1393,1457,2392,22173,1023,815,665,605,1869,2561,3311,2858,2252,1661,1201,1133,2219,23328,1224,946,802,684,1892,2460,3266,2986,2420,1830,1288,1085,2445,27536,1523,1246,1068,1055,2267,2828,3325,3328,2745,2107,1554,1219,3271,30160,1735,1446,1231,1268,2480,3081,3291,3585,2868,2357,1694,1343,3781,32464,2081,1580,1298,1587,3052,3368,3236,3648,3018,2432,1855,1372,3937
"아시아주계","필리핀",계,-,-,-,-,-,-,-,-,-,-,-,-,-,-,-,-,-,-,-,-,-,-,-,-,-,-,-,-,-,-,-,-,-,-,-,-,-,-,-,-,-,-,-,-,-,-,-,-,-,-,-,-,-,-,-,-,-,-,-,-,-,-,-,-,-,-,-,-,-,-,-,-,-,-,-,-,-,-,-,-,-,-,-,-,-,-,-,-,-,-,-,-,-,-,-,-,-,-,-,-,-,-,-,-,-,-,-,-,-,-,-,-,-,-,-,-,-,-,-,-,-,-,-,-,-,-,-,-,-,-,-,-,-,-,-,-,-,-,-,-,-,-,-,-,-,-,-,-,-,-,-,-,-,-,57452,385,512,615,658,1655,7409,13796,12103,8496,4902,3260,1844,1817,64055,424,655,776,877,2198,8315,15231,13371,9240,5305,3389,2134,2140,70392,539,902,1099,1214,2372,8435,15922,15176,10212,6054,3537,2383,2547
"아시아주계","필리핀",남성,26163,135,130,118,157,852,3464,7325,7315,4503,1239,504,230,191,19736,141,137,158,209,1157,2810,4853,4675,3220,1336,518,297,225,23370,166,142,158,212,1235,3288,6081,6059,3267,1575,596,334,257,27321,194,195,206,281,1870,4256,6842,6768,3408,1843,731,392,335,28807,198,183,181,247,2150,5027,6801,6880,3579,1967,791,424,379,30456,219,225,230,332,2221,5725,6648,7177,3764,2079,887,465,484,31215,262,254,277,358,2170,5969,6615,7151,3995,2110,1093,480,481,32194,316,294,343,415,2177,6533,7049,6790,3775,2166,1245,544,547,33491,334,357,341,420,1893,6590,7617,6491,4137,2338,1532,770,671,26486,209,216,126,104,871,4588,6504,5330,3960,2070,1406,604,498,24421,143,130,113,91,483,3486,5871,5131,4001,2211,1521,702,538,30970,200,235,285,295,789,4053,7640,6746,4791,2582,1709,920,725,35172,226,325,396,388,1117,4906,8878,7513,5078,2709,1738,1031,867,38434,277,445,500,580,1120,4763,9368,8782,5637,2986,1773,1158,1045
"아시아주계","필리핀",여성,21379,139,124,145,346,3848,5404,4564,2920,1693,915,597,316,368,22483,149,141,173,352,4057,5837,4665,2857,1668,1038,696,396,454,24144,157,161,153,330,4055,6315,5097,3091,1794,1147,760,534,550,26217,200,212,225,380,3828,6657,5594,3576,1973,1342,897,635,698,26170,209,209,189,324,3212,6713,5633,3783,2100,1461,906,710,721,26524,225,234,221,387,2658,6580,5695,3909,2300,1589,1047,783,896,27265,256,271,294,491,2176,6376,5921,4254,2619,1696,1173,823,915,27945,275,352,359,500,1985,5998,6142,4427,2853,1878,1335,866,975,28907,295,359,393,486,1827,5676,6407,4700,3195,1992,1488,983,1106,23314,209,224,152,87,867,4172,5883,4383,2927,1721,1173,712,804,22450,129,154,131,102,590,3333,5705,4583,3080,1863,1250,730,800,26482,185,277,330,363,866,3356,6156,5357,3705,2320,1551,924,1092,28883,198,330,380,489,1081,3409,6353,5858,4162,2596,1651,1103,1273,31958,262,457,599,634,1252,3672,6554,6394,4575,3068,1764,1225,1502
"아시아주계","인도네시아",계,-,-,-,-,-,-,-,-,-,-,-,-,-,-,-,-,-,-,-,-,-,-,-,-,-,-,-,-,-,-,-,-,-,-,-,-,-,-,-,-,-,-,-,-,-,-,-,-,-,-,-,-,-,-,-,-,-,-,-,-,-,-,-,-,-,-,-,-,-,-,-,-,-,-,-,-,-,-,-,-,-,-,-,-,-,-,-,-,-,-,-,-,-,-,-,-,-,-,-,-,-,-,-,-,-,-,-,-,-,-,-,-,-,-,-,-,-,-,-,-,-,-,-,-,-,-,-,-,-,-,-,-,-,-,-,-,-,-,-,-,-,-,-,-,-,-,-,-,-,-,-,-,-,-,50841,375,521,682,834,7767,14171,10950,7372,4307,1872,888,406,696,63226,364,677,884,1204,10775,17032,13821,8900,5066,2214,987,486,816,73180,467,813,1067,1229,13241,19193,15597,10221,5776,2706,1269,623,978
"아시아주계","인도네시아",남성,30760,106,254,343,437,4869,9119,7907,5099,1650,389,220,161,206,31540,115,253,427,423,5819,8869,7813,5030,1794,402,264,152,179,34769,112,249,329,416,7084,9950,8445,5128,1943,489,258,153,213,40038,110,256,335,371,7995,11752,9889,5784,2341,532,263,170,240,40443,109,170,212,264,7894,11524,10262,6376,2480,594,199,154,205,40155,141,257,301,359,7613,11404,9559,6187,2751,788,337,178,280,37919,124,210,247,358,6184,10992,9102,6375,2711,823,330,192,271,39122,153,281,361,384,6963,11301,8726,6224,2891,918,408,206,306,40041,167,301,401,475,7306,11347,8550,6179,3141,1085,478,254,357,32865,71,50,29,57,5226,9991,7828,5577,2686,863,235,89,163,30062,89,61,32,47,3475,9167,7534,5265,2845,1001,282,91,173,42362,196,266,295,317,6447,12635,9820,6462,3546,1303,498,205,372,52979,179,345,392,611,9055,15211,12482,7838,4124,1536,557,232,417,60666,224,398,517,512,11076,16982,13893,9030,4637,1852,732,326,487
"아시아주계","인도네시아",여성,6211,86,227,391,419,776,1054,1088,710,540,339,220,145,216,6478,107,247,449,421,941,985,994,754,637,386,203,124,230,6830,121,271,452,509,1098,1072,959,714,587,410,254,167,216,6907,124,237,443,421,1227,1129,963,766,585,398,221,153,240,6095,94,153,217,377,1264,1107,913,716,473,328,190,114,149,7451,129,222,364,519,1410,1241,981,837,595,454,276,169,254,7409,108,215,316,547,1360,1301,988,825,606,458,274,176,235,8244,129,280,481,691,1368,1344,979,940,741,555,301,161,274,8813,170,304,478,705,1370,1398,1052,998,858,578,377,197,328,3993,81,48,24,95,688,980,674,544,389,224,131,49,66,4126,81,54,32,87,676,999,711,567,392,266,136,57,68,8479,179,255,387,517,1320,1536,1130,910,761,569,390,201,324,10247,185,332,492,593,1720,1821,1339,1062,942,678,430,254,399,12514,243,415,550,717,2165,2211,1704,1191,1139,854,537,297,491
"아시아주계","몽골",계,-,-,-,-,-,-,-,-,-,-,-,-,-,-,-,-,-,-,-,-,-,-,-,-,-,-,-,-,-,-,-,-,-,-,-,-,-,-,-,-,-,-,-,-,-,-,-,-,-,-,-,-,-,-,-,-,-,-,-,-,-,-,-,-,-,-,-,-,-,-,-,-,-,-,-,-,-,-,-,-,-,-,-,-,-,-,-,-,-,-,-,-,-,-,-,-,-,-,-,-,-,-,-,-,-,-,-,-,-,-,-,-,-,-,-,-,-,-,-,-,-,-,-,-,-,-,-,-,-,-,-,-,-,-,-,-,-,-,-,-,-,-,-,-,-,-,-,-,-,-,-,-,-,-,53038,1899,2001,1453,2972,6485,6686,8814,7201,4907,4094,2871,1969,1686,54846,2038,2030,1582,3771,7759,7251,8348,7456,4738,3676,2836,1708,1653,57093,2113,2375,2054,4914,8822,7652,7435,7313,4702,3455,2832,1647,1779
"아시아주계","몽골",남성,15703,288,150,157,592,2573,3958,3074,2255,1429,669,314,130,114,14131,326,154,125,610,2769,3536,2468,1774,1171,601,309,156,132,13021,287,133,108,481,2395,3345,2265,1658,1076,613,326,185,149,12865,325,165,116,463,2182,3132,2247,1652,1154,631,400,220,178,15686,442,220,124,441,2409,3946,3011,1993,1420,792,448,239,201,17256,665,319,160,555,2189,3963,3488,2203,1613,975,587,313,226,22078,832,438,225,931,2572,4613,4392,2828,2120,1446,863,487,331,22380,848,575,317,1051,2552,4491,4523,2906,2066,1456,784,447,364,23122,907,712,376,846,2496,4268,4833,3172,2105,1609,893,508,397,20646,801,611,344,577,2180,3660,4479,3034,1951,1425,847,443,294,17372,717,589,348,686,2033,2768,3574,2541,1511,1145,744,412,304,24320,964,969,695,1388,2880,3236,4572,3568,2142,1628,1069,649,560,25173,1033,1014,761,1702,3368,3483,4349,3747,2091,1471,1035,556,563,26051,1073,1163,996,2281,3773,3555,3804,3700,2104,1403,1050,554,595
"아시아주계","몽골",여성,12931,279,148,169,563,1802,2875,2329,1843,1280,838,446,191,168,12330,343,173,156,518,1726,2646,2175,1613,1197,830,482,242,229,11154,304,159,126,418,1444,2298,1954,1454,1167,821,520,259,230,11696,333,201,156,423,1324,2316,2008,1493,1302,871,618,356,295,14841,471,253,149,433,1636,3112,2669,1929,1626,1104,705,422,332,17950,674,373,176,550,1784,3517,3217,2281,1980,1397,1001,592,408,23666,830,498,256,920,2250,4099,4027,2952,2666,2115,1532,950,571,23906,836,621,344,1218,2311,4009,4201,2939,2525,2137,1347,825,593,25063,869,698,402,1118,2441,3768,4498,3175,2578,2325,1464,954,773,21865,723,669,375,678,2372,3234,4005,2927,2249,2019,1368,756,490,19640,675,638,366,834,2542,2670,3255,2605,1893,1734,1229,732,467,28718,935,1032,758,1584,3605,3450,4242,3633,2765,2466,1802,1320,1126,29673,1005,1016,821,2069,4391,3768,3999,3709,2647,2205,1801,1152,1090,31042,1040,1212,1058,2633,5049,4097,3631,3613,2598,2052,1782,1093,1184
"아시아주계","캄보디아",계,-,-,-,-,-,-,-,-,-,-,-,-,-,-,-,-,-,-,-,-,-,-,-,-,-,-,-,-,-,-,-,-,-,-,-,-,-,-,-,-,-,-,-,-,-,-,-,-,-,-,-,-,-,-,-,-,-,-,-,-,-,-,-,-,-,-,-,-,-,-,-,-,-,-,-,-,-,-,-,-,-,-,-,-,-,-,-,-,-,-,-,-,-,-,-,-,-,-,-,-,-,-,-,-,-,-,-,-,-,-,-,-,-,-,-,-,-,-,-,-,-,-,-,-,-,-,-,-,-,-,-,-,-,-,-,-,-,-,-,-,-,-,-,-,-,-,-,-,-,-,-,-,-,-,49240,178,113,88,237,6485,17051,13867,6358,2280,680,727,568,608,57018,226,147,116,794,8343,17453,16312,7957,2906,699,762,601,702,63681,309,160,114,670,11063,17609,18459,8791,3439,916,762,630,759
"아시아주계","캄보디아",남성,10640,5,5,4,132,3473,3971,1951,789,219,34,29,12,16,16506,6,4,10,164,5851,5933,3127,897,291,76,82,41,24,21833,5,9,13,78,7434,7966,4449,1104,395,124,136,78,42,26679,12,9,9,71,8959,9454,5421,1638,502,204,212,128,60,30075,17,12,13,185,9488,11082,5798,2156,579,256,236,155,98,31546,18,13,12,76,9898,11505,6101,2415,591,287,285,203,142,32071,21,23,10,87,8799,12383,6359,2810,580,318,286,230,165,31736,34,29,27,88,7264,12639,6894,3096,611,350,285,243,176,32159,36,42,30,104,6873,12920,7135,3123,795,329,308,254,210,27833,43,19,3,11,4813,10979,7224,2975,934,266,232,192,142,27913,64,21,6,7,3655,10977,7793,3387,1131,289,249,183,151,32939,98,54,43,147,4127,11508,10006,4380,1451,313,314,235,263,38243,123,79,64,605,5322,11391,12022,5536,1890,348,309,258,296,43693,157,89,56,548,7832,11580,13611,6221,2234,473,303,270,319
"아시아주계","캄보디아",여성,6680,4,5,5,161,3022,2387,658,200,85,47,49,33,24,8104,2,7,2,146,3219,2919,1025,233,141,140,132,83,55,10153,7,6,6,141,3585,3790,1496,259,229,203,209,131,91,11716,10,6,6,106,3956,4258,1829,398,283,278,286,185,115,13134,17,11,8,134,4040,4883,2103,584,317,294,310,269,164,14286,23,10,10,94,4337,4947,2567,732,334,352,376,297,207,15034,34,19,16,113,4252,5176,2764,1022,297,406,375,336,224,15276,45,29,31,101,3853,5138,3119,1243,313,440,376,330,258,15406,47,48,42,135,3505,5221,3145,1410,398,431,388,360,276,13572,45,19,9,26,2530,4754,3247,1410,454,335,292,245,206,13612,49,24,8,19,2046,4905,3238,1644,557,341,310,257,214,16301,80,59,45,90,2358,5543,3861,1978,829,367,413,333,345,18775,103,68,52,189,3021,6062,4290,2421,1016,351,453,343,406,19988,152,71,58,122,3231,6029,4848,2570,1205,443,459,360,440
"아시아주계","네팔",계,-,-,-,-,-,-,-,-,-,-,-,-,-,-,-,-,-,-,-,-,-,-,-,-,-,-,-,-,-,-,-,-,-,-,-,-,-,-,-,-,-,-,-,-,-,-,-,-,-,-,-,-,-,-,-,-,-,-,-,-,-,-,-,-,-,-,-,-,-,-,-,-,-,-,-,-,-,-,-,-,-,-,-,-,-,-,-,-,-,-,-,-,-,-,-,-,-,-,-,-,-,-,-,-,-,-,-,-,-,-,-,-,-,-,-,-,-,-,-,-,-,-,-,-,-,-,-,-,-,-,-,-,-,-,-,-,-,-,-,-,-,-,-,-,-,-,-,-,-,-,-,-,-,-,47865,229,125,53,98,5203,16095,13470,7408,3333,1028,490,208,125,63369,310,197,77,518,8336,21182,17587,9373,3683,1159,542,243,162,74641,624,376,136,1391,11466,22423,20136,11504,4180,1367,558,280,200
"아시아주계","네팔",남성,11527,31,13,8,54,1935,3410,2950,2046,857,159,40,18,6,16574,36,12,13,52,3648,5335,3834,2325,1045,192,47,22,13,19467,37,15,15,19,4533,6689,4236,2382,1235,215,58,19,14,23745,40,18,14,103,4870,8822,5223,2857,1361,296,95,23,23,26823,42,21,19,99,5034,10101,6229,3299,1436,381,106,34,22,30394,50,23,18,68,5741,11327,7253,3784,1461,472,125,36,36,32687,54,21,13,123,6350,11485,8104,4172,1583,559,142,49,32,36039,55,25,12,135,7306,12473,8786,4593,1778,615,165,58,38,37867,70,28,17,159,7296,12961,9470,4696,1984,734,279,110,63,35018,70,28,13,91,5443,11735,9483,4759,2129,778,313,111,65,32290,90,38,15,39,3402,10623,9347,4984,2390,792,364,136,70,41296,123,56,24,52,3987,13920,11997,6620,2969,886,401,169,92,54667,156,89,41,292,6508,18397,15759,8423,3264,1003,430,192,113,61147,322,190,67,784,7792,18463,17587,10267,3701,1175,448,207,144
"아시아주계","네팔",여성,1729,19,14,10,15,378,533,399,202,104,26,12,8,9,2334,26,13,6,21,584,733,503,246,129,36,18,10,9,2548,23,15,6,19,568,826,559,283,143,50,25,16,15,3045,32,18,7,22,647,1058,617,340,156,74,37,17,20,3362,41,17,12,21,610,1152,748,384,180,89,48,30,30,3714,37,23,13,21,685,1232,847,432,176,113,56,41,38,3940,41,24,17,38,719,1297,893,471,182,128,56,40,34,4417,53,25,15,75,908,1359,983,514,215,131,62,39,38,4914,68,28,13,96,1201,1461,1008,529,244,130,74,30,32,4725,66,26,13,61,1123,1403,963,560,269,128,69,23,21,4613,77,35,17,21,894,1443,1007,589,302,128,69,18,13,6569,106,69,29,46,1216,2175,1473,788,364,142,89,39,33,8702,154,108,36,226,1828,2785,1828,950,419,156,112,51,49,13494,302,186,69,607,3674,3960,2549,1237,479,192,110,73,56
"아시아주계","타이완(대만)",계,-,-,-,-,-,-,-,-,-,-,-,-,-,-,-,-,-,-,-,-,-,-,-,-,-,-,-,-,-,-,-,-,-,-,-,-,-,-,-,-,-,-,-,-,-,-,-,-,-,-,-,-,-,-,-,-,-,-,-,-,-,-,-,-,-,-,-,-,-,-,-,-,-,-,-,-,-,-,-,-,-,-,-,-,-,-,-,-,-,-,-,-,-,-,-,-,-,-,-,-,-,-,-,-,-,-,-,-,-,-,-,-,-,-,-,-,-,-,-,-,-,-,-,-,-,-,-,-,-,-,-,-,-,-,-,-,-,-,-,-,-,-,-,-,-,-,-,-,-,-,-,-,-,-,25417,232,520,493,725,2131,3288,3072,2492,2344,1617,1650,1479,5374,33225,381,865,737,895,2695,4766,4443,3476,3141,2239,1988,1706,5893,35838,412,844,749,947,3274,5366,5108,3664,3148,2364,2062,1756,6144
"아시아주계","타이완(대만)",남성,12984,273,406,580,773,798,1257,1289,1057,1063,1174,1444,1181,1689,13853,269,444,601,778,881,1446,1481,1139,1153,1132,1411,1306,1812,12932,221,354,494,705,836,1230,1351,1047,1083,1047,1316,1321,1927,13790,246,401,505,694,974,1338,1535,1149,1124,1047,1303,1358,2116,13378,277,356,441,671,972,1194,1437,1169,1071,1059,1175,1335,2221,14534,360,365,445,633,1049,1499,1630,1468,1131,1072,1153,1357,2372,14994,360,431,505,619,1119,1539,1578,1543,1204,1139,1068,1318,2571,16698,415,515,578,645,1232,1984,1830,1713,1384,1206,1125,1301,2770,16947,371,404,400,516,1249,2062,1905,1810,1413,1296,1159,1289,3073,9488,167,207,219,321,560,731,648,829,708,736,790,891,2681,8984,96,216,202,290,498,701,609,712,727,663,744,806,2720,11012,111,272,250,343,647,1064,1067,938,991,741,891,816,2881,13674,176,447,354,397,788,1512,1594,1267,1231,962,971,895,3080,14773,191,416,363,417,1006,1823,1926,1376,1290,972,956,870,3167
"아시아주계","타이완(대만)",여성,13332,261,350,544,737,1336,1906,1697,1084,881,898,1060,873,1705,16560,246,398,504,778,1829,2884,2436,1480,1116,935,1130,981,1843,14766,206,346,419,710,1680,2295,2073,1267,1032,873,1002,985,1878,17410,245,360,470,718,2074,2782,2651,1765,1226,952,1034,1072,2061,16624,256,323,425,694,1977,2427,2458,1770,1177,970,972,1037,2138,19469,291,356,458,732,2334,3302,3017,2084,1396,1088,1054,1071,2286,21174,337,387,485,700,2654,3514,3042,2615,1638,1238,1042,1054,2468,24608,404,524,620,802,3252,4122,3410,2916,1975,1486,1260,1140,2697,25820,342,380,418,734,3199,4414,3574,3159,2219,1675,1378,1301,3027,9956,169,186,201,302,841,1102,1164,1086,815,625,542,644,2279,9570,102,185,182,270,756,1046,1159,1072,838,574,523,580,2283,14405,121,248,243,382,1484,2224,2005,1554,1353,876,759,663,2493,19551,205,418,383,498,1907,3254,2849,2209,1910,1277,1017,811,2813,21065,221,428,386,530,2268,3543,3182,2288,1858,1392,1106,886,2977
"아시아주계","카자흐스탄",계,-,-,-,-,-,-,-,-,-,-,-,-,-,-,-,-,-,-,-,-,-,-,-,-,-,-,-,-,-,-,-,-,-,-,-,-,-,-,-,-,-,-,-,-,-,-,-,-,-,-,-,-,-,-,-,-,-,-,-,-,-,-,-,-,-,-,-,-,-,-,-,-,-,-,-,-,-,-,-,-,-,-,-,-,-,-,-,-,-,-,-,-,-,-,-,-,-,-,-,-,-,-,-,-,-,-,-,-,-,-,-,-,-,-,-,-,-,-,-,-,-,-,-,-,-,-,-,-,-,-,-,-,-,-,-,-,-,-,-,-,-,-,-,-,-,-,-,-,-,-,-,-,-,-,41840,1584,1695,1451,3224,5534,6506,5624,4711,3865,2964,1912,1127,1643,45764,1832,1932,1818,3811,6072,6401,5708,5061,4108,3370,2289,1338,2024,44549,1775,1948,1980,3660,5776,5794,5364,4767,4105,3455,2363,1416,2146
"아시아주계","카자흐스탄",남성,1102,32,13,15,48,176,193,195,147,109,62,50,34,28,1377,30,29,16,85,203,237,223,177,129,91,66,47,44,1461,32,37,18,95,187,244,214,207,133,101,81,55,57,1947,50,49,32,143,233,301,291,255,189,145,103,74,82,3704,91,52,30,240,687,693,534,469,344,216,150,89,109,7148,185,125,71,373,1232,1320,1187,935,694,454,253,162,157,13789,299,216,130,735,2584,2643,2308,1682,1267,825,508,324,268,18443,427,320,244,870,3589,3586,3142,2149,1620,1077,632,416,371,20087,523,465,329,921,3661,3847,3326,2423,1757,1219,726,459,431,17041,418,438,325,524,2853,3423,2771,2142,1579,1129,637,401,401,16609,530,577,488,480,2395,3075,2592,2117,1642,1175,710,378,450,24101,821,848,748,2297,3740,3972,3294,2737,2059,1512,943,520,610,25722,955,972,947,2609,4006,3830,3267,2837,2170,1676,1122,599,732,24364,929,971,1023,2342,3713,3369,2994,2633,2173,1708,1111,660,738
"아시아주계","카자흐스탄",여성,1051,14,18,8,47,175,165,176,146,103,72,48,31,48,1241,18,23,13,72,214,185,185,169,117,85,56,40,64,1506,36,25,19,114,251,221,190,184,140,109,82,58,77,1918,43,23,36,185,289,259,238,251,168,134,114,75,103,2637,77,43,35,229,409,378,318,326,277,174,147,89,135,4747,169,102,69,286,640,760,624,611,526,332,251,157,220,8533,322,207,133,356,1103,1399,1172,1136,961,628,441,324,351,12274,402,344,209,464,1661,2093,1779,1529,1336,935,594,439,489,14551,558,469,305,570,1910,2478,2096,1710,1561,1112,693,488,601,12237,457,439,307,275,1341,2126,1814,1511,1371,1031,603,403,559,13007,511,617,426,435,1292,1961,1842,1502,1458,1122,701,464,676,17739,763,847,703,927,1794,2534,2330,1974,1806,1452,969,607,1033,20042,877,960,871,1202,2066,2571,2441,2224,1938,1694,1167,739,1292,20185,846,977,957,1318,2063,2425,2370,2134,1932,1747,1252,756,1408
"아시아주계","미얀마",계,-,-,-,-,-,-,-,-,-,-,-,-,-,-,-,-,-,-,-,-,-,-,-,-,-,-,-,-,-,-,-,-,-,-,-,-,-,-,-,-,-,-,-,-,-,-,-,-,-,-,-,-,-,-,-,-,-,-,-,-,-,-,-,-,-,-,-,-,-,-,-,-,-,-,-,-,-,-,-,-,-,-,-,-,-,-,-,-,-,-,-,-,-,-,-,-,-,-,-,-,-,-,-,-,-,-,-,-,-,-,-,-,-,-,-,-,-,-,-,-,-,-,-,-,-,-,-,-,-,-,-,-,-,-,-,-,-,-,-,-,-,-,-,-,-,-,-,-,-,-,-,-,-,-,33275,78,101,55,380,3647,11069,9695,5281,1764,479,342,203,181,42438,102,122,66,652,6854,12998,11676,6479,2135,569,354,242,189,53914,161,164,81,296,10323,15836,14331,8234,2894,726,370,254,244
"아시아주계","미얀마",남성,6006,7,6,7,31,517,1622,1725,1217,556,191,72,29,26,8738,7,9,6,50,1571,2656,2252,1273,543,219,88,36,28,12146,10,9,10,45,2688,3831,2942,1577,612,260,94,39,29,15319,9,10,7,56,3591,5205,3463,1804,691,288,114,45,36,18564,15,12,8,52,4398,6467,4246,2061,767,302,135,62,39,21652,15,18,10,49,5365,7634,5050,2239,694,320,154,65,39,23969,18,19,21,54,5346,8772,5865,2480,758,338,174,73,51,26953,27,19,15,97,5735,9937,6702,2875,855,343,209,80,59,27867,38,22,27,77,5457,10172,7064,3204,973,389,242,116,86,25062,29,24,23,36,3608,9189,6743,3450,1071,408,262,129,90,24213,35,25,28,51,2250,8772,6970,3764,1317,433,303,157,108,29816,43,40,27,144,2441,10130,9257,5073,1661,404,288,172,136,36865,49,52,33,346,4490,11489,11048,6225,2015,478,290,199,151,45724,82,76,38,124,6676,13421,13395,7875,2725,622,297,215,178
"아시아주계","미얀마",여성,473,10,6,5,24,72,105,81,73,50,24,11,4,8,480,14,9,5,18,76,103,79,66,56,28,14,6,6,532,11,10,9,17,88,102,101,69,63,36,15,7,4,602,10,5,9,21,102,126,116,81,58,38,26,5,5,645,16,9,6,23,107,145,123,74,61,41,27,7,6,803,20,12,13,43,160,189,128,81,67,43,25,12,10,933,22,11,13,61,198,221,148,75,70,55,28,21,10,1121,25,12,15,83,259,275,151,98,74,60,33,23,13,1427,22,25,28,73,356,356,204,123,88,66,36,26,24,1350,24,29,15,55,367,365,189,118,76,55,28,20,9,1883,22,34,15,103,526,559,263,137,88,61,37,23,15,3459,35,61,28,236,1206,939,438,208,103,75,54,31,45,5573,53,70,33,306,2364,1509,628,254,120,91,64,43,38,8190,79,88,43,172,3647,2415,936,359,169,104,73,39,66
"아시아주계","스리랑카",계,-,-,-,-,-,-,-,-,-,-,-,-,-,-,-,-,-,-,-,-,-,-,-,-,-,-,-,-,-,-,-,-,-,-,-,-,-,-,-,-,-,-,-,-,-,-,-,-,-,-,-,-,-,-,-,-,-,-,-,-,-,-,-,-,-,-,-,-,-,-,-,-,-,-,-,-,-,-,-,-,-,-,-,-,-,-,-,-,-,-,-,-,-,-,-,-,-,-,-,-,-,-,-,-,-,-,-,-,-,-,-,-,-,-,-,-,-,-,-,-,-,-,-,-,-,-,-,-,-,-,-,-,-,-,-,-,-,-,-,-,-,-,-,-,-,-,-,-,-,-,-,-,-,-,24912,174,70,28,34,914,6629,7591,4709,2977,1034,438,177,137,30370,277,133,70,50,1651,7240,9297,5933,3630,1220,494,214,161,35792,508,316,123,102,2733,7934,10656,6905,3991,1489,573,258,204
"아시아주계","스리랑카",남성,20836,7,7,3,35,1968,7041,7169,3279,1012,191,73,32,19,21667,9,5,7,30,2455,6823,7337,3465,1177,228,80,31,20,22634,4,7,6,21,2798,6830,7608,3635,1317,267,91,29,21,25240,10,6,5,16,2935,7664,8371,4159,1586,314,121,23,30,25809,20,6,8,23,2829,7868,8214,4615,1643,376,138,40,29,26774,20,1,9,42,3517,8251,7652,5045,1566,449,142,48,32,26047,26,6,7,14,2942,8105,7186,5219,1779,518,149,59,37,24905,43,11,10,11,2433,7493,6853,5173,2008,572,178,72,48,24151,36,14,10,9,2159,7197,6520,4895,2201,679,253,106,72,21636,45,14,8,7,1328,6121,6061,4506,2361,693,289,119,84,19436,70,17,3,15,660,5124,5764,3937,2515,760,342,134,95,23705,84,42,11,23,860,6333,7253,4546,2901,968,406,160,118,28493,144,67,41,33,1559,6788,8722,5684,3523,1142,453,196,141,32305,259,164,65,56,2495,7011,9633,6461,3835,1406,519,228,173
"아시아주계","스리랑카",여성,718,10,3,5,0,62,252,175,115,54,24,6,3,9,687,10,4,3,1,66,231,169,108,53,25,5,2,10,749,11,3,0,3,83,245,197,110,51,28,10,3,5,817,14,5,2,5,91,252,219,117,57,29,15,6,5,869,16,10,3,3,99,289,195,109,68,40,20,9,8,876,23,7,5,4,120,292,184,95,63,45,18,9,11,869,25,8,7,5,96,296,189,96,69,38,22,5,13,923,34,14,7,5,88,304,204,112,66,39,25,8,17,913,36,12,10,6,64,295,222,104,66,46,25,13,14,830,39,10,5,8,30,267,212,113,56,52,20,9,9,855,56,12,8,7,29,226,258,118,51,51,27,6,6,1207,90,28,17,11,54,296,338,163,76,66,32,17,19,1877,133,66,29,17,92,452,575,249,107,78,41,18,20,3487,249,152,58,46,238,923,1023,444,156,83,54,30,31
"아시아주계","홍콩",계,-,-,-,-,-,-,-,-,-,-,-,-,-,-,-,-,-,-,-,-,-,-,-,-,-,-,-,-,-,-,-,-,-,-,-,-,-,-,-,-,-,-,-,-,-,-,-,-,-,-,-,-,-,-,-,-,-,-,-,-,-,-,-,-,-,-,-,-,-,-,-,-,-,-,-,-,-,-,-,-,-,-,-,-,-,-,-,-,-,-,-,-,-,-,-,-,-,-,-,-,-,-,-,-,-,-,-,-,-,-,-,-,-,-,-,-,-,-,-,-,-,-,-,-,-,-,-,-,-,-,-,-,-,-,-,-,-,-,-,-,-,-,-,-,-,-,-,-,-,-,-,-,-,-,8717,100,293,272,552,1820,1613,1071,709,636,504,414,342,391,10997,174,515,463,635,1832,1847,1367,967,902,762,553,428,552,12786,197,623,631,955,2254,1863,1421,1164,965,839,663,478,733
"아시아주계","홍콩",남성,2236,66,172,129,65,185,285,269,313,275,225,116,49,87,2447,105,225,131,92,188,230,291,312,286,255,154,84,94,2718,124,231,144,136,243,267,269,314,299,277,178,86,150,4160,200,466,204,185,400,393,397,460,493,397,269,145,151,5158,235,591,283,221,439,467,452,566,659,487,374,178,206,6124,219,544,284,251,557,556,502,544,648,522,394,299,804,4666,160,465,279,229,534,445,431,428,526,406,337,185,241,4486,200,488,284,229,500,382,323,412,491,399,327,216,235,7165,235,595,356,361,839,740,618,673,675,607,496,462,508,677,38,58,39,19,72,68,56,44,73,61,58,42,49,648,18,43,42,18,58,61,65,51,67,54,59,53,59,2754,43,136,125,129,411,451,315,211,226,186,176,142,203,3695,84,255,225,196,420,542,389,320,319,297,199,199,250,4393,100,291,288,306,671,504,427,393,315,310,249,214,325
"아시아주계","홍콩",여성,3162,85,174,129,120,478,519,387,428,314,211,125,88,104,3511,91,194,144,157,524,532,461,366,409,272,146,103,112,4426,124,261,177,256,768,667,496,452,437,286,193,107,202,6602,190,377,283,420,1065,910,738,725,734,486,304,165,205,8348,220,551,367,528,1267,1072,868,892,946,639,410,239,349,10604,239,558,337,586,1703,1282,1007,978,999,728,598,489,1100,8637,189,461,303,492,1646,1268,885,896,873,602,409,272,341,7633,199,418,294,479,1475,1052,734,729,715,547,379,279,333,12853,226,545,405,942,2402,1754,1237,1228,1054,925,781,591,763,1656,35,56,38,50,377,330,258,192,132,80,38,29,41,1668,17,52,31,54,337,348,266,215,129,92,50,28,49,5963,57,157,147,423,1409,1162,756,498,410,318,238,200,188,7302,90,260,238,439,1412,1305,978,647,583,465,354,229,302,8393,97,332,343,649,1583,1359,994,771,650,529,414,264,408
"아시아주계","방글라데시",계,-,-,-,-,-,-,-,-,-,-,-,-,-,-,-,-,-,-,-,-,-,-,-,-,-,-,-,-,-,-,-,-,-,-,-,-,-,-,-,-,-,-,-,-,-,-,-,-,-,-,-,-,-,-,-,-,-,-,-,-,-,-,-,-,-,-,-,-,-,-,-,-,-,-,-,-,-,-,-,-,-,-,-,-,-,-,-,-,-,-,-,-,-,-,-,-,-,-,-,-,-,-,-,-,-,-,-,-,-,-,-,-,-,-,-,-,-,-,-,-,-,-,-,-,-,-,-,-,-,-,-,-,-,-,-,-,-,-,-,-,-,-,-,-,-,-,-,-,-,-,-,-,-,-,21928,560,299,95,92,2035,5516,4671,2923,1417,721,1594,1381,624,26636,762,460,149,194,2867,6820,5715,3601,1633,702,1341,1593,799,31220,1245,707,250,304,4158,7223,6580,4132,2014,743,1122,1727,1015
"아시아주계","방글라데시",남성,12883,52,26,9,42,1002,2937,2964,2353,2226,870,270,69,63,13054,57,26,9,40,1014,3074,3158,2112,2123,958,327,96,60,13030,63,22,6,41,1229,3166,2917,1940,1895,1195,368,122,66,13964,72,34,10,30,1308,3418,3302,2052,1666,1410,447,136,79,14088,88,42,15,39,1503,3416,3168,2050,1366,1560,573,171,97,14652,91,49,17,57,1639,3556,3429,2081,1187,1527,695,218,106,15103,111,58,20,58,1759,3632,3509,2217,1040,1475,822,272,130,15549,132,60,22,40,1926,3795,3577,2185,993,1291,1046,322,160,17039,149,75,21,56,1669,3970,3676,2373,1072,1186,1764,750,278,15596,164,68,26,31,1093,3394,3336,2306,1144,923,1807,925,379,14902,194,105,31,35,764,3145,3074,2294,1137,800,1689,1176,458,19866,288,137,53,46,1686,4987,4344,2774,1329,675,1568,1370,609,23729,389,224,79,90,2311,6091,5294,3383,1537,657,1320,1577,777,26739,631,345,124,129,3120,6196,5981,3843,1904,684,1089,1709,984
"아시아주계","방글라데시",여성,582,55,34,5,18,67,173,117,44,31,12,9,6,11,530,42,25,9,15,69,146,116,46,21,15,10,7,9,570,50,27,8,14,67,169,122,47,23,18,8,9,8,680,65,29,9,16,91,177,145,60,29,24,16,13,6,761,83,34,12,10,106,198,149,73,27,31,17,14,7,830,91,44,13,15,108,231,151,89,27,25,15,13,8,963,122,40,13,29,128,259,167,97,41,24,19,12,12,1092,126,52,24,21,177,280,205,96,42,25,16,10,18,1301,156,78,24,29,223,329,228,110,53,31,18,8,14,1227,176,82,23,20,168,307,227,107,58,25,17,5,12,1524,220,118,33,22,222,373,268,123,73,33,17,10,12,2062,272,162,42,46,349,529,327,149,88,46,26,11,15,2907,373,236,70,104,556,729,421,218,96,45,21,16,22,4481,614,362,126,175,1038,1027,599,289,110,59,33,18,31
"아시아주계","말레이시아",계,-,-,-,-,-,-,-,-,-,-,-,-,-,-,-,-,-,-,-,-,-,-,-,-,-,-,-,-,-,-,-,-,-,-,-,-,-,-,-,-,-,-,-,-,-,-,-,-,-,-,-,-,-,-,-,-,-,-,-,-,-,-,-,-,-,-,-,-,-,-,-,-,-,-,-,-,-,-,-,-,-,-,-,-,-,-,-,-,-,-,-,-,-,-,-,-,-,-,-,-,-,-,-,-,-,-,-,-,-,-,-,-,-,-,-,-,-,-,-,-,-,-,-,-,-,-,-,-,-,-,-,-,-,-,-,-,-,-,-,-,-,-,-,-,-,-,-,-,-,-,-,-,-,-,9528,119,201,199,400,1720,2110,1597,1021,726,514,367,270,284,12362,225,302,289,449,2070,2780,2071,1452,917,670,445,297,395,12951,207,353,338,468,2236,2722,2258,1559,1002,730,454,252,372
"아시아주계","말레이시아",남성,1708,30,49,46,130,317,279,197,179,131,124,99,79,48,1886,47,50,51,132,349,298,250,192,158,125,109,67,58,2443,65,68,90,178,405,383,319,272,185,144,149,103,82,3390,114,139,125,256,513,537,500,362,270,206,162,123,83,3579,129,117,141,246,541,643,504,371,296,181,185,121,104,4528,140,127,125,298,870,817,633,463,348,243,175,142,147,6997,114,114,107,452,1822,1561,1005,672,413,266,205,140,126,6772,116,110,129,400,1686,1499,1016,601,401,302,209,155,148,7782,128,138,131,434,1702,1717,1151,745,519,381,290,233,213,3477,33,29,17,69,806,971,609,408,220,132,82,49,52,2994,14,36,21,44,574,843,561,373,218,128,74,54,54,4817,58,98,99,191,777,1112,861,538,373,249,188,136,137,6417,118,153,139,195,1023,1488,1142,798,459,346,222,145,189,6809,82,184,176,221,1081,1536,1278,854,508,368,222,120,179
"아시아주계","말레이시아",여성,1814,32,44,78,144,353,351,231,163,127,109,80,55,47,1932,48,34,67,139,444,404,234,170,114,85,91,53,49,2517,54,63,89,220,460,471,342,229,175,150,119,61,84,3775,124,117,174,348,668,684,529,319,256,194,178,91,93,4119,117,128,135,385,780,838,586,354,246,167,177,96,110,4956,120,102,140,410,1091,981,676,391,294,255,198,149,149,5519,102,103,149,410,1328,1105,782,450,325,294,194,141,136,5455,110,108,129,435,1304,1018,748,462,338,293,222,140,148,7008,119,144,151,472,1415,1371,988,655,469,409,346,267,202,1993,31,38,12,69,498,467,315,217,138,98,43,37,30,2059,26,28,16,66,555,467,324,215,143,108,46,31,34,4711,61,103,100,209,943,998,736,483,353,265,179,134,147,5945,107,149,150,254,1047,1292,929,654,458,324,223,152,206,6142,125,169,162,247,1155,1186,980,705,494,362,232,132,193
"아시아주계","파키스탄",계,-,-,-,-,-,-,-,-,-,-,-,-,-,-,-,-,-,-,-,-,-,-,-,-,-,-,-,-,-,-,-,-,-,-,-,-,-,-,-,-,-,-,-,-,-,-,-,-,-,-,-,-,-,-,-,-,-,-,-,-,-,-,-,-,-,-,-,-,-,-,-,-,-,-,-,-,-,-,-,-,-,-,-,-,-,-,-,-,-,-,-,-,-,-,-,-,-,-,-,-,-,-,-,-,-,-,-,-,-,-,-,-,-,-,-,-,-,-,-,-,-,-,-,-,-,-,-,-,-,-,-,-,-,-,-,-,-,-,-,-,-,-,-,-,-,-,-,-,-,-,-,-,-,-,14460,563,346,182,124,1008,2800,2778,1958,1442,1120,1079,581,479,16295,671,432,242,198,1115,3397,3073,2143,1546,1137,1091,678,572,18355,863,581,319,262,1314,3791,3368,2478,1680,1158,1086,776,679
"아시아주계","파키스탄",남성,9601,152,70,26,43,454,2403,2697,1802,1018,501,223,123,89,9203,165,74,32,59,568,2018,2473,1696,1104,535,255,120,104,9452,179,99,29,57,641,1886,2549,1702,1154,618,288,140,110,10054,208,112,37,53,617,2011,2687,1730,1236,729,342,157,135,10630,228,122,43,59,703,2104,2635,1891,1245,874,387,182,157,11176,247,124,53,70,711,2195,2680,1950,1356,943,461,205,181,11184,239,130,54,90,817,2217,2422,1963,1273,1018,527,236,198,11634,248,142,71,91,1059,2328,2297,1931,1296,1059,606,286,220,12291,260,153,76,83,1142,2362,2317,1915,1329,1164,833,370,287,11336,228,136,83,60,757,2073,2132,1792,1338,1088,905,420,324,10793,244,141,95,53,489,1930,2003,1691,1231,1108,947,487,374,12530,282,166,99,70,863,2425,2444,1746,1316,1065,1045,562,447,13896,325,223,126,127,927,2951,2644,1892,1386,1056,1053,651,535,15219,438,296,166,171,1021,3176,2842,2156,1476,1056,1046,746,629
"아시아주계","파키스탄",여성,740,138,60,29,25,69,158,115,62,36,16,3,10,19,824,152,63,26,27,82,175,138,74,37,19,4,8,19,971,165,74,31,31,98,202,174,90,41,15,16,11,23,1155,202,96,34,30,122,249,197,105,49,17,13,10,31,1357,229,132,38,37,118,303,228,133,51,29,17,12,30,1463,240,118,58,42,140,313,258,131,64,40,20,16,23,1513,237,129,53,38,133,328,274,155,69,37,21,13,26,1641,238,135,62,50,139,384,269,161,86,41,21,20,35,1699,240,137,72,43,156,350,307,176,96,40,29,17,36,1506,226,127,74,42,100,295,271,164,99,44,28,13,23,1617,234,163,71,50,101,291,310,177,112,43,32,12,21,1930,281,180,83,54,145,375,334,212,126,55,34,19,32,2399,346,209,116,71,188,446,429,251,160,81,38,27,37,3136,425,285,153,91,293,615,526,322,204,102,40,30,50
"아시아주계","인도",계,-,-,-,-,-,-,-,-,-,-,-,-,-,-,-,-,-,-,-,-,-,-,-,-,-,-,-,-,-,-,-,-,-,-,-,-,-,-,-,-,-,-,-,-,-,-,-,-,-,-,-,-,-,-,-,-,-,-,-,-,-,-,-,-,-,-,-,-,-,-,-,-,-,-,-,-,-,-,-,-,-,-,-,-,-,-,-,-,-,-,-,-,-,-,-,-,-,-,-,-,-,-,-,-,-,-,-,-,-,-,-,-,-,-,-,-,-,-,-,-,-,-,-,-,-,-,-,-,-,-,-,-,-,-,-,-,-,-,-,-,-,-,-,-,-,-,-,-,-,-,-,-,-,-,14419,705,535,254,189,988,2807,3123,2455,1588,805,458,220,292,15789,710,535,308,200,1109,2992,3331,2728,1763,978,549,258,328,16851,739,592,357,263,1256,3142,3377,2882,1931,1100,597,290,325
"아시아주계","인도",남성,5524,230,85,48,26,337,1505,1477,743,451,250,179,99,94,5994,280,116,64,34,389,1520,1748,811,444,233,158,102,95,6534,355,135,63,44,454,1552,1871,923,479,272,166,110,110,7196,430,141,56,44,486,1527,2087,1105,562,336,192,122,108,7193,435,193,68,57,411,1319,2009,1292,600,348,189,144,128,7317,402,214,65,75,511,1315,1941,1340,631,357,199,136,131,8106,366,208,62,115,769,1471,1970,1466,755,428,222,124,150,8723,356,202,83,95,953,1607,2063,1523,846,470,257,126,142,9595,349,215,80,80,984,1840,2082,1685,1059,603,315,140,163,8231,246,200,71,43,641,1571,1783,1521,1029,556,284,141,145,8410,277,224,103,34,468,1525,1891,1609,1050,601,320,155,153,10167,339,265,124,84,577,1861,2209,1898,1347,698,386,177,202,11113,344,262,154,88,599,1943,2374,2130,1485,829,465,213,227,11722,379,300,189,111,683,1961,2405,2219,1561,940,512,239,223
"아시아주계","인도",여성,1976,261,83,49,24,168,617,408,154,69,44,33,28,38,2323,321,117,51,35,192,708,488,177,78,47,39,35,35,2640,363,148,51,34,214,762,592,235,78,45,40,31,47,3000,419,180,60,40,232,830,691,271,100,51,43,41,42,3221,480,200,85,41,238,789,746,320,124,55,43,47,53,3198,444,209,65,44,245,777,747,308,118,65,58,46,72,3138,411,204,77,41,271,715,749,319,122,65,57,42,65,3222,379,211,89,56,269,755,724,356,157,70,62,41,53,3334,356,207,93,66,286,756,747,409,169,83,60,45,57,2661,257,189,83,48,181,563,605,382,168,74,39,26,46,3132,307,228,111,49,249,641,714,442,198,75,44,25,49,4252,366,270,130,105,411,946,914,557,241,107,72,43,90,4676,366,273,154,112,510,1049,957,598,278,149,84,45,101,5129,360,292,168,152,573,1181,972,663,370,160,85,51,102
