"행정구역별(1)",행정구역별(2),계,계,계,계,계,침엽수,침엽수,침엽수,침엽수,침엽수,활엽수,활엽수,활엽수,활엽수,활엽수,혼효림,혼효림,혼효림,혼효림,혼효림,죽림,죽림,죽림,죽림,죽림,무립목지,무립목지,무립목지,무립목지,무립목지
"행정구역별(1)",행정구역별(2),2016,2017,2018,2019,2020,2016,2017,2018,2019,2020,2016,2017,2018,2019,2020,2016,2017,2018,2019,2020,2016,2017,2018,2019,2020,2016,2017,2018,2019,2020
"총계",소계,6329845,6335255,6331131,6334615,6019292,2334439,2335923,2339022,2339022,2221727,2027913,2030712,2028855,2028855,1896904,1707609,1708606,1705876,1705876,1602072,21533,21726,22067,22067,20147,238351,238288,235311,238795,278442
"서울특별시",소계,15486,15486,15486,15486,15486,2743,2743,2743,2743,2743,7088,7088,7088,7088,7088,3572,3572,3572,3572,3572,0,0,0,-,-,2083,2083,2083,2083,2083
"서울특별시",종로구,956,956,956,956,956,186,186,186,186,186,225,225,225,225,225,269,269,269,269,269,0,0,0,-,-,276,276,276,276,276
"서울특별시",중구,150,150,150,150,150,9,9,9,9,9,95,95,95,95,95,20,20,20,20,20,0,0,0,-,-,26,26,26,26,26
"서울특별시",용산구,180,180,180,180,180,50,50,50,50,50,56,56,56,56,56,73,73,73,73,73,0,0,0,-,-,1,1,1,1,1
"서울특별시",성동구,55,55,55,55,55,0,-,-,-,-,16,16,16,16,16,2,2,2,2,2,0,0,0,-,-,37,37,37,37,37
"서울특별시",광진구,295,295,295,295,295,116,116,116,116,116,50,50,50,50,50,39,39,39,39,39,0,0,0,-,-,90,90,90,90,90
"서울특별시",동대문구,120,120,120,120,120,17,17,17,17,17,72,72,72,72,72,27,27,27,27,27,0,0,0,-,-,4,4,4,4,4
"서울특별시",중랑구,532,532,532,532,532,155,155,155,155,155,277,277,277,277,277,81,81,81,81,81,0,0,0,-,-,19,19,19,19,19
"서울특별시",성북구,936,936,936,936,936,181,181,181,181,181,299,299,299,299,299,310,310,310,310,310,0,0,0,-,-,146,146,146,146,146
"서울특별시",강북구,1290,1290,1290,1290,1290,115,115,115,115,115,450,450,450,450,450,461,461,461,461,461,0,0,0,-,-,264,264,264,264,264
"서울특별시",도봉구,995,995,995,995,995,65,65,65,65,65,558,558,558,558,558,261,261,261,261,261,0,0,0,-,-,111,111,111,111,111
"서울특별시",노원구,1646,1646,1646,1646,1646,370,370,370,370,370,576,576,576,576,576,346,346,346,346,346,0,0,0,-,-,354,354,354,354,354
"서울특별시",은평구,1448,1448,1448,1448,1448,331,331,331,331,331,550,550,550,550,550,294,294,294,294,294,0,0,0,-,-,273,273,273,273,273
"서울특별시",서대문구,560,560,560,560,560,122,122,122,122,122,272,272,272,272,272,89,89,89,89,89,0,0,0,-,-,77,77,77,77,77
"서울특별시",마포구,84,84,84,84,84,16,16,16,16,16,59,59,59,59,59,9,9,9,9,9,0,0,0,-,-,0,0,0,-,-
"서울특별시",양천구,281,281,281,281,281,60,60,60,60,60,151,151,151,151,151,70,70,70,70,70,0,0,0,-,-,0,0,0,-,-
"서울특별시",강서구,390,390,390,390,390,77,77,77,77,77,212,212,212,212,212,91,91,91,91,91,0,0,0,-,-,10,10,10,10,10
"서울특별시",구로구,356,356,356,356,356,33,33,33,33,33,279,279,279,279,279,43,43,43,43,43,0,0,0,-,-,1,1,1,1,1
"서울특별시",금천구,322,322,322,322,322,33,33,33,33,33,223,223,223,223,223,66,66,66,66,66,0,0,0,-,-,0,0,0,-,-
"서울특별시",영등포구,4,4,4,4,4,0,0,0,-,-,4,4,4,4,4,0,0,0,-,-,0,0,0,-,-,0,0,0,-,-
"서울특별시",동작구,376,376,376,376,376,21,21,21,21,21,127,127,127,127,127,37,37,37,37,37,0,0,0,-,-,191,191,191,191,191
"서울특별시",관악구,1744,1744,1744,1744,1744,526,526,526,526,526,690,690,690,690,690,513,513,513,513,513,0,0,0,-,-,15,15,15,15,15
"서울특별시",서초구,1609,1609,1609,1609,1609,113,113,113,113,113,1185,1185,1185,1185,1185,294,294,294,294,294,0,0,0,-,-,17,17,17,17,17
"서울특별시",강남구,714,714,714,714,714,108,108,108,108,108,437,437,437,437,437,147,147,147,147,147,0,0,0,-,-,22,22,22,22,22
"서울특별시",송파구,147,147,147,147,147,15,15,15,15,15,102,102,102,102,102,12,12,12,12,12,0,0,0,-,-,18,18,18,18,18
"서울특별시",강동구,296,296,296,296,296,24,24,24,24,24,123,123,123,123,123,18,18,18,18,18,0,0,0,-,-,131,131,131,131,131
"부산광역시",소계,35386,35386,35386,35386,34926,16205,16205,16205,16205,15904,6593,6593,6593,6593,7644,10853,10853,10853,10853,9903,137,137,137,137,87,1598,1598,1598,1598,1388
"부산광역시",중구,13,13,13,13,13,5,5,5,5,6,4,4,4,4,1,4,4,4,4,5,-,-,-,-,1,-,-,-,-,-
"부산광역시",서구,684,684,684,684,678,276,276,276,276,276,151,151,151,151,168,233,233,233,233,212,-,-,-,-,1,24,24,24,24,21
"부산광역시",동구,277,277,277,277,276,171,171,171,171,171,15,15,15,15,27,88,88,88,88,74,1,1,1,1,1,2,2,2,2,3
"부산광역시",영도구,407,407,407,407,403,258,258,258,258,261,20,20,20,20,36,121,121,121,121,99,-,-,-,-,-,8,8,8,8,7
"부산광역시",부산진구,1048,1048,1048,1048,1040,469,469,469,469,474,147,147,147,147,200,350,350,350,350,291,-,-,-,-,1,82,82,82,82,74
"부산광역시",동래구,470,470,470,470,460,305,305,305,305,291,14,14,14,14,21,131,131,131,131,118,-,-,-,-,-,20,20,20,20,30
"부산광역시",남구,915,915,915,915,910,494,494,494,494,513,136,136,136,136,121,215,215,215,215,207,1,1,1,1,-,69,69,69,69,69
"부산광역시",북구,2295,2295,2295,2295,2285,930,930,930,930,950,398,398,398,398,552,948,948,948,948,774,2,2,2,2,1,17,17,17,17,8
"부산광역시",해운대구,2913,2913,2913,2913,2866,1993,1993,1993,1993,1811,110,110,110,110,210,757,757,757,757,801,3,3,3,3,2,50,50,50,50,42
"부산광역시",사하구,1390,1390,1390,1390,1371,549,549,549,549,589,293,293,293,293,329,428,428,428,428,350,2,2,2,2,1,118,118,118,118,102
"부산광역시",금정구,4131,4131,4131,4131,4120,1986,1986,1986,1986,1915,583,583,583,583,819,1326,1326,1326,1326,1153,14,14,14,14,9,222,222,222,222,224
"부산광역시",강서구,4383,4383,4383,4383,4229,1858,1858,1858,1858,1982,860,860,860,860,926,1452,1452,1452,1452,1160,27,27,27,27,24,186,186,186,186,137
"부산광역시",연제구,305,305,305,305,301,119,119,119,119,125,89,89,89,89,83,84,84,84,84,85,-,-,-,-,-,13,13,13,13,8
"부산광역시",수영구,252,252,252,252,244,111,111,111,111,108,41,41,41,41,47,88,88,88,88,82,1,1,1,1,1,11,11,11,11,6
"부산광역시",사상구,1257,1257,1257,1257,1248,530,530,530,530,578,258,258,258,258,278,409,409,409,409,344,-,-,-,-,-,60,60,60,60,48
"부산광역시",기장군,14646,14646,14646,14646,14482,6151,6151,6151,6151,5854,3474,3474,3474,3474,3826,4219,4219,4219,4219,4148,86,86,86,86,45,716,716,716,716,609
"대구광역시",소계,48705,48705,48705,48705,48338,21600,21600,21600,21600,21829,10443,10443,10443,10443,11012,16302,16302,16302,16302,15096,103,103,103,103,61,257,257,257,257,340
"대구광역시",중구,0,0,0,0,-,0,0,0,0,-,0,0,0,0,-,0,0,0,0,-,0,0,0,0,-,0,0,0,0,-
"대구광역시",동구,11410,11410,11410,11410,11385,5229,5229,5229,5229,5365,1897,1897,1897,1897,2312,4197,4197,4197,4197,3644,6,6,6,6,5,81,81,81,81,59
"대구광역시",서구,206,206,206,206,206,32,32,32,32,44,110,110,110,110,59,57,57,57,57,79,0,0,0,0,-,7,7,7,7,24
"대구광역시",남구,679,679,679,679,678,295,295,295,295,280,146,146,146,146,182,236,236,236,236,211,0,0,0,0,-,2,2,2,2,5
"대구광역시",북구,4619,4619,4619,4619,4602,2482,2482,2482,2482,2480,841,841,841,841,887,1265,1265,1265,1265,1134,3,3,3,3,4,28,28,28,28,97
"대구광역시",수성구,3802,3802,3802,3802,3771,1306,1306,1306,1306,1180,1104,1104,1104,1104,1124,1341,1341,1341,1341,1420,2,2,2,2,3,49,49,49,49,44
"대구광역시",달서구,2136,2136,2136,2136,2119,881,881,881,881,932,561,561,561,561,527,668,668,668,668,619,1,1,1,1,1,25,25,25,25,40
"대구광역시",달성군,25853,25853,25853,25853,25577,11375,11375,11375,11375,11548,5784,5784,5784,5784,5921,8538,8538,8538,8538,7989,91,91,91,91,48,65,65,65,65,71
"인천광역시",소계,40450,40625,39978,39978,39373,7258,7260,10752,10752,9892,17077,17072,14963,14963,10396,12993,12733,10223,10223,14766,0,0,13,13,10,3122,3560,4027,4027,4309
"인천광역시",중구,3538,3538,3538,3538,3266,1085,1085,1085,1085,1002,733,733,733,733,628,872,872,872,872,972,0,0,0,0,-,848,848,848,848,664
"인천광역시",동구,7,6,6,6,6,0,6,4,4,2,0,0,1,1,2,7,0,1,1,2,0,0,0,0,-,0,0,0,0,-
"인천광역시",미추홀구,250,250,240,240,241,26,26,48,48,29,181,181,144,144,103,25,25,30,30,76,0,0,0,0,-,18,18,18,18,33
"인천광역시",연수구,428,428,428,428,427,84,84,84,84,53,171,171,171,171,133,77,77,77,77,117,0,0,0,0,-,96,96,96,96,124
"인천광역시",남동구,1319,1319,1319,1319,1261,346,346,346,346,240,558,558,558,558,489,387,387,387,387,524,0,0,0,0,-,28,28,28,28,8
"인천광역시",부평구,839,839,839,839,828,86,86,171,171,101,333,333,350,350,286,367,367,259,259,362,0,0,0,0,-,53,53,59,59,79
"인천광역시",계양구,1155,1155,1155,1155,1146,199,199,197,197,207,545,545,547,547,433,310,310,310,310,381,0,0,0,0,-,101,101,101,101,125
"인천광역시",서구,3213,3151,3151,3151,3079,425,425,250,250,241,1740,1740,1873,1873,1341,869,807,657,657,1106,0,0,0,0,-,179,179,371,371,391
"인천광역시",강화군,17870,17743,17853,17853,17712,3304,3300,3480,3480,3065,7122,7117,7805,7805,4644,5645,5454,4344,4344,7421,0,0,0,0,-,1799,1872,2224,2224,2582
"인천광역시",옹진군,11831,12196,11449,11449,11407,1703,1703,5087,5087,4952,5694,5694,2781,2781,2337,4434,4434,3286,3286,3805,0,0,13,13,10,0,365,282,282,303
"광주광역시",소계,19244,19244,19244,19244,18944,8551,8551,8551,8551,7935,4076,4076,4076,4076,4240,6268,6268,6268,6268,6313,174,174,174,174,165,175,175,175,175,291
"광주광역시",동구,3463,3463,3463,3463,3461,1025,1025,1025,1025,977,1300,1300,1300,1300,1211,1042,1042,1042,1042,1168,8,8,8,8,10,88,88,88,88,95
"광주광역시",서구,810,810,810,810,791,374,374,374,374,308,130,130,130,130,106,279,279,279,279,317,9,9,9,9,8,18,18,18,18,52
"광주광역시",남구,1831,1831,1831,1831,1795,778,778,778,778,790,304,304,304,304,266,713,713,713,713,689,27,27,27,27,28,9,9,9,9,22
"광주광역시",북구,5438,5438,5438,5438,5398,2191,2191,2191,2191,2229,1279,1279,1279,1279,1357,1872,1872,1872,1872,1688,38,38,38,38,40,58,58,58,58,84
"광주광역시",광산구,7702,7702,7702,7702,7499,4183,4183,4183,4183,3631,1063,1063,1063,1063,1300,2362,2362,2362,2362,2451,92,92,92,92,79,2,2,2,2,38
"대전광역시",소계,29928,29928,29928,29928,26206,10002,10002,10002,10002,9167,9272,9272,9272,9272,7532,10251,10251,10251,10251,9002,9,9,9,9,13,394,394,394,394,492
"대전광역시",동구,8759,8759,8759,8759,6921,2966,2966,2966,2966,2469,2470,2470,2470,2470,1970,3243,3243,3243,3243,2420,-,-,0,0,1,80,80,80,80,61
"대전광역시",중구,3438,3438,3438,3438,2969,960,960,960,960,835,1040,1040,1040,1040,972,1368,1368,1368,1368,1109,-,-,0,0,1,70,70,70,70,52
"대전광역시",서구,5124,5124,5124,5124,4718,1825,1825,1825,1825,1697,1428,1428,1428,1428,1248,1859,1859,1859,1859,1675,1,1,1,1,1,11,11,11,11,97
"대전광역시",유성구,9729,9729,9729,9729,9070,3224,3224,3224,3224,3318,3207,3207,3207,3207,2518,3080,3080,3080,3080,2998,8,8,8,8,9,210,210,210,210,227
"대전광역시",대덕구,2878,2878,2878,2878,2528,1027,1027,1027,1027,848,1127,1127,1127,1127,824,701,701,701,701,800,-,-,0,0,1,23,23,23,23,55
"울산광역시",소계,63429,68671,68671,68671,68001,25723,26812,26812,26812,24911,17195,20251,20251,20251,18628,15627,16664,16664,16664,19470,395,397,397,397,306,4489,4547,4547,4547,4686
"울산광역시",중구,1461,1461,1461,1461,1422,966,966,966,966,926,93,93,93,93,103,336,336,336,336,343,18,18,18,18,17,48,48,48,48,33
"울산광역시",남구,1836,1836,1836,1836,1757,582,582,582,582,479,407,407,407,407,259,418,418,418,418,445,18,18,18,18,15,411,411,411,411,559
"울산광역시",동구,1881,1881,1881,1881,1872,978,978,978,978,955,216,216,216,216,253,630,630,630,630,587,4,4,4,4,4,53,53,53,53,73
"울산광역시",북구,11179,11179,11179,11179,11094,4100,4100,4100,4100,3884,3645,3645,3645,3645,3011,2640,2640,2640,2640,3266,70,70,70,70,58,724,724,724,724,875
"울산광역시",울주군,47072,52314,52314,52314,51856,19097,20186,20186,20186,18667,12834,15890,15890,15890,15002,11603,12640,12640,12640,14829,285,287,287,287,212,3253,3311,3311,3311,3146
"세종특별자치시",소계,25288,25288,25288,25288,24849,6494,6494,6494,6494,6704,10769,10769,10769,10769,8248,7701,7701,7701,7701,9344,16,16,16,16,15,308,308,308,308,538
"경기도",소계,520068,520068,520068,520068,512105,134105,134105,134105,134105,125175,230496,230496,230496,230496,189756,126248,126248,126248,126248,161015,3,3,3,3,12,29216,29216,29216,29216,36147
"경기도",수원시,2638,2638,2638,2638,2593,797,797,797,797,777,851,851,851,851,803,746,746,746,746,731,0,-,0,0,0,244,244,244,244,282
"경기도",성남시,7101,7101,7101,7101,6881,891,891,891,891,884,4714,4714,4714,4714,3250,1270,1270,1270,1270,2654,0,-,0,0,0,226,226,226,226,93
"경기도",의정부시,4805,4805,4805,4805,4690,879,879,879,879,833,1673,1673,1673,1673,1423,1340,1340,1340,1340,1604,0,-,0,0,0,913,913,913,913,830
"경기도",안양시,3005,3005,3005,3005,2993,737,737,737,737,642,1526,1526,1526,1526,1293,732,732,732,732,1029,0,-,0,0,0,10,10,10,10,29
"경기도",부천시,1003,1003,1003,1003,955,128,128,128,128,107,675,675,675,675,543,134,134,134,134,236,0,-,0,0,0,66,66,66,66,69
"경기도",광명시,1492,1492,1492,1492,1472,96,96,96,96,77,1310,1310,1310,1310,840,70,70,70,70,436,0,-,0,0,0,16,16,16,16,119
"경기도",평택시,8263,8263,8263,8263,7762,3206,3206,3206,3206,2834,2603,2603,2603,2603,1703,2008,2008,2008,2008,2616,0,-,0,0,1,446,446,446,446,608
"경기도",동두천시,6354,6354,6354,6354,6289,941,941,941,941,880,3014,3014,3014,3014,2458,2162,2162,2162,2162,2642,0,-,0,0,0,237,237,237,237,309
"경기도",안산시,6327,6327,6327,6327,6205,2332,2332,2332,2332,2107,2467,2467,2467,2467,2118,1360,1360,1360,1360,1771,0,-,0,0,2,168,168,168,168,207
"경기도",고양시,9494,9494,9494,9494,9236,1435,1435,1435,1435,1276,4466,4466,4466,4466,3614,2606,2606,2606,2606,3315,0,-,0,0,0,987,987,987,987,1031
"경기도",과천시,2330,2330,2330,2330,2327,350,350,350,350,367,1285,1285,1285,1285,1004,599,599,599,599,837,0,-,0,0,0,96,96,96,96,119
"경기도",구리시,1332,1332,1332,1332,1284,276,276,276,276,233,707,707,707,707,641,269,269,269,269,338,0,-,0,0,0,80,80,80,80,72
"경기도",남양주시,31205,31205,31205,31205,30822,6454,6454,6454,6454,6619,16842,16842,16842,16842,13742,7564,7564,7564,7564,9938,0,-,0,0,3,345,345,345,345,520
"경기도",오산시,1135,1135,1135,1135,1074,573,573,573,573,487,281,281,281,281,224,221,221,221,221,280,0,-,0,0,0,60,60,60,60,83
"경기도",시흥시,4289,4289,4289,4289,4156,868,868,868,868,683,2509,2509,2509,2509,2027,756,756,756,756,1391,0,-,0,0,0,156,156,156,156,55
"경기도",군포시,1675,1675,1675,1675,1663,306,306,306,306,290,1087,1087,1087,1087,836,273,273,273,273,537,0,-,0,0,0,9,9,9,9,0
"경기도",의왕시,3400,3400,3400,3400,3392,405,405,405,405,403,2236,2236,2236,2236,1639,576,576,576,576,1138,0,-,0,0,0,183,183,183,183,212
"경기도",하남시,4900,4900,4900,4900,4810,480,480,480,480,446,2987,2987,2987,2987,2111,1340,1340,1340,1340,2198,0,-,0,0,0,93,93,93,93,55
"경기도",용인시,30337,30337,30337,30337,29908,8637,8637,8637,8637,7587,11013,11013,11013,11013,9288,6864,6864,6864,6864,8429,0,-,0,0,0,3823,3823,3823,3823,4604
"경기도",파주시,27188,27188,27188,27188,26947,6361,6361,6361,6361,5529,14141,14141,14141,14141,10640,5582,5582,5582,5582,8942,0,-,0,0,0,1104,1104,1104,1104,1836
"경기도",이천시,17202,17202,17202,17202,16460,4641,4641,4641,4641,3957,6357,6357,6357,6357,4859,4426,4426,4426,4426,5983,0,-,0,0,0,1778,1778,1778,1778,1661
"경기도",안성시,24100,24100,24100,24100,23711,7870,7870,7870,7870,7088,8390,8390,8390,8390,6969,6597,6597,6597,6597,7564,0,-,0,0,0,1243,1243,1243,1243,2090
"경기도",김포시,6999,6999,6999,6999,6714,1732,1732,1732,1732,1486,2700,2700,2700,2700,1753,2049,2049,2049,2049,2809,0,-,0,0,0,518,518,518,518,666
"경기도",화성시,18931,18931,18931,18931,17350,6041,6041,6041,6041,4778,6260,6260,6260,6260,4554,4363,4363,4363,4363,5354,3,3,3,3,5,2264,2264,2264,2264,2659
"경기도",광주시,28446,28446,28446,28446,28194,5319,5319,5319,5319,4958,15629,15629,15629,15629,11516,6333,6333,6333,6333,10129,0,-,0,0,0,1165,1165,1165,1165,1591
"경기도",양주시,16327,16327,16327,16327,15972,3531,3531,3531,3531,3110,6568,6568,6568,6568,5500,4549,4549,4549,4549,5243,0,-,0,0,0,1679,1679,1679,1679,2119
"경기도",포천시,53591,53591,53591,53591,53199,14562,14562,14562,14562,13068,17915,17915,17915,17915,17912,17033,17033,17033,17033,17741,0,-,0,0,0,4081,4081,4081,4081,4478
"경기도",여주시,28837,28837,28837,28837,28420,9149,9149,9149,9149,8320,10323,10323,10323,10323,8106,6915,6915,6915,6915,8830,0,-,0,0,0,2450,2450,2450,2450,3164
"경기도",연천군,37151,37151,37151,37151,36954,6174,6174,6174,6174,5840,24334,24334,24334,24334,18530,5534,5534,5534,5534,11395,0,-,0,0,1,1109,1109,1109,1109,1188
"경기도",가평군,68497,68497,68497,68497,68332,19090,19090,19090,19090,19487,31866,31866,31866,31866,28717,15781,15781,15781,15781,17561,0,-,0,0,0,1760,1760,1760,1760,2567
"경기도",양평군,61714,61714,61714,61714,61340,19844,19844,19844,19844,20022,23767,23767,23767,23767,21143,16196,16196,16196,16196,17344,0,-,0,0,0,1907,1907,1907,1907,2831
"강원특별자치도",소계,1371643,1371643,1371643,1371643,1354948,436591,436591,436591,436591,435189,526529,526529,526529,526529,559418,372862,372862,372862,372862,323793,337,337,337,337,273,35324,35324,35324,35324,36275
"강원특별자치도",춘천시,81753,81753,81753,81753,68020,24615,24615,24615,24615,21369,32239,32239,32239,32239,26445,22763,22763,22763,22763,17970,0,0,0,0,0,2136,2136,2136,2136,2236
"강원특별자치도",원주시,61055,61055,61055,61055,60704,16238,16238,16238,16238,16221,24674,24674,24674,24674,24322,17046,17046,17046,17046,17297,0,0,0,0,0,3097,3097,3097,3097,2864
"강원특별자치도",강릉시,82955,82955,82955,82955,82654,29878,29878,29878,29878,31028,27112,27112,27112,27112,31419,24489,24489,24489,24489,18617,63,63,63,63,50,1413,1413,1413,1413,1540
"강원특별자치도",동해시,13686,13686,13686,13686,13635,5036,5036,5036,5036,5219,4737,4737,4737,4737,4805,3545,3545,3545,3545,3273,6,6,6,6,7,362,362,362,362,331
"강원특별자치도",태백시,26764,26764,26764,26764,26713,10118,10118,10118,10118,9319,9155,9155,9155,9155,10891,5930,5930,5930,5930,4877,0,0,0,0,0,1561,1561,1561,1561,1626
"강원특별자치도",속초시,8001,8001,8001,8001,7957,1986,1986,1986,1986,2017,2623,2623,2623,2623,3191,2630,2630,2630,2630,1926,10,10,10,10,6,752,752,752,752,817
"강원특별자치도",삼척시,102272,102272,102272,102272,102169,45011,45011,45011,45011,45218,29898,29898,29898,29898,34580,24188,24188,24188,24188,19129,63,63,63,63,59,3112,3112,3112,3112,3183
"강원특별자치도",홍천군,149041,149041,149041,149041,148328,54955,54955,54955,54955,52656,50692,50692,50692,50692,57245,40494,40494,40494,40494,35901,0,0,0,0,0,2900,2900,2900,2900,2526
"강원특별자치도",횡성군,72239,72239,72239,72239,72054,27172,27172,27172,27172,27423,22899,22899,22899,22899,24517,19219,19219,19219,19219,17287,0,0,0,0,0,2949,2949,2949,2949,2827
"강원특별자치도",영월군,89874,89874,89874,89874,89690,29963,29963,29963,29963,31469,29796,29796,29796,29796,33052,28624,28624,28624,28624,23404,0,0,0,0,0,1491,1491,1491,1491,1765
"강원특별자치도",평창군,119406,119406,119406,119406,119088,38612,38612,38612,38612,38149,47389,47389,47389,47389,51374,29906,29906,29906,29906,25644,0,0,0,0,0,3499,3499,3499,3499,3921
"강원특별자치도",정선군,99876,99876,99876,99876,99786,34668,34668,34668,34668,36104,36560,36560,36560,36560,40155,26330,26330,26330,26330,21017,0,0,0,0,0,2318,2318,2318,2318,2510
"강원특별자치도",철원군,63942,63942,63942,63942,63894,14402,14402,14402,14402,13680,35373,35373,35373,35373,32694,13048,13048,13048,13048,16771,0,0,0,0,1,1119,1119,1119,1119,748
"강원특별자치도",화천군,79688,79688,79688,79688,79641,15558,15558,15558,15558,15104,43077,43077,43077,43077,41866,20506,20506,20506,20506,21927,0,0,0,0,0,547,547,547,547,744
"강원특별자치도",양구군,57732,57732,57732,57732,57704,19307,19307,19307,19307,19117,22948,22948,22948,22948,24477,14956,14956,14956,14956,13662,0,0,0,0,0,521,521,521,521,448
"강원특별자치도",인제군,159041,159041,159041,159041,158948,39210,39210,39210,39210,41965,66718,66718,66718,66718,73813,50974,50974,50974,50974,40755,0,0,0,0,1,2139,2139,2139,2139,2414
"강원특별자치도",고성군,52098,52098,52098,52098,51936,14861,14861,14861,14861,13688,20756,20756,20756,20756,22095,12401,12401,12401,12401,11683,64,64,64,64,51,4016,4016,4016,4016,4419
"강원특별자치도",양양군,52220,52220,52220,52220,52027,15001,15001,15001,15001,15443,19883,19883,19883,19883,22477,15813,15813,15813,15813,12653,131,131,131,131,98,1392,1392,1392,1392,1356
"충청북도",소계,491135,491135,491135,491135,488337,152020,152020,152020,152020,146764,172760,172760,172760,172760,170399,137956,137956,137956,137956,140008,144,144,144,144,139,28255,28255,28255,28255,31027
"충청북도",청주시,47894,47894,47894,47894,47302,14419,14419,14419,14419,13929,16412,16412,16412,16412,14287,13356,13356,13356,13356,14732,18,18,18,18,15,3689,3689,3689,3689,4339
"충청북도",충주시,61825,61825,61825,61825,61131,16323,16323,16323,16323,15098,25017,25017,25017,25017,23196,15483,15483,15483,15483,17908,0,0,0,0,1,5002,5002,5002,5002,4928
"충청북도",제천시,64552,64552,64552,64552,64368,21196,21196,21196,21196,21803,20400,20400,20400,20400,21263,19219,19219,19219,19219,17642,0,0,0,0,0,3737,3737,3737,3737,3660
"충청북도",보은군,39127,39127,39127,39127,39064,13126,13126,13126,13126,12480,13185,13185,13185,13185,13476,11271,11271,11271,11271,11510,6,6,6,6,6,1539,1539,1539,1539,1592
"충청북도",옥천군,34478,34478,34478,34478,34431,8749,8749,8749,8749,8299,13913,13913,13913,13913,12495,9544,9544,9544,9544,10856,51,51,51,51,49,2221,2221,2221,2221,2732
"충청북도",영동군,64032,64032,64032,64032,63872,17860,17860,17860,17860,17459,22839,22839,22839,22839,23677,20018,20018,20018,20018,19213,67,67,67,67,66,3248,3248,3248,3248,3457
"충청북도",증평군,4111,4111,4111,4111,4065,1329,1329,1329,1329,1230,1518,1518,1518,1518,1319,1067,1067,1067,1067,1207,0,0,0,0,0,197,197,197,197,309
"충청북도",진천군,23799,23799,23799,23799,23527,6489,6489,6489,6489,6574,9191,9191,9191,9191,8690,6683,6683,6683,6683,6598,1,1,1,1,1,1435,1435,1435,1435,1664
"충청북도",괴산군,63858,63858,63858,63858,63656,23695,23695,23695,23695,22135,19722,19722,19722,19722,21269,17994,17994,17994,17994,16891,1,1,1,1,1,2446,2446,2446,2446,3360
"충청북도",음성군,24771,24771,24771,24771,24378,7330,7330,7330,7330,6772,8863,8863,8863,8863,7862,7085,7085,7085,7085,7964,0,0,0,0,0,1493,1493,1493,1493,1780
"충청북도",단양군,62688,62688,62688,62688,62543,21504,21504,21504,21504,20985,21700,21700,21700,21700,22865,16236,16236,16236,16236,15487,0,-,-,0,0,3248,3248,3248,3248,3206
"충청남도",소계,408040,408033,404556,408040,404097,151301,151694,151301,151301,154126,122885,122633,122885,122885,113303,108329,108549,108329,108329,108015,1647,1319,1647,1647,1530,23878,23838,20394,23878,27123
"충청남도",천안시,32630,32630,32630,32630,32298,6991,6991,6991,6991,7118,14063,14063,14063,14063,12512,9534,9534,9534,9534,10660,3,3,3,3,4,2039,2039,2039,2039,2004
"충청남도",공주시,60530,60530,57046,60530,60332,14536,14536,14536,14536,15928,24814,24814,24814,24814,23620,17632,17632,17632,17632,16518,64,64,64,64,58,3484,3484,-,3484,4208
"충청남도",보령시,33969,33969,33969,33969,33552,15847,15847,15847,15847,14825,7329,7329,7329,7329,7970,8304,8304,8304,8304,7645,197,197,197,197,185,2292,2292,2292,2292,2927
"충청남도",아산시,18887,18887,18887,18887,18450,5392,5392,5392,5392,5312,7489,7489,7489,7489,6401,5563,5563,5563,5563,6164,19,19,19,19,13,424,424,424,424,560
"충청남도",서산시,30142,30142,30142,30142,29744,16598,16598,16598,16598,15351,4850,4850,4850,4850,5308,7072,7072,7072,7072,7279,146,146,146,146,168,1476,1476,1476,1476,1638
"충청남도",논산시,22676,22676,22676,22676,22554,7063,7063,7063,7063,7394,7525,7525,7525,7525,7022,7064,7064,7064,7064,7039,158,158,158,158,140,866,866,866,866,959
"충청남도",계룡시,4003,4003,4003,4003,3961,1184,1184,1184,1184,1167,1236,1236,1236,1236,1165,1399,1399,1399,1399,1358,12,12,12,12,12,172,172,172,172,259
"충청남도",당진시,22230,22230,22230,22230,21841,9950,9950,9950,9950,10303,4435,4435,4435,4435,2776,5666,5666,5666,5666,6482,133,133,133,133,116,2046,2046,2046,2046,2164
"충청남도",금산군,40698,40698,40698,40698,40599,12102,12102,12102,12102,11461,13944,13944,13944,13944,13565,12828,12828,12828,12828,13377,19,19,19,19,17,1805,1805,1805,1805,2179
"충청남도",부여군,31964,31964,31964,31964,31692,9063,9063,9063,9063,10790,12352,12352,12352,12352,10831,9085,9085,9085,9085,8098,186,186,186,186,159,1278,1278,1278,1278,1814
"충청남도",서천군,15018,15018,15018,15018,14841,7314,7698,7314,7314,7800,2752,2998,2752,2752,2462,3001,2581,3001,3001,2658,262,92,262,262,237,1689,1649,1689,1689,1684
"충청남도",청양군,30710,30710,30710,30710,30466,10832,10832,10832,10832,11769,10008,10008,10008,10008,9035,7241,7241,7241,7241,6583,61,61,61,61,53,2568,2568,2568,2568,3026
"충청남도",홍성군,19174,19167,19174,19174,18834,10486,10495,10486,10486,10187,3973,3475,3973,3973,3127,4051,4691,4051,4051,4832,199,41,199,199,151,465,465,465,465,537
"충청남도",예산군,23462,23462,23462,23462,23225,9068,9068,9068,9068,9664,6990,6990,6990,6990,6609,6694,6694,6694,6694,6555,52,52,52,52,46,658,658,658,658,351
"충청남도",태안군,21947,21947,21947,21947,21708,14875,14875,14875,14875,15057,1125,1125,1125,1125,900,3195,3195,3195,3195,2767,136,136,136,136,171,2616,2616,2616,2616,2813
"전라북도",소계,443140,443140,443140,443140,440746,169220,169220,169220,169220,164696,161988,161988,161988,161988,153332,98001,98001,98001,98001,108009,1778,1778,1778,1778,1674,12153,12153,12153,12153,13035
"전라북도",전주시,6249,6249,6249,6249,6109,1893,1893,1893,1893,2042,2155,2155,2155,2155,1818,2037,2037,2037,2037,2134,40,40,40,40,39,124,124,124,124,76
"전라북도",군산시,8062,8062,8062,8062,7996,3645,3645,3645,3645,3693,1548,1548,1548,1548,1008,2140,2140,2140,2140,2124,264,264,264,264,234,465,465,465,465,937
"전라북도",익산시,12037,12037,12037,12037,11850,5398,5398,5398,5398,5903,2787,2787,2787,2787,2311,3207,3207,3207,3207,3007,241,241,241,241,215,404,404,404,404,414
"전라북도",정읍시,32420,32420,32420,32420,32142,15803,15803,15803,15803,15891,9296,9296,9296,9296,9290,6579,6579,6579,6579,6309,235,235,235,235,233,507,507,507,507,419
"전라북도",남원시,46910,46910,46910,46910,46604,25821,25821,25821,25821,25130,10215,10215,10215,10215,11288,10072,10072,10072,10072,9292,159,159,159,159,146,643,643,643,643,748
"전라북도",김제시,9202,9202,9202,9202,9045,5413,5413,5413,5413,5027,1640,1640,1640,1640,1647,1976,1976,1976,1976,1879,103,103,103,103,105,70,70,70,70,387
"전라북도",완주군,58716,58716,58716,58716,58592,13848,13848,13848,13848,13729,33961,33961,33961,33961,27823,8077,8077,8077,8077,14098,139,139,139,139,123,2691,2691,2691,2691,2819
"전라북도",진안군,59696,59696,59696,59696,59406,16953,16953,16953,16953,15524,28379,28379,28379,28379,26959,13599,13599,13599,13599,15872,12,12,12,12,12,753,753,753,753,1039
"전라북도",무주군,51626,51626,51626,51626,51547,14085,14085,14085,14085,13660,21855,21855,21855,21855,22122,14663,14663,14663,14663,14581,11,11,11,11,12,1012,1012,1012,1012,1172
"전라북도",장수군,40101,40101,40101,40101,39963,13526,13526,13526,13526,12818,17187,17187,17187,17187,17663,8596,8596,8596,8596,9102,25,25,25,25,24,767,767,767,767,356
"전라북도",임실군,41331,41331,41331,41331,41239,16282,16282,16282,16282,15781,16221,16221,16221,16221,12976,7645,7645,7645,7645,11323,107,107,107,107,103,1076,1076,1076,1076,1056
"전라북도",순창군,32954,32954,32954,32954,32812,13525,13525,13525,13525,13260,10831,10831,10831,10831,10696,6695,6695,6695,6695,7003,168,168,168,168,170,1735,1735,1735,1735,1683
"전라북도",고창군,23102,23102,23102,23102,22864,14040,14040,14040,14040,13568,2823,2823,2823,2823,3466,5431,5431,5431,5431,5051,209,209,209,209,188,599,599,599,599,591
"전라북도",부안군,20734,20734,20734,20734,20577,8988,8988,8988,8988,8670,3090,3090,3090,3090,4265,7284,7284,7284,7284,6234,65,65,65,65,70,1307,1307,1307,1307,1338
"전라남도",소계,690237,690237,690237,690237,686852,290074,290074,290074,290074,301854,170472,170472,170472,170472,168489,193543,193543,193543,193543,177242,8119,8119,8119,8119,8042,28029,28029,28029,28029,31225
"전라남도",목포시,1159,1159,1159,1159,1111,414,414,414,414,467,66,66,66,66,30,461,461,461,461,369,12,12,12,12,10,206,206,206,206,235
"전라남도",여수시,30639,30639,30639,30639,30328,11308,11308,11308,11308,12544,5649,5649,5649,5649,5435,11113,11113,11113,11113,9717,242,242,242,242,259,2327,2327,2327,2327,2373
"전라남도",순천시,62645,62645,62645,62645,62162,28428,28428,28428,28428,28310,16413,16413,16413,16413,16981,14552,14552,14552,14552,11825,580,580,580,580,666,2672,2672,2672,2672,4380
"전라남도",나주시,22770,22770,22770,22770,22512,10151,10151,10151,10151,10267,3536,3536,3536,3536,3941,8316,8316,8316,8316,7635,555,555,555,555,441,212,212,212,212,228
"전라남도",광양시,30296,30296,30296,30296,30104,8193,8193,8193,8193,8929,15123,15123,15123,15123,15145,6324,6324,6324,6324,5341,275,275,275,275,243,381,381,381,381,446
"전라남도",담양군,27593,27593,27593,27593,27447,10062,10062,10062,10062,10151,8161,8161,8161,8161,7787,6908,6908,6908,6908,6976,899,899,899,899,874,1563,1563,1563,1563,1659
"전라남도",곡성군,38398,38398,38398,38398,38337,19024,19024,19024,19024,19147,8543,8543,8543,8543,9108,9542,9542,9542,9542,8661,327,327,327,327,350,962,962,962,962,1071
"전라남도",구례군,34819,34819,34819,34819,34747,9169,9169,9169,9169,10236,14599,14599,14599,14599,14244,6059,6059,6059,6059,5419,221,221,221,221,230,4771,4771,4771,4771,4618
"전라남도",고흥군,46034,46034,46034,46034,45852,21459,21459,21459,21459,20808,7137,7137,7137,7137,8124,15335,15335,15335,15335,14350,397,397,397,397,486,1706,1706,1706,1706,2084
"전라남도",보성군,40947,40947,40947,40947,40872,17543,17543,17543,17543,17834,9326,9326,9326,9326,10436,11687,11687,11687,11687,9962,722,722,722,722,698,1669,1669,1669,1669,1942
"전라남도",화순군,55929,55929,55929,55929,55851,21811,21811,21811,21811,22558,15159,15159,15159,15159,14508,17266,17266,17266,17266,16911,429,429,429,429,441,1264,1264,1264,1264,1433
"전라남도",장흥군,39964,39964,39964,39964,39928,16475,16475,16475,16475,17097,11028,11028,11028,11028,10261,8887,8887,8887,8887,9121,617,617,617,617,571,2957,2957,2957,2957,2878
"전라남도",강진군,28772,28772,28772,28772,28678,11878,11878,11878,11878,12220,7250,7250,7250,7250,6862,8258,8258,8258,8258,8114,503,503,503,503,413,883,883,883,883,1069
"전라남도",해남군,44632,44632,44632,44632,44278,24855,24855,24855,24855,22590,7737,7737,7737,7737,9185,9220,9220,9220,9220,9355,483,483,483,483,411,2337,2337,2337,2337,2737
"전라남도",영암군,22567,22567,22567,22567,22250,7006,7006,7006,7006,7762,5211,5211,5211,5211,4911,9142,9142,9142,9142,8605,524,524,524,524,460,684,684,684,684,512
"전라남도",무안군,13069,13069,13069,13069,12951,6249,6249,6249,6249,6394,1413,1413,1413,1413,1513,5174,5174,5174,5174,4706,217,217,217,217,217,16,16,16,16,121
"전라남도",함평군,16793,16793,16793,16793,16742,7117,7117,7117,7117,7703,3687,3687,3687,3687,3384,5639,5639,5639,5639,5275,251,251,251,251,242,99,99,99,99,138
"전라남도",영광군,20605,20605,20605,20605,20505,9306,9306,9306,9306,10207,3871,3871,3871,3871,3762,6896,6896,6896,6896,5880,186,186,186,186,192,346,346,346,346,464
"전라남도",장성군,31509,31509,31509,31509,31321,14228,14228,14228,14228,13919,8957,8957,8957,8957,9161,7599,7599,7599,7599,7377,331,331,331,331,318,394,394,394,394,546
"전라남도",완도군,25639,25639,25639,25639,25629,10809,10809,10809,10809,13171,9850,9850,9850,9850,6480,3847,3847,3847,3847,4763,74,74,74,74,163,1059,1059,1059,1059,1052
"전라남도",진도군,24803,24803,24803,24803,24709,11761,11761,11761,11761,12243,4815,4815,4815,4815,4948,7070,7070,7070,7070,6594,120,120,120,120,149,1037,1037,1037,1037,775
"전라남도",신안군,30655,30655,30655,30655,30538,12828,12828,12828,12828,17297,2941,2941,2941,2941,2283,14248,14248,14248,14248,10286,154,154,154,154,208,484,484,484,484,464
"경상북도",소계,1337741,1337741,1337741,1337741,1069940,567171,567171,567171,567171,459873,350063,350063,350063,350063,260503,389727,389727,389727,389727,306877,1983,1983,1983,1983,1628,28797,28797,28797,28797,41059
"경상북도",포항시,75207,75207,75207,75207,66459,23263,23263,23263,23263,21112,25467,25467,25467,25467,19699,24221,24221,24221,24221,22982,318,318,318,318,312,1938,1938,1938,1938,2354
"경상북도",경주시,89275,89275,89275,89275,84289,36240,36240,36240,36240,33668,28490,28490,28490,28490,22991,21205,21205,21205,21205,23352,358,358,358,358,344,2982,2982,2982,2982,3934
"경상북도",김천시,69768,69768,69768,69768,59934,16985,16985,16985,16985,15104,27690,27690,27690,27690,19487,22973,22973,22973,22973,22611,223,223,223,223,191,1897,1897,1897,1897,2541
"경상북도",안동시,106518,106518,106518,106518,98312,58172,58172,58172,58172,52555,17652,17652,17652,17652,16529,29004,29004,29004,29004,24587,24,24,24,24,12,1666,1666,1666,1666,4629
"경상북도",구미시,34162,34162,34162,34162,32200,15544,15544,15544,15544,13978,6987,6987,6987,6987,7537,10419,10419,10419,10419,9268,107,107,107,107,81,1105,1105,1105,1105,1336
"경상북도",영주시,41016,41016,41016,41016,26500,19357,19357,19357,19357,12847,8503,8503,8503,8503,4445,11861,11861,11861,11861,7698,9,9,9,9,4,1286,1286,1286,1286,1506
"경상북도",영천시,62252,62252,62252,62252,57733,26344,26344,26344,26344,25134,16257,16257,16257,16257,13949,17739,17739,17739,17739,15340,67,67,67,67,63,1845,1845,1845,1845,3247
"경상북도",상주시,82249,82249,82249,82249,73277,30143,30143,30143,30143,25151,28649,28649,28649,28649,24421,22180,22180,22180,22180,21226,97,97,97,97,51,1180,1180,1180,1180,2428
"경상북도",문경시,68566,68566,68566,68566,54120,21227,21227,21227,21227,16136,26021,26021,26021,26021,18440,19967,19967,19967,19967,17025,17,17,17,17,9,1334,1334,1334,1334,2510
"경상북도",경산시,23188,23188,23188,23188,22111,9178,9178,9178,9178,8682,5835,5835,5835,5835,5647,7856,7856,7856,7856,7100,57,57,57,57,45,262,262,262,262,637
"경상북도",군위군,46250,46250,46250,46250,44266,19953,19953,19953,19953,20598,10926,10926,10926,10926,10127,13959,13959,13959,13959,11200,18,18,18,18,12,1394,1394,1394,1394,2329
"경상북도",의성군,78991,78991,78991,78991,75550,37213,37213,37213,37213,39133,15943,15943,15943,15943,14683,25001,25001,25001,25001,20782,10,10,10,10,5,824,824,824,824,947
"경상북도",청송군,66487,66487,66487,66487,57109,26306,26306,26306,26306,24079,18880,18880,18880,18880,16150,20608,20608,20608,20608,15820,2,2,2,2,2,691,691,691,691,1058
"경상북도",영양군,65764,65764,65764,65764,28901,30622,30622,30622,30622,15299,14885,14885,14885,14885,5091,19545,19545,19545,19545,8079,1,1,1,1,-,711,711,711,711,432
"경상북도",영덕군,59486,59486,59486,59486,38092,24430,24430,24430,24430,16814,14534,14534,14534,14534,7922,19640,19640,19640,19640,11781,78,78,78,78,52,804,804,804,804,1523
"경상북도",청도군,50558,50558,50558,50558,45206,22398,22398,22398,22398,20344,13292,13292,13292,13292,11403,14225,14225,14225,14225,11966,148,148,148,148,113,495,495,495,495,1380
"경상북도",고령군,24327,24327,24327,24327,23591,12604,12604,12604,12604,11984,3651,3651,3651,3651,3593,7465,7465,7465,7465,7081,114,114,114,114,76,493,493,493,493,857
"경상북도",성주군,40580,40580,40580,40580,38389,13845,13845,13845,13845,14110,11749,11749,11749,11749,10186,13822,13822,13822,13822,12812,141,141,141,141,117,1023,1023,1023,1023,1164
"경상북도",칠곡군,29185,29185,29185,29185,26921,9619,9619,9619,9619,9177,8872,8872,8872,8872,7589,9260,9260,9260,9260,7632,40,40,40,40,39,1394,1394,1394,1394,2484
"경상북도",예천군,35560,35560,35560,35560,33331,12791,12791,12791,12791,13350,11217,11217,11217,11217,7476,9980,9980,9980,9980,10702,21,21,21,21,5,1551,1551,1551,1551,1798
"경상북도",봉화군,98054,98054,98054,98054,45428,52134,52134,52134,52134,28320,19447,19447,19447,19447,7051,24897,24897,24897,24897,9338,1,1,1,1,1,1575,1575,1575,1575,718
"경상북도",울진군,84212,84212,84212,84212,34689,48183,48183,48183,48183,21907,11649,11649,11649,11649,4231,23178,23178,23178,23178,7904,91,91,91,91,58,1111,1111,1111,1111,589
"경상북도",울릉군,6086,6086,6086,6086,3532,620,620,620,620,391,3467,3467,3467,3467,1856,722,722,722,722,591,41,41,41,41,36,1236,1236,1236,1236,658
"경상남도",소계,701903,701903,701903,701903,698810,313753,313753,313753,313753,313362,179608,179608,179608,179608,178532,184775,184775,184775,184775,175614,6602,7121,7121,7121,6102,17165,16646,16646,16646,25200
"경상남도",창원시,42614,42614,42614,42614,42385,19366,19366,19366,19366,18351,8136,8136,8136,8136,9545,13040,13040,13040,13040,12393,333,333,333,333,183,1739,1739,1739,1739,1913
"경상남도",진주시,42203,42203,42203,42203,42051,19771,19771,19771,19771,22452,9900,9900,9900,9900,9491,11041,11041,11041,11041,8091,999,999,999,999,859,492,492,492,492,1158
"경상남도",통영시,15292,15292,15292,15292,15236,9963,9963,9963,9963,9161,1150,1150,1150,1150,1596,3882,3882,3882,3882,3985,85,85,85,85,93,212,212,212,212,401
"경상남도",사천시,23037,23037,23037,23037,22834,11136,11136,11136,11136,12050,4528,4528,4528,4528,4041,5615,5615,5615,5615,4166,588,588,588,588,512,1170,1170,1170,1170,2065
"경상남도",김해시,23843,23843,23843,23843,23640,9824,9824,9824,9824,8886,5780,5780,5780,5780,6434,7527,7527,7527,7527,6915,216,216,216,216,118,496,496,496,496,1287
"경상남도",밀양시,51349,51349,51349,51349,51109,23605,23605,23605,23605,22127,12490,12490,12490,12490,13489,13899,13899,13899,13899,13792,313,313,313,313,258,1042,1042,1042,1042,1443
"경상남도",거제시,28437,28437,28437,28437,28320,14029,14029,14029,14029,13567,5011,5011,5011,5011,5433,8563,8563,8563,8563,7295,0,519,519,519,519,834,315,315,315,1506
"경상남도",양산시,36243,36243,36243,36243,35918,9192,9192,9192,9192,8513,19531,19531,19531,19531,14706,5071,5071,5071,5071,10057,187,187,187,187,144,2262,2262,2262,2262,2498
"경상남도",의령군,32991,32991,32991,32991,32920,16607,16607,16607,16607,16357,6693,6693,6693,6693,6453,8955,8955,8955,8955,9172,433,433,433,433,362,303,303,303,303,576
"경상남도",함안군,21371,21371,21371,21371,21282,11011,11011,11011,11011,10476,3966,3966,3966,3966,3708,5903,5903,5903,5903,6334,307,307,307,307,222,184,184,184,184,542
"경상남도",창녕군,28899,28899,28899,28899,28901,18543,18543,18543,18543,17491,2891,2891,2891,2891,2528,6944,6944,6944,6944,6594,255,255,255,255,182,266,266,266,266,2106
"경상남도",고성군,34112,34112,34112,34112,33941,17733,17733,17733,17733,18133,5222,5222,5222,5222,5900,9694,9694,9694,9694,8602,395,395,395,395,289,1068,1068,1068,1068,1017
"경상남도",남해군,23909,23909,23909,23909,23763,10007,10007,10007,10007,11714,4838,4838,4838,4838,4228,7517,7517,7517,7517,6234,243,243,243,243,248,1304,1304,1304,1304,1339
"경상남도",하동군,48715,48715,48715,48715,48540,16541,16541,16541,16541,18854,19460,19460,19460,19460,19001,10290,10290,10290,10290,8294,1109,1109,1109,1109,1056,1315,1315,1315,1315,1335
"경상남도",산청군,61226,61226,61226,61226,60891,22646,22646,22646,22646,22905,23959,23959,23959,23959,24312,12743,12743,12743,12743,11680,575,575,575,575,540,1303,1303,1303,1303,1454
"경상남도",함양군,55263,55263,55263,55263,54985,20614,20614,20614,20614,20054,20234,20234,20234,20234,20257,13482,13482,13482,13482,13642,123,123,123,123,116,810,810,810,810,916
"경상남도",거창군,60985,60985,60985,60985,60810,27532,27532,27532,27532,26864,12909,12909,12909,12909,13827,19385,19385,19385,19385,18474,105,105,105,105,102,1054,1054,1054,1054,1543
"경상남도",합천군,71414,71414,71414,71414,71284,35633,35633,35633,35633,35407,12910,12910,12910,12910,13583,21224,21224,21224,21224,19894,336,336,336,336,299,1311,1311,1311,1311,2101
"제주특별자치도",소계,88022,88022,88022,88022,87334,21628,21628,21628,21628,21603,30599,30599,30599,30599,28384,12601,12601,12601,12601,14033,86,86,86,86,90,23108,23108,23108,23108,23224
"제주특별자치도",제주시,44744,44744,44744,44744,44499,12434,12434,12434,12434,12010,17053,17053,17053,17053,14417,3911,3911,3911,3911,6180,47,47,47,47,51,11299,11299,11299,11299,11841
"제주특별자치도",서귀포시,43278,43278,43278,43278,42835,9194,9194,9194,9194,9593,13546,13546,13546,13546,13967,8690,8690,8690,8690,7853,39,39,39,39,39,11809,11809,11809,11809,11383
