20  Ⅱ. 산림자원,,,,,,,,,,,,,,Ⅱ. Forest Resources  21,,
,,,,,,,,,,,,,,,,
3.  2020 소유별 산림면적 및 산림비율,,,,,,,,2020 Forest Area and % of Forest Area by Ownership,,,,,,,,
,,,,,,,,,,,,,,,,
단위 : ha,,,,,,,,,,,,,,Unit : ha,,
구   분,"국토면적
Land Area","합 계
Total","국          유          림
National Forest",,,,,"민          유          림
Non-national forest",,,,,"산림비율(%)
% of Forest area",Classification,,
,,,"계
Subtotal","산 림 청 소 관
Under Korea Forest Service",,,"타부처소관
Under other govt.
authorities","계
Subtotal","공     유     림
Public forest",,,"사 유 림
Private forest",,,,
,,,,"소 계
Subtotal","보전국유림
Conservation Forests","준보전국유림
Semi-Conservation Forests",,,"소 계
Subtotal","시·도유림
Provincial forest","시·군·구유림
County forest",,,,,
2008,"9,982,778","6,374,875","1,518,035","1,387,020","1,317,093","69,927","131,015","4,856,840","488,388","154,099","334,289","4,368,452",63.86,2008,,
2009,"9,989,741","6,370,304","1,529,936","1,399,036","1,338,810","60,226","130,900","4,840,368","487,721","154,202","333,519","4,352,647",63.77,2009,,
2010,"10,003,306","6,368,843","1,543,352","1,409,879","1,353,985","55,894","133,473","4,825,491","487,611","154,248","333,363","4,337,880",63.67,2010,,
2015,"10,029,535","6,334,615","1,617,658","1,471,527","1,437,805","33,722","146,131","4,716,957","467,072","162,826","304,246","4,249,885",63.17,2015,,
2020,"10,041,260","6,298,134","1,652,736","1,510,347","1,481,839","28,508","142,389","4,645,398","483,202","167,756","315,446","4,162,196",62.72,2020,,
서울특별시  ,"60,523","15,323","5,961","4,099","4,068",31,"1,862","9,362",944,848,96,"8,418",25.32,Seoul,,
부산광역시  ,"77,007","34,926","6,442","3,796","3,538",258,"2,646","28,484","2,341","1,097","1,244","26,143",45.35,Busan,,
대구광역시  ,"88,349","48,338","2,505","1,460","1,456",4,"1,045","45,833","3,078","1,918","1,160","42,755",54.71,Daegu,,
인천광역시  ,"106,523","39,373","4,576","2,677","2,521",156,"1,899","34,797","1,753",516,"1,237","33,044",36.96,Incheon,,
광주광역시  ,"50,113","18,944","1,791",671,657,14,"1,120","17,153",908,884,24,"16,245",37.80,Gwangju,,
대전광역시  ,"53,966","29,764","5,586","3,558","3,519",39,"2,028","24,178","1,052","1,018",34,"23,126",55.15,Daejeon,,
울산광역시  ,"106,209","68,001","6,550","6,147","5,994",153,403,"61,451","2,165","1,941",224,"59,286",64.03,Ulsan,,
세종특별자치시,"46,491","24,849","2,431","1,616","1,349",267,815,"22,418",432,432,-,"21,986",53.45,Sejong city,,
경   기   도  ,"1,019,527","512,105","96,643","65,933","63,498","2,435","30,710","415,462","42,969","32,144","10,825","372,493",50.23,Gyeonggi-do,,
강   원   도,"1,682,968","1,366,644","790,222","765,338","759,416","5,922","24,884","576,422","94,389","28,460","65,929","482,033",81.20,Gangwon-do,,
충 청 북 도  ,"740,695","488,337","103,333","94,858","93,593","1,265","8,475","385,004","79,873","25,217","54,656","305,131",65.93,Chungcheongbuk-do,,
충 청 남 도  ,"824,617","404,097","35,328","30,446","29,018","1,428","4,882","368,769","20,782","10,428","10,354","347,987",49.00,Chungcheongnam-do,,
전 라 북 도,"806,984","440,746","103,117","96,385","93,707","2,678","6,732","337,629","31,460","12,605","18,855","306,169",54.62,Jeollabuk-do,,
전 라 남 도  ,"1,234,809","686,852","96,790","73,520","72,731",789,"23,270","590,062","33,895","11,204","22,691","556,167",55.62,Jeollanam-do,,
경 상 북 도  ,"1,903,403","1,333,691","272,143","263,751","251,575","12,176","8,392","1,061,548","110,439","15,652","94,787","951,109",70.07,Gyeongsangbuk-do,,
경 상 남 도  ,"1,054,055","698,810","83,023","75,637","75,222",415,"7,386","615,787","51,996","18,920","33,076","563,791",66.30,Gyeongsangnam-do,,
제주특별자치도,"185,021","87,334","36,295","20,455","19,977",478,"15,840","51,039","4,726","4,472",254,"46,313",47.20,"Jeju Special Self-
Governing Province",,
,,,,,,,,,,,,,,,,
"출처 : 산림청 산림빅데이터팀 (2020년 산림기본통계 개정판, 5년주기 공표), 국토교통부 (지적통계)",,,,,,,,"Source：Forest Big Data Team (2020 Forest Basic Statistics, Revised Edition, published on a five-year cycle), 
           Ministry of Land Infrastructure and Transport (cadastral statistics)",,,,,,,,
22  Ⅱ. 산림자원,,,,,,,,,,,,,,Ⅱ. Forest Resources  23,,
,,,,,,,,,,,,,,,,
3.  2020 소유별 산림면적 및 산림비율 (계속),,,,,,,,2020 Forest Area and % of Forest Area by Ownership (Cont'd),,,,,,,,
,,,,,,,,,,,,,,,,
단위 : ha,,,,,,,,,,,,,,Unit : ha,,
구   분,"국토면적
Land Area","합 계
Total","국          유          림
National Forest",,,,,"민          유          림
Non-national forest",,,,,"산림비율(%)
% of
Forest area",Classification,,
,,,"계
Subtotal","산 림 청 소 관
Under Korea Forest Service",,,"타부처소관
Under other govt.
authorities","계
Subtotal","공     유     림
Public forest",,,"사 유 림
Private forest",,,,
,,,,"소 계
Subtotal","보전국유림
Conservation Forests","준보전국유림
Semi-Conservation Forests",,,"소 계
Subtotal","시·도유림
Provincial forest","시·군·구유림
County forest",,,,,
서울특별시 ,"60,523","15,323","5,961","4,099","4,068",31,"1,862","9,362",944,848,96,"8,418",25.32,Seoul,,
종로구,"2,391",956,757,679,678,1,78,199,10,9,1,189,39.98,Jongno-gu,,
중   구,996,151,103,98,98,-,5,48,6,6,-,42,15.16,Jung-gu,,
용산구,"2,187",180,94,83,83,-,11,86,6,6,-,80,8.23,Yongsan-gu,,
성동구,"1,686",53,12,7,7,-,5,41,11,6,5,30,3.14,Seongdong-gu,,
광진구,"1,706",295,8,7,7,-,1,287,38,37,1,249,17.29,Gwang jin-gu,,
동대문구,"1,422",114,25,12,10,2,13,89,25,24,1,64,8.02,Dongdaemun-gu,,
중랑구,"1,850",521,8,3,3,-,5,513,61,29,32,452,28.16,Jungnang-gu,,
성북구,"2,458",928,645,578,572,6,67,283,12,12,-,271,37.75,Seong buk-gu,,
강북구,"2,360","1,269",926,904,903,1,22,343,24,22,2,319,53.77,Gang buk-gu,,
도봉구,"2,065",990,292,34,34,-,258,698,20,19,1,678,47.94,Dobong-gu,,
노원구,"3,544","1,640",678,528,525,3,150,962,41,40,1,921,46.28,Nowon-gu,,
은평구,"2,971","1,415",732,671,667,4,61,683,110,107,3,573,47.63,Eunpyeong-gu,,
서대문구,"1,763",559,213,196,195,1,17,346,89,86,3,257,31.71,Seodaemun-gu,,
마포구,"2,385",74,7,-,-,-,7,67,11,11,-,56,3.10,Mapo-gu,,
양천구,"1,741",283,27,12,12,-,15,256,6,6,-,250,16.26,Yangcheon-gu,,
강서구,"4,144",389,48,11,10,1,37,341,48,43,5,293,9.39,Gangseo-gu,,
구로구,"2,012",347,22,9,9,-,13,325,11,6,5,314,17.25,Guro-gu,,
금천구,"1,302",320,35,30,29,1,5,285,52,41,11,233,24.58,Geumcheon-gu,,
영등포구,"2,455",4,-,-,-,-,-,4,-,-,-,4,0.16,Yeongdeungpo-gu,,
동작구,"1,635",373,76,20,19,1,56,297,25,25,-,272,22.81,Dongjak-gu,,
관악구,"2,957","1,739",766,107,98,9,659,973,55,55,-,918,58.81,Gwanak-gu,,
서초구,"4,698","1,607",413,66,66,-,347,"1,194",198,195,3,996,34.21,Seocho-gu,,
강남구,"3,950",713,61,41,40,1,20,652,70,56,14,582,18.05,Gangnam-gu,,
송파구,"3,387",106,2,-,-,-,2,104,-,-,-,104,3.13,Songpa-gu,,
강동구,"2,459",297,11,3,3,-,8,286,15,7,8,271,12.08,Gangdong-gu,,
,,,,,,,,,,,,,,,,
"출처 : 산림청 산림빅데이터팀 (2020년 산림기본통계 개정판, 5년주기 공표), 국토교통부 (지적통계)",,,,,,,,"Source：Forest Big Data Team (2020 Forest Basic Statistics, Revised Edition, published on a five-year cycle), 
           Ministry of Land Infrastructure and Transport (cadastral statistics)",,,,,,,,
24  Ⅱ. 산림자원,,,,,,,,,,,,,,Ⅱ. Forest Resources  25,,
,,,,,,,,,,,,,,,,
3.  2020 소유별 산림면적 및 산림비율 (계속),,,,,,,,2020 Forest Area and % of Forest Area by Ownership (Cont'd),,,,,,,,
,,,,,,,,,,,,,,,,
단위 : ha,,,,,,,,,,,,,,Unit : ha,,
구   분,"국토면적
Land Area","합 계
Total","국          유          림
National Forest",,,,,"민          유          림
Non-national forest",,,,,"산림비율(%)
% of
Forest area",Classification,,
,,,"계
Subtotal","산 림 청 소 관
Under Korea Forest Service",,,"타부처소관
Under other govt.
authorities","계
Subtotal","공     유     림
Public forest",,,"사 유 림
Private forest",,,,
,,,,"소 계
Subtotal","보전국유림
Conservation Forests","준보전국유림
Semi-Conservation Forests",,,"소 계
Subtotal","시·도유림
Provincial forest","시·군·구유림
County forest",,,,,
부산광역시 ,"77,007","34,926","6,442","3,796","3,538",258,"2,646","28,484","2,341","1,097","1,244","26,143",45.35,Busan,,
중   구,283,13,-,-,-,-,-,13,3,3,-,10,4.59,Jung-gu,,
서   구,"1,396",678,167,114,113,1,53,511,259,246,13,252,48.57,Seo-gu,,
동   구,986,276,123,44,44,-,79,153,6,6,-,147,27.99,Dong-gu,,
영도구,"1,420",403,50,6,6,-,44,353,15,12,3,338,28.38,Yeongdo-gu,,
부산진구,"2,967","1,040",126,75,58,17,51,914,16,13,3,898,35.05,Busanjin-gu,,
동래구,"1,663",460,61,36,36,-,25,399,54,51,3,345,27.66,Dongnae-gu,,
남   구,"2,682",910,128,35,25,10,93,782,57,44,13,725,33.93,Nam-gu,,
북   구,"3,937","2,285",229,203,203,-,26,"2,056",150,150,-,"1,906",58.04,Buk-gu,,
해운대구,"5,150","2,866","1,324",609,606,3,715,"1,542",54,35,19,"1,488",55.65,Haeundae-gu,,
사하구,"4,177","1,371",168,76,73,3,92,"1,203",34,27,7,"1,169",32.82,Saha-gu,,
금정구,"6,526","4,120",550,392,392,-,158,"3,570",337,337,-,"3,233",63.13,Geumjeong-gu,,
강서구,"18,150","4,229","1,209",895,731,164,314,"3,020",66,44,22,"2,954",23.30,Gangseo-gu,,
연제구,"1,210",301,23,4,4,-,19,278,43,37,6,235,24.88,Yeonje-gu,,
수영구,"1,021",244,19,18,17,1,1,225,11,11,-,214,23.90,Su Yeong-gu,,
사상구,"3,610","1,248",245,215,211,4,30,"1,003",48,48,-,955,34.57,Sa sang-gu,,
기장군,"21,830","14,482","2,020","1,074","1,019",55,946,"12,462","1,188",33,"1,155","11,274",66.34,Gijang-gun,,
대구광역시 ,"88,349","48,338","2,505","1,460","1,456",4,"1,045","45,833","3,078","1,918","1,160","42,755",54.71,Daegu,,
중   구,706,-,-,-,-,-,-,-,-,-,-,-,-,Jung-gu,,
동   구,"18,214","11,385",452,106,105,1,346,"10,933",429,392,37,"10,504",62.51,Dong-gu,,
서   구,"1,732",206,6,1,1,-,5,200,8,8,-,192,11.89,Seo-gu,,
남   구,"1,743",678,8,-,-,-,8,670,27,26,1,643,38.90,Nam-gu,,
북   구,"9,399","4,602",335,30,30,-,305,"4,267",35,24,11,"4,232",48.96,Buk-gu,,
수성구,"7,654","3,771",219,31,31,-,188,"3,552",189,171,18,"3,363",49.27,Suseong-gu,,
달서구,"6,234","2,119",145,72,72,-,73,"1,974",134,119,15,"1,840",33.99,Dalseo-gu,,
달성군,"42,668","25,577","1,340","1,220","1,217",3,120,"24,237","2,256","1,178","1,078","21,981",59.94,Dalseong-gun,,
인천광역시 ,"106,523","39,373","4,576","2,677","2,521",156,"1,899","34,797","1,753",516,"1,237","33,044",36.96,Incheon,,
중   구,"14,036","3,266",691,632,608,24,59,"2,575",61,28,33,"2,514",23.27,Jung-gu,,
동   구,720,6,-,-,-,-,-,6,-,-,-,6,0.83,Dong-gu,,
미추홀구,"2,484",241,75,28,25,3,47,166,50,49,1,116,9.70,Michuhol-gu,,
연수구,"5,619",427,102,85,83,2,17,325,21,20,1,304,7.60,Yeonsu-gu,,
남동구,"5,745","1,261",364,84,83,1,280,897,69,62,7,828,21.95,Namdong-gu,,
부평구,"3,200",828,414,157,62,95,257,414,61,56,5,353,25.88,Bupyeong-gu,,
,,,,,,,,,,,,,,,,
"출처 : 산림청 산림빅데이터팀 (2020년 산림기본통계 개정판, 5년주기 공표), 국토교통부 (지적통계)",,,,,,,,"Source：Forest Big Data Team (2020 Forest Basic Statistics, Revised Edition, published on a five-year cycle), 
           Ministry of Land Infrastructure and Transport (cadastral statistics)",,,,,,,,
26  Ⅱ. 산림자원,,,,,,,,,,,,,,Ⅱ. Forest Resources  27,,
,,,,,,,,,,,,,,,,
3.  2020 소유별 산림면적 및 산림비율 (계속),,,,,,,,2020 Forest Area and % of Forest Area by Ownership (Cont'd),,,,,,,,
,,,,,,,,,,,,,,,,
단위 : ha,,,,,,,,,,,,,,Unit : ha,,
구   분,"국토면적
Land Area","합 계
Total","국          유          림
National Forest",,,,,"민          유          림
Non-national forest",,,,,"산림비율(%)
% of
Forest area",Classification,,
,,,"계
Subtotal","산 림 청 소 관
Under Korea Forest Service",,,"타부처소관
Under other govt.
authorities","계
Subtotal","공     유     림
Public forest",,,"사 유 림
Private forest",,,,
,,,,"소 계
Subtotal","보전국유림
Conservation Forests","준보전국유림
Semi-Conservation Forests",,,"소 계
Subtotal","시·도유림
Provincial forest","시·군·구유림
County forest",,,,,
계양구,"4,557","1,146",318,76,72,4,242,828,53,40,13,775,25.15,Gyeyang-gu,,
서   구,"11,727","3,079",396,149,139,10,247,"2,683",116,66,50,"2,567",26.26,Seo-gu,,
강화군,"41,142","17,712","1,352",803,790,13,549,"16,360","1,085",187,898,"15,275",43.05,Ganghwa-gun ,,
옹진군,"17,293","11,407",864,663,659,4,201,"10,543",237,8,229,"10,306",65.96,Ongjin-gun,,
광주광역시 ,"50,113","18,944","1,791",671,657,14,"1,120","17,153",908,884,24,"16,245",37.80,Gwangju,,
동   구,"4,931","3,461",436,250,250,-,186,"3,025",194,193,1,"2,831",70.19,Dong-gu ,,
서   구,"4,776",791,36,15,15,-,21,755,23,21,2,732,16.56,Seo-gu,,
남   구,"6,099","1,795",67,51,48,3,16,"1,728",38,35,3,"1,690",29.43,Nam-gu,,
북   구,"12,027","5,398",354,149,148,1,205,"5,044",593,586,7,"4,451",44.88,Buk-gu,,
광산구,"22,279","7,499",898,206,196,10,692,"6,601",60,49,11,"6,541",33.66,GwangSan-gu,,
대전광역시 ,"53,966","29,764","5,586","3,558","3,519",39,"2,028","24,178","1,052","1,018",34,"23,126",55.15,Daejeon ,,
동   구,"13,668","8,744","1,924","1,823","1,818",5,101,"6,820",239,226,13,"6,581",63.97,Dong-gu,,
중   구,"6,218","3,423",485,454,444,10,31,"2,938",267,266,1,"2,671",55.05,Jung-gu,,
서   구,"9,553","5,115",446,397,389,8,49,"4,669",141,141,-,"4,528",53.54,Seo-gu,,
유성구,"17,655","9,631","2,074",561,551,10,"1,513","7,557",294,291,3,"7,263",54.55,Yuseong-gu,,
대덕구,"6,872","2,851",657,323,317,6,334,"2,194",111,94,17,"2,083",41.49,Daedeok-gu,,
울산광역시 ,"106,209","68,001","6,550","6,147","5,994",153,403,"61,451","2,165","1,941",224,"59,286",64.03,Ulsan,,
중   구,"3,701","1,422",25,12,12,-,13,"1,397",91,90,1,"1,306",38.42,Jung-gu,,
남   구,"7,351","1,757",60,30,26,4,30,"1,697",243,231,12,"1,454",23.90,Nam-gu,,
동   구,"3,607","1,872",82,54,54,-,28,"1,790",90,88,2,"1,700",51.90,Dong-gu,,
북   구,"15,735","11,094",559,468,342,126,91,"10,535",807,803,4,"9,728",70.51,Buk-gu,,
울주군,"75,814","51,856","5,824","5,583","5,560",23,241,"46,032",934,729,205,"45,098",68.40,Ulju-gun,,
세종특별자치시,"46,491","24,849","2,431","1,616","1,349",267,815,"22,418",432,432,-,"21,986",53.45,Sejong city,,
세종시,"46,491","24,849","2,431","1,616","1,349",267,815,"22,418",432,432,-,"21,986",53.45,Sejong-si,,
경 기 도 ,"1,019,527","512,105","96,643","65,933","63,498","2,435","30,710","415,462","42,969","32,144","10,825","372,493",50.23,Gyeonggi-do,,
수원시 ,"12,109","2,593",334,165,148,17,169,"2,259",248,97,151,"2,011",21.41,Suwon-si,,
성남시 ,"14,163","6,881","1,173",551,511,40,622,"5,708",198,4,194,"5,510",48.58,Seongnam-si,,
의정부시,"8,155","4,690",747,371,370,1,376,"3,943",590,31,559,"3,353",57.51,Uijeongbu-si,,
안양시 ,"5,847","2,993","1,347",32,31,1,"1,315","1,646",488,374,114,"1,158",51.19,Anyang-si,,
부천시 ,"5,345",955,78,10,8,2,68,877,145,-,145,732,17.87,Bucheon-si,,
광명시 ,"3,853","1,472",286,77,77,-,209,"1,186",97,-,97,"1,089",38.20,Gwangmyeong-si,,
,,,,,,,,,,,,,,,,
"출처 : 산림청 산림빅데이터팀 (2020년 산림기본통계 개정판, 5년주기 공표), 국토교통부 (지적통계)",,,,,,,,"Source：Forest Big Data Team (2020 Forest Basic Statistics, Revised Edition, published on a five-year cycle), 
           Ministry of Land Infrastructure and Transport (cadastral statistics)",,,,,,,,
28  Ⅱ. 산림자원,,,,,,,,,,,,,,Ⅱ. Forest Resources  29,,
,,,,,,,,,,,,,,,,
3.  2020 소유별 산림면적 및 산림비율 (계속),,,,,,,,2020 Forest Area and % of Forest Area by Ownership (Cont'd),,,,,,,,
,,,,,,,,,,,,,,,,
단위 : ha,,,,,,,,,,,,,,Unit : ha,,
구   분,"국토면적
Land Area","합 계
Total","국          유          림
National Forest",,,,,"민          유          림
Non-national forest",,,,,"산림비율(%)
% of
Forest area",Classification,,
,,,"계
Subtotal","산 림 청 소 관
Under Korea Forest Service",,,"타부처소관
Under other govt.
authorities","계
Subtotal","공     유     림
Public forest",,,"사 유 림
Private forest",,,,
,,,,"소 계
Subtotal","보전국유림
Conservation Forests","준보전국유림
Semi-Conservation Forests",,,"소 계
Subtotal","시·도유림
Provincial forest","시·군·구유림
County forest",,,,,
평택시,"45,824","7,762",275,102,81,21,173,"7,487",283,121,162,"7,204",16.94,Pyeongtaek-si,,
동두천시,"9,567","6,289","1,791",590,548,42,"1,201","4,498",139,14,125,"4,359",65.74,Dongducheon-si,,
안산시,"15,633","6,205",523,196,160,36,327,"5,682",793,226,567,"4,889",39.69,Ansan-si,,
고양시,"26,810","9,236","2,558","1,405","1,356",49,"1,153","6,678",126,52,74,"6,552",34.45,Goyang-si,,
과천시,"3,587","2,327",721,14,14,-,707,"1,606",815,741,74,791,64.87,Gwacheon-si,,
구리시,"3,333","1,284",393,97,96,1,296,891,83,70,13,808,38.52,Guri-si,,
남양주시,"45,814","30,822","3,148","2,177","2,161",16,971,"27,674","3,907","3,716",191,"23,767",67.28,Namyangju-si,,
오산시,"4,271","1,074",16,7,5,2,9,"1,058",29,2,27,"1,029",25.15,Osan-si,,
시흥시,"13,968","4,156",448,157,151,6,291,"3,708",42,6,36,"3,666",29.75,Siheung-si,,
군포시,"3,642","1,663",196,26,26,-,170,"1,467",396,382,14,"1,071",45.66,Gunpo-si,,
의왕시,"5,403","3,392",593,186,180,6,407,"2,799",360,306,54,"2,439",62.78,Uiwang-si,,
하남시,"9,299","4,810",520,283,281,2,237,"4,290",69,22,47,"4,221",51.73,Hanam-si,,
용인시,"59,123","29,908","2,364","1,541","1,441",100,823,"27,544",723,139,584,"26,821",50.59,Yongin-si,,
파주시,"67,386","26,947","5,225","1,768","1,661",107,"3,457","21,722",531,172,359,"21,191",39.99,Paju-si,,
이천시,"46,143","16,460","1,579",860,780,80,719,"14,881",312,38,274,"14,569",35.67,Icheon-si,,
안성시,"55,346","23,711","1,749","1,522","1,251",271,227,"21,962",797,130,667,"21,165",42.84,Anseong-si,,
김포시,"27,661","6,714",980,337,308,29,643,"5,734",238,39,199,"5,496",24.27,Gimpo-si,,
화성시,"69,818","17,350","2,230","1,411",990,421,819,"15,120",164,66,98,"14,956",24.85,Hwaseong-si,,
광주시,"43,099","28,194","4,612","2,590","2,159",431,"2,022","23,582",537,209,328,"23,045",65.42,Gwangju-si,,
양주시,"31,043","15,972","3,646","1,850","1,831",19,"1,796","12,326",151,11,140,"12,175",51.45,Yangju-si,,
포천시,"82,691","53,199","10,308","5,688","5,569",119,"4,620","42,891","4,300","3,080","1,220","38,591",64.33,Pocheon-si,,
여주시,"60,826","28,420","1,457","1,220",974,246,237,"26,963","1,317",109,"1,208","25,646",46.72,Yeoju-si,,
연천군,"67,631","36,954","12,468","7,488","7,289",199,"4,980","24,486",282,39,243,"24,204",54.64,Yeoncheon-gun,,
가평군,"84,366","68,332","9,200","8,401","8,353",48,799,"59,132","22,665","21,854",811,"36,467",80.99,Gapyeong-gun,,
양평군,"87,769","61,340","25,678","24,811","24,688",123,867,"35,662","2,144",94,"2,050","33,518",69.89,Yangpyeong-gun,,
강 원 도 ,"1,682,968","1,366,644","790,222","765,338","759,416","5,922","24,884","576,422","94,389","28,460","65,929","482,033",81.20,Gangwon-do,,
춘천시,"111,640","79,716","30,247","28,654","28,614",40,"1,593","49,469","15,925","11,262","4,663","33,544",71.40,Chuncheon-si,,
원주시,"86,823","60,704","9,092","8,452","8,441",11,640,"51,612","12,647",119,"12,528","38,965",69.92,Wonju-si,,
강릉시,"104,078","82,654","45,824","45,545","45,411",134,279,"36,830","3,678",392,"3,286","33,152",79.42,Gangneung-si,,
동해시,"18,021","13,635","4,477","4,388","4,377",11,89,"9,158",988,17,971,"8,170",75.66,Donghae-si,,
태백시,"30,349","26,713","17,920","17,816","17,717",99,104,"8,793","2,187","1,906",281,"6,606",88.02,Taebaek-si,,
속초시,"10,576","7,957","1,848","1,809","1,806",3,39,"6,109",138,13,125,"5,971",75.24,Sokcho-si,,
,,,,,,,,,,,,,,,,
"출처 : 산림청 산림빅데이터팀 (2020년 산림기본통계 개정판, 5년주기 공표), 국토교통부 (지적통계)",,,,,,,,"Source：Forest Big Data Team (2020 Forest Basic Statistics, Revised Edition, published on a five-year cycle), 
           Ministry of Land Infrastructure and Transport (cadastral statistics)",,,,,,,,
30  Ⅱ. 산림자원,,,,,,,,,,,,,,Ⅱ. Forest Resources  31,,
,,,,,,,,,,,,,,,,
3.  2020 소유별 산림면적 및 산림비율 (계속),,,,,,,,2020 Forest Area and % of Forest Area by Ownership (Cont'd),,,,,,,,
,,,,,,,,,,,,,,,,
단위 : ha,,,,,,,,,,,,,,Unit : ha,,
구   분,"국토면적
Land Area","합 계
Total","국          유          림
National Forest",,,,,"민          유          림
Non-national forest",,,,,"산림비율(%)
% of
Forest area",Classification,,
,,,"계
Subtotal","산 림 청 소 관
Under Korea Forest Service",,,"타부처소관
Under other govt.
authorities","계
Subtotal","공     유     림
Public forest",,,"사 유 림
Private forest",,,,
,,,,"소 계
Subtotal","보전국유림
Conservation Forests","준보전국유림
Semi-Conservation Forests",,,"소 계
Subtotal","시·도유림
Provincial forest","시·군·구유림
County forest",,,,,
삼척시,"118,781","102,169","62,665","61,978","60,154","1,824",687,"39,504","2,124",190,"1,934","37,380",86.01,Samcheok-si,,
홍천군,"182,034","148,328","87,232","82,987","82,921",66,"4,245","61,096","8,223","4,198","4,025","52,873",81.48,Hongcheon-gun,,
횡성군,"99,807","72,054","27,900","27,752","27,732",20,148,"44,154","3,534",196,"3,338","40,620",72.19,Hoengseong-gun,,
영월군,"112,732","89,690","56,315","55,553","55,391",162,762,"33,375","5,323","1,045","4,278","28,052",79.56,Yeongwol-gun,,
평창군,"146,396","119,088","69,217","68,809","65,670","3,139",408,"49,871","11,678",395,"11,283","38,193",81.35,Pyeongchang-gun,,
정선군,"121,986","99,786","63,296","63,063","63,002",61,233,"36,490","6,866","1,101","5,765","29,624",81.80,Jeongseon-gun,,
철원군,"88,969","63,894","30,692","25,911","25,881",30,"4,781","33,202","2,176",108,"2,068","31,026",71.82,Cheorwon-gun,,
화천군,"90,893","79,641","49,608","47,863","47,812",51,"1,745","30,033","7,746","5,970","1,776","22,287",87.62,Hwacheon-gun,,
양구군,"66,197","57,704","39,641","37,836","37,784",52,"1,805","18,063","2,876",98,"2,778","15,187",87.17,Yanggu-gun,,
인제군,"164,610","158,948","122,648","117,466","117,419",47,"5,182","36,300","5,297","1,267","4,030","31,003",96.56,Inje-gun,,
고성군,"66,075","51,936","35,394","33,463","33,353",110,"1,931","16,542","1,511",99,"1,412","15,031",78.60,Goseong-gun,,
양양군,"63,001","52,027","36,206","35,993","35,931",62,213,"15,821","1,472",84,"1,388","14,349",82.58,Yangyang-gun,,
충청북도 ,"740,695","488,337","103,333","94,858","93,593","1,265","8,475","385,004","79,873","25,217","54,656","305,131",65.93,Chungcheongbuk-do,,
청주시,"94,082","47,302","5,516","4,890","4,737",153,626,"41,786","1,972",914,"1,058","39,814",50.28,Cheongju-si,,
충주시,"98,359","61,131","10,262","9,388","9,290",98,874,"50,869","13,088","3,472","9,616","37,781",62.15,Chungju-si,,
제천시,"88,349","64,368","15,682","12,232","12,085",147,"3,450","48,686","18,769","6,936","11,833","29,917",72.86,Jecheon-si,,
보은군,"58,421","39,064","9,754","9,449","9,390",59,305,"29,310","3,301",323,"2,978","26,009",66.87,Boeun-gun,,
옥천군,"53,725","34,431","6,112","5,856","5,830",26,256,"28,319","1,837",26,"1,811","26,482",64.09,Okcheon-gun,,
영동군,"84,605","63,872","11,359","10,130","10,101",29,"1,229","52,513","7,410",166,"7,244","45,103",75.49,Yeongdong-gun,,
증평군,"8,181","4,065",665,573,571,2,92,"3,400",419,-,419,"2,981",49.69,Jeung pyeong-gun,,
진천군,"40,733","23,527","2,010","1,899","1,838",61,111,"21,517","4,121",86,"4,035","17,396",57.76,Jincheon-gun,,
괴산군,"84,214","63,656","11,952","11,324","10,969",355,628,"51,704","14,367","11,743","2,624","37,337",75.59,Goesan-gun,,
음성군,"52,017","24,378","1,631","1,456","1,403",53,175,"22,747","4,761",189,"4,572","17,986",46.87,Eumseong-gun,,
단양군,"78,010","62,543","28,390","27,661","27,379",282,729,"34,153","9,828","1,362","8,466","24,325",80.17,Danyang-gun,,
충청남도 ,"824,617","404,097","35,328","30,446","29,018","1,428","4,882","368,769","20,782","10,428","10,354","347,987",49.00,Chungcheongnam-do,,
천안시,"63,609","32,298","2,467","1,557","1,448",109,910,"29,831",695,59,636,"29,136",50.78,Cheonan-si,,
공주시,"86,415","60,332","8,772","8,118","7,840",278,654,"51,560","1,275",184,"1,091","50,285",69.82,Gongju-si,,
보령시,"58,674","33,552","3,019","2,637","2,515",122,382,"30,533","5,956","5,211",745,"24,577",57.18,Boryeong-si,,
아산시,"54,285","18,450","1,270","1,200","1,165",35,70,"17,180",772,46,726,"16,408",33.99,Asan-si,,
서산시,"74,214","29,744","1,968","1,529","1,445",84,439,"27,776",841,76,765,"26,935",40.08,Seosan-si,,
논산시,"55,562","22,554","1,899","1,605","1,507",98,294,"20,655",952,12,940,"19,703",40.59,Nonsan-si,,
계룡시,"6,070","3,961","1,495",444,442,2,"1,051","2,466",146,-,146,"2,320",65.26,Gyeryong-si,,
,,,,,,,,,,,,,,,,
"출처 : 산림청 산림빅데이터팀 (2020년 산림기본통계 개정판, 5년주기 공표), 국토교통부 (지적통계)",,,,,,,,"Source：Forest Big Data Team (2020 Forest Basic Statistics, Revised Edition, published on a five-year cycle), 
           Ministry of Land Infrastructure and Transport (cadastral statistics)",,,,,,,,
32  Ⅱ. 산림자원,,,,,,,,,,,,,,Ⅱ. Forest Resources  33,,
,,,,,,,,,,,,,,,,
3.  2020 소유별 산림면적 및 산림비율 (계속),,,,,,,,2020 Forest Area and % of Forest Area by Ownership (Cont'd),,,,,,,,
,,,,,,,,,,,,,,,,
단위 : ha,,,,,,,,,,,,,,Unit : ha,,
구   분,"국토면적
Land Area","합 계
Total","국          유          림
National Forest",,,,,"민          유          림
Non-national forest",,,,,"산림비율(%)
% of
Forest area",Classification,,
,,,"계
Subtotal","산 림 청 소 관
Under Korea Forest Service",,,"타부처소관
Under other govt.
authorities","계
Subtotal","공     유     림
Public forest",,,"사 유 림
Private forest",,,,
,,,,"소 계
Subtotal","보전국유림
Conservation Forests","준보전국유림
Semi-Conservation Forests",,,"소 계
Subtotal","시·도유림
Provincial forest","시·군·구유림
County forest",,,,,
당진시,"70,548","21,841",180,110,63,47,70,"21,661",256,41,215,"21,405",30.96,Dangjin-si,,
금산군,"57,720","40,599","5,856","5,645","5,615",30,211,"34,743","2,266",68,"2,198","32,477",70.34,Geumsan-gun,,
부여군,"62,461","31,692","2,728","2,521","2,193",328,207,"28,964","1,098",765,333,"27,866",50.74,Buyeo-gun,,
서천군,"36,613","14,841",645,498,446,52,147,"14,196",860,57,803,"13,336",40.53,Seocheon-gun,,
청양군,"47,910","30,466","2,212","2,141","2,078",63,71,"28,254",524,378,146,"27,730",63.59,Cheongyang-gun,,
홍성군,"44,670","18,834",470,408,333,75,62,"18,364",542,37,505,"17,822",42.16,Hongseong-gun,,
예산군,"54,266","23,225","1,636","1,533","1,508",25,103,"21,589",774,29,745,"20,815",42.80,Yesan-gun,,
태안군,"51,598","21,708",711,500,420,80,211,"20,997","3,825","3,465",360,"17,172",42.07,Taean-gun,,
전라북도,"806,984","440,746","103,117","96,385","93,707","2,678","6,732","337,629","31,460","12,605","18,855","306,169",54.62,Jeollabuk-do,,
전주시,"20,604","6,109",915,708,698,10,207,"5,194",134,93,41,"5,060",29.65,Jeonju-si,,
군산시,"39,727","7,996",720,613,586,27,107,"7,276",501,62,439,"6,775",20.13,Gunsan-si,,
익산시,"50,655","11,850",771,364,297,67,407,"11,079",408,52,356,"10,671",23.39,Iksan-si,,
정읍시,"69,307","32,142","4,777","4,604","4,543",61,173,"27,365",633,126,507,"26,732",46.38,Jeongeup-si,,
남원시,"75,221","46,604","12,104","11,852","11,843",9,252,"34,500","1,810",488,"1,322","32,690",61.96,Namwon-si,,
김제시,"54,587","9,045",434,379,352,27,55,"8,611",161,21,140,"8,450",16.57,Gimje-si,,
완주군,"82,111","58,592","14,135","13,737","13,719",18,398,"44,457","5,700","4,362","1,338","38,757",71.36,Wanju-gun,,
진안군,"78,904","59,406","14,254","13,617","11,493","2,124",637,"45,152","6,762","4,026","2,736","38,390",75.29,Jinan-gun,,
무주군,"63,178","51,547","22,307","22,110","22,106",4,197,"29,240","3,953",526,"3,427","25,287",81.59,Muju-gun,,
장수군,"53,317","39,963","10,952","10,917","10,699",218,35,"29,011","5,940","1,836","4,104","23,071",74.95,Jangsu-gun,,
임실군,"59,722","41,239","4,909","3,564","3,531",33,"1,345","36,330","2,419",589,"1,830","33,911",69.05,Imsil-gun,,
순창군,"49,583","32,812","4,486","4,370","4,362",8,116,"28,326","1,608",316,"1,292","26,718",66.18,Sunchang-gun,,
고창군,"60,749","22,864","2,398","2,274","2,229",45,124,"20,466",313,40,273,"20,153",37.64,Gochang-gun,,
부안군,"49,318","20,577","9,955","7,276","7,249",27,"2,679","10,622","1,118",68,"1,050","9,504",41.72,Buan-gun,,
전라남도 ,"1,234,809","686,852","96,790","73,520","72,731",789,"23,270","590,062","33,895","11,204","22,691","556,167",55.62,Jeollanam-do,,
목포시,"5,162","1,111",114,68,51,17,46,997,181,-,181,816,21.52,Mokpo-si,,
여수시,"51,225","30,328","1,265","1,044","1,033",11,221,"29,063",952,90,862,"28,111",59.21,Yeosu-si,,
순천시,"91,103","62,162","7,391","6,857","6,749",108,534,"54,771","4,809","2,496","2,313","49,962",68.23,Suncheon-si,,
나주시,"60,837","22,512","1,454","1,393","1,370",23,61,"21,058",251,172,79,"20,807",37.00,Naju-si,,
광양시,"46,413","30,104","9,097","1,030",966,64,"8,067","21,007",528,63,465,"20,479",64.86,Gwangyang-si,,
담양군,"45,509","27,447","2,482","2,072","2,042",30,410,"24,965",626,160,466,"24,339",60.31,Damyang-gun,,
곡성군,"54,750","38,337","6,169","6,126","6,125",1,43,"32,168",616,87,529,"31,552",70.02,Gokseong-gun,,
,,,,,,,,,,,,,,,,
"출처 : 산림청 산림빅데이터팀 (2020년 산림기본통계 개정판, 5년주기 공표), 국토교통부 (지적통계)",,,,,,,,"Source：Forest Big Data Team (2020 Forest Basic Statistics, Revised Edition, published on a five-year cycle), 
           Ministry of Land Infrastructure and Transport (cadastral statistics)",,,,,,,,
34  Ⅱ. 산림자원,,,,,,,,,,,,,,Ⅱ. Forest Resources  35,,
,,,,,,,,,,,,,,,,
3.  2020 소유별 산림면적 및 산림비율 (계속),,,,,,,,2020 Forest Area and % of Forest Area by Ownership (Cont'd),,,,,,,,
,,,,,,,,,,,,,,,,
단위 : ha,,,,,,,,,,,,,,Unit : ha,,
구   분,"국토면적
Land Area","합 계
Total","국          유          림
National Forest",,,,,"민          유          림
Non-national forest",,,,,"산림비율(%)
% of
Forest area",Classification,,
,,,"계
Subtotal","산 림 청 소 관
Under Korea Forest Service",,,"타부처소관
Under other govt.
authorities","계
Subtotal","공     유     림
Public forest",,,"사 유 림
Private forest",,,,
,,,,"소 계
Subtotal","보전국유림
Conservation Forests","준보전국유림
Semi-Conservation Forests",,,"소 계
Subtotal","시·도유림
Provincial forest","시·군·구유림
County forest",,,,,
구례군,"44,293","34,747","10,074","3,304","3,300",4,"6,770","24,673","2,132","1,319",813,"22,541",78.45,Gurye-gun,,
고흥군,"80,733","45,852","4,072","3,708","3,689",19,364,"41,780","5,674","1,654","4,020","36,106",56.79,Goheung-gun,,
보성군,"66,406","40,872","6,321","6,123","6,105",18,198,"34,551",653,191,462,"33,898",61.55,Boseong-gun,,
화순군,"78,705","55,851","7,657","7,367","7,362",5,290,"48,194","2,005",727,"1,278","46,189",70.96,Hwasun-gun,,
장흥군,"62,235","39,928","8,930","8,816","8,807",9,114,"30,998","1,696",52,"1,644","29,302",64.16,Jangheung-gun,,
강진군,"50,090","28,678","3,843","3,527","3,391",136,316,"24,835","1,972",89,"1,883","22,863",57.25,Gangjin-gun,,
해남군,"103,296","44,278","4,072","4,018","3,976",42,54,"40,206","4,038","1,603","2,435","36,168",42.87,Haenam-gun,,
영암군,"61,249","22,250","4,386","3,983","3,956",27,403,"17,864",480,19,461,"17,384",36.33,Yeongam-gun,,
무안군,"45,037","12,951",403,327,302,25,76,"12,548",542,80,462,"12,006",28.76,Muan-gun,,
함평군,"39,211","16,742","1,684","1,274","1,166",108,410,"15,058",200,26,174,"14,858",42.70,Hampyeong-gun,,
영광군,"47,490","20,505","1,773","1,528","1,500",28,245,"18,732",484,9,475,"18,248",43.18,Yeonggwang-gun,,
장성군,"51,828","31,321","6,670","2,295","2,233",62,"4,375","24,651",708,70,638,"23,943",60.43,Jangseong-gun,,
완도군,"39,673","25,629","2,191","2,125","2,119",6,66,"23,438","2,872","2,061",811,"20,566",64.60,Wando-gun,,
진도군,"44,010","24,709","4,608","4,520","4,499",21,88,"20,101","1,488",127,"1,361","18,613",56.14,Jindo-gun,,
신안군,"65,557","30,538","2,134","2,015","1,990",25,119,"28,404",988,109,879,"27,416",46.58,Sinan-gun,,
경상북도,"1,903,403","1,333,691","272,143","263,751","251,575","12,176","8,392","1,061,548","110,439","15,652","94,787","951,109",70.07,Gyeongsangbuk-do,,
포항시,"113,047","74,813","10,506","8,354","8,224",130,"2,152","64,307","9,757","2,043","7,714","54,550",66.18,Pohang-si,,
경주시,"132,486","88,736","5,048","4,447","4,352",95,601,"83,688","9,795","1,930","7,865","73,893",66.98,Gyeongju-si,,
김천시,"100,980","69,509","9,709","9,575","9,288",287,134,"59,800","5,521",553,"4,968","54,279",68.83,Gimcheon-si,,
안동시,"152,209","106,206","8,298","7,894","7,878",16,404,"97,908","6,647",437,"6,210","91,261",69.78,Andong-si,,
구미시,"61,532","34,070","1,993","1,870","1,852",18,123,"32,077","2,554",93,"2,461","29,523",55.37,Gumi-si,,
영주시,"67,010","40,733","14,379","14,233","14,231",2,146,"26,354","1,160",190,970,"25,194",60.79,Yeongju-si,,
영천시,"91,919","61,985","5,976","4,252","4,245",7,"1,724","56,009","4,355",204,"4,151","51,654",67.43,Yeongcheon-si,,
상주시,"125,461","82,049","9,085","8,772","8,759",13,313,"72,964","7,858",180,"7,678","65,106",65.40,Sangju-si,,
문경시,"91,194","68,387","14,368","14,267","14,259",8,101,"54,019","5,942","2,349","3,593","48,077",74.99,Mungyeong-si,,
경산시,"41,177","23,009",996,898,872,26,98,"22,013",966,25,941,"21,047",55.88,Gyeongsan-si,,
군위군,"61,434","46,178","2,505","1,912","1,907",5,593,"43,673","3,158",72,"3,086","40,515",75.17,Gunwi-gun,,
의성군,"117,472","78,777","3,249","3,227","3,219",8,22,"75,528","8,692",139,"8,553","66,836",67.06,Uiseong-gun,,
청송군,"84,617","66,472","10,250","9,363","9,360",3,887,"56,222","15,470","3,526","11,944","40,752",78.56,Cheongsong-gun,,
영양군,"81,577","65,697","36,914","36,796","25,694","11,102",118,"28,783","5,616",70,"5,546","23,167",80.53,Yeongyang-gun,,
,,,,,,,,,,,,,,,,
"출처 : 산림청 산림빅데이터팀 (2020년 산림기본통계 개정판, 5년주기 공표), 국토교통부 (지적통계)",,,,,,,,"Source：Forest Big Data Team (2020 Forest Basic Statistics, Revised Edition, published on a five-year cycle), 
           Ministry of Land Infrastructure and Transport (cadastral statistics)",,,,,,,,
36  Ⅱ. 산림자원,,,,,,,,,,,,,,Ⅱ. Forest Resources  37,,
,,,,,,,,,,,,,,,,
3.  2020 소유별 산림면적 및 산림비율 (계속),,,,,,,,2020 Forest Area and % of Forest Area by Ownership (Cont'd),,,,,,,,
,,,,,,,,,,,,,,,,
단위 : ha,,,,,,,,,,,,,,Unit : ha,,
구   분,"국토면적
Land Area","합 계
Total","국          유          림
National Forest",,,,,"민          유          림
Non-national forest",,,,,"산림비율(%)
% of
Forest area",Classification,,
,,,"계
Subtotal","산 림 청 소 관
Under Korea Forest Service",,,"타부처소관
Under other govt.
authorities","계
Subtotal","공     유     림
Public forest",,,"사 유 림
Private forest",,,,
,,,,"소 계
Subtotal","보전국유림
Conservation Forests","준보전국유림
Semi-Conservation Forests",,,"소 계
Subtotal","시·도유림
Provincial forest","시·군·구유림
County forest",,,,,
영덕군,"74,125","59,391","21,394","21,299","21,293",6,95,"37,997","6,490",51,"6,439","31,507",80.12,Yeongdeok-gun,,
청도군,"69,381","50,476","5,397","5,270","5,268",2,127,"45,079","1,381",136,"1,245","43,698",72.75,Cheongdo-gun,,
고령군,"38,406","24,203",671,612,602,10,59,"23,532",833,41,792,"22,699",63.02,Goryeong-gun,,
성주군,"61,610","40,450","2,264","2,061","2,059",2,203,"38,186","4,514","2,748","1,766","33,672",65.65,Seongju-gun,,
칠곡군,"45,094","29,009","2,218","2,088","1,769",319,130,"26,791","1,245",658,587,"25,546",64.33,Chilgok-gun,,
예천군,"66,150","35,339","2,067","2,008","1,999",9,59,"33,272","1,866",87,"1,779","31,406",53.42,Yecheon-gun,,
봉화군,"120,210","97,933","52,666","52,505","52,490",15,161,"45,267","3,525",75,"3,450","41,742",81.47,Bonghwa-gun,,
울진군,"99,017","84,184","49,637","49,495","49,477",18,142,"34,547","3,094",45,"3,049","31,453",85.02,Uljin-gun,,
울릉군,"7,294","6,085","2,553","2,553","2,478",75,-,"3,532",-,-,-,"3,532",83.42,Ulleung-gun,,
경상남도 ,"1,054,055","698,810","83,023","75,637","75,222",415,"7,386","615,787","51,996","18,920","33,076","563,791",66.30,Gyeongsangnam-do,,
창원시,"74,806","42,385","6,691","2,261","2,242",19,"4,430","35,694","3,190",273,"2,917","32,504",56.66,Changwon-si,,
진주시,"71,283","42,051","1,845","1,301","1,286",15,544,"40,206","1,501",243,"1,258","38,705",58.99,Jinju-si,,
통영시,"23,988","15,236",543,434,431,3,109,"14,693",615,44,571,"14,078",63.52,Tongyeong-si,,
사천시,"39,870","22,834","1,253","1,061",997,64,192,"21,581",341,74,267,"21,240",57.27,Sacheon-si,,
김해시,"46,344","23,640","4,112","3,985","3,900",85,127,"19,528",556,83,473,"18,972",51.01,Gimhae-si,,
밀양시,"79,865","51,109","4,117","4,043","4,010",33,74,"46,992","3,057",25,"3,032","43,935",63.99,Miryang-si,,
거제시,"40,382","28,320","3,468","3,312","3,278",34,156,"24,852",368,17,351,"24,484",70.13,Geoje-si,,
양산시,"48,563","35,918","5,694","5,557","5,545",12,137,"30,224","2,751",980,"1,771","27,473",73.96,Yangsan-si,,
의령군,"48,290","32,920","1,337","1,295","1,291",4,42,"31,583","1,372",30,"1,342","30,211",68.17,Uiryeong-gun,,
함안군,"41,660","21,282",948,668,655,13,280,"20,334",258,44,214,"20,076",51.08,Haman-gun,,
창녕군,"53,274","28,901","1,230","1,062","1,018",44,168,"27,671",350,45,305,"27,321",54.25,Changyeong-gun,,
고성군,"51,795","33,941","1,509","1,400","1,393",7,109,"32,432",996,115,881,"31,436",65.53,Goseong-gun,,
남해군,"35,754","23,763","3,713","3,676","3,669",7,37,"20,050",593,111,482,"19,457",66.46,Namhae-gun,,
하동군,"67,525","48,540","12,636","12,471","12,449",22,165,"35,904","2,391",186,"2,205","33,513",71.88,Hadong-gun,,
산청군,"79,464","60,891","13,254","12,856","12,853",3,398,"47,637","9,436","3,579","5,857","38,201",76.63,Sancheong-gun,,
함양군,"72,550","54,985","10,537","10,295","10,265",30,242,"44,448","9,940","5,310","4,630","34,508",75.79,Hamyang-gun,,
거창군,"80,338","60,810","5,784","5,729","5,716",13,55,"55,026","11,146","7,696","3,450","43,880",75.69,Geochang-gun,,
합천군,"98,304","71,284","4,352","4,231","4,224",7,121,"66,932","3,135",65,"3,070","63,797",72.51,Hapcheon-gun,,
제주특별자치도,"185,021","87,334","36,295","20,455","19,977",478,"15,840","51,039","4,726","4,472",254,"46,313",47.20,"Jeju Special Self-
Governing Province",,
제주시,"97,867","44,499","16,417","9,280","9,068",212,"7,137","28,082","3,246","3,231",15,"24,836",45.47,Jeju-si,,
서귀포시,"87,154","42,835","19,878","11,175","10,909",266,"8,703","22,957","1,480","1,241",239,"21,477",49.15,Seogwipo-si,,
북제주,,-,-,-,,,,,-,,,,,Bukjeju,,
남제주,,-,-,-,,,,,-,,,,,Namjeju,,
,,,,,,,,,,,,,,,,
"출처 : 산림청 산림빅데이터팀 (2020년 산림기본통계 개정판, 5년주기 공표), 국토교통부 (지적통계)",,,,,,,,"Source：Forest Big Data Team (2020 Forest Basic Statistics, Revised Edition, published on a five-year cycle), 
           Ministry of Land Infrastructure and Transport (cadastral statistics)",,,,,,,,
,,,,,,,,,,,,,,,,
,,,,,,,,,,,,,,,,
,,,,,,,,,,,,,,,,
,,,,,,,,,,,,,,,,
,,,,,,,,,,,,,,,,
,,,,,,,,,,,,,,,,
,,,,,,,,,,,,,,,,
,,,,,,,,,,,,,,,,
,,,,,,,,,,,,,,,,
,,,,,,,,,,,,,,,,
,,,,,,,,,,,,,,,,
,,,,,,,,,,,,,,,,
,,,,,,,,,,,,,,,,
,,,,,,,,,,,,,,,,
,,,,,,,,,,,,,,,,
,,,,,,,,,,,,,,,,
,,,,,,,,,,,,,,,,
,,,,,,,,,,,,,,,,
,,,,,,,,,,,,,,,,
,,,,,,,,,,,,,,,,
,,,,,,,,,,,,,,,,
,,,,,,,,,,,,,,,,
,,,,,,,,,,,,,,,,
,,,,,,,,,,,,,,,,
,,,,,,,,,,,,,,,,
,,,,,,,,,,,,,,,,
,,,,,,,,,,,,,,,,
,,,,,,,,,,,,,,,,
,,,,,,,,,,,,,,,,
,,,,,,,,,,,,,,,,
,,,,,,,,,,,,,,,,
,,,,,,,,,,,,,,,,
,,,,,,,,,,,,,,,,
,,,,,,,,,,,,,,,,
,,,,,,,,,,,,,,,,
,,,,,,,,,,,,,,,,
,,,,,,,,,,,,,,,,
,,,,,,,,,,,,,,,,
,,,,,,,,,,,,,,,,
,,,,,,,,,,,,,,,,
,,,,,,,,,,,,,,,,
,,,,,,,,,,,,,,,,
,,,,,,,,,,,,,,,,
,,,,,,,,,,,,,,,,
,,,,,,,,,,,,,,,,
,,,,,,,,,,,,,,,,
,,,,,,,,,,,,,,,,
,,,,,,,,,,,,,,,,
,,,,,,,,,,,,,,,,
,,,,,,,,,,,,,,,,
,,,,,,,,,,,,,,,,
,,,,,,,,,,,,,,,,
,,,,,,,,,,,,,,,,
,,,,,,,,,,,,,,,,
,,,,,,,,,,,,,,,,
,,,,,,,,,,,,,,,,
,,,,,,,,,,,,,,,,
,,,,,,,,,,,,,,,,
,,,,,,,,,,,,,,,,
,,,,,,,,,,,,,,,,
,,,,,,,,,,,,,,,,
,,,,,,,,,,,,,,,,
,,,,,,,,,,,,,,,,
,,,,,,,,,,,,,,,,
,,,,,,,,,,,,,,,,
,,,,,,,,,,,,,,,,
,,,,,,,,,,,,,,,,
,,,,,,,,,,,,,,,,
,,,,,,,,,,,,,,,,
,,,,,,,,,,,,,,,,
,,,,,,,,,,,,,,,,
,,,,,,,,,,,,,,,,
,,,,,,,,,,,,,,,,
,,,,,,,,,,,,,,,,
,,,,,,,,,,,,,,,,
,,,,,,,,,,,,,,,,
,,,,,,,,,,,,,,,,
,,,,,,,,,,,,,,,,
,,,,,,,,,,,,,,,,
,,,,,,,,,,,,,,,,
,,,,,,,,,,,,,,,,
,,,,,,,,,,,,,,,,
,,,,,,,,,,,,,,,,
,,,,,,,,,,,,,,,,
,,,,,,,,,,,,,,,,
,,,,,,,,,,,,,,,,
,,,,,,,,,,,,,,,,
,,,,,,,,,,,,,,,,
,,,,,,,,,,,,,,,,
,,,,,,,,,,,,,,,,
,,,,,,,,,,,,,,,,
,,,,,,,,,,,,,,,,
,,,,,,,,,,,,,,,,
,,,,,,,,,,,,,,,,
,,,,,,,,,,,,,,,,
,,,,,,,,,,,,,,,,
,,,,,,,,,,,,,,,,
,,,,,,,,,,,,,,,,
,,,,,,,,,,,,,,,,
,,,,,,,,,,,,,,,,
,,,,,,,,,,,,,,,,
,,,,,,,,,,,,,,,,
,,,,,,,,,,,,,,,,
,,,,,,,,,,,,,,,,
,,,,,,,,,,,,,,,,
,,,,,,,,,,,,,,,,
,,,,,,,,,,,,,,,,
,,,,,,,,,,,,,,,,
,,,,,,,,,,,,,,,,
,,,,,,,,,,,,,,,,
,,,,,,,,,,,,,,,,
,,,,,,,,,,,,,,,,
,,,,,,,,,,,,,,,,
,,,,,,,,,,,,,,,,
,,,,,,,,,,,,,,,,
,,,,,,,,,,,,,,,,
,,,,,,,,,,,,,,,,
,,,,,,,,,,,,,,,,
,,,,,,,,,,,,,,,,
,,,,,,,,,,,,,,,,
,,,,,,,,,,,,,,,,
,,,,,,,,,,,,,,,,
,,,,,,,,,,,,,,,,
,,,,,,,,,,,,,,,,
,,,,,,,,,,,,,,,,
,,,,,,,,,,,,,,,,
,,,,,,,,,,,,,,,,
,,,,,,,,,,,,,,,,
,,,,,,,,,,,,,,,,
,,,,,,,,,,,,,,,,
,,,,,,,,,,,,,,,,
,,,,,,,,,,,,,,,,
,,,,,,,,,,,,,,,,
,,,,,,,,,,,,,,,,
,,,,,,,,,,,,,,,,
,,,,,,,,,,,,,,,,
,,,,,,,,,,,,,,,,
,,,,,,,,,,,,,,,,
,,,,,,,,,,,,,,,,
,,,,,,,,,,,,,,,,
,,,,,,,,,,,,,,,,
,,,,,,,,,,,,,,,,
,,,,,,,,,,,,,,,,
,,,,,,,,,,,,,,,,
,,,,,,,,,,,,,,,,
,,,,,,,,,,,,,,,,
,,,,,,,,,,,,,,,,
,,,,,,,,,,,,,,,,
,,,,,,,,,,,,,,,,
,,,,,,,,,,,,,,,,
,,,,,,,,,,,,,,,,
,,,,,,,,,,,,,,,,
,,,,,,,,,,,,,,,,
,,,,,,,,,,,,,,,,
,,,,,,,,,,,,,,,,
,,,,,,,,,,,,,,,,
,,,,,,,,,,,,,,,,
,,,,,,,,,,,,,,,,
,,,,,,,,,,,,,,,,
,,,,,,,,,,,,,,,,
,,,,,,,,,,,,,,,,
,,,,,,,,,,,,,,,,
,,,,,,,,,,,,,,,,
,,,,,,,,,,,,,,,,
,,,,,,,,,,,,,,,,
,,,,,,,,,,,,,,,,
,,,,,,,,,,,,,,,,
,,,,,,,,,,,,,,,,
,,,,,,,,,,,,,,,,
,,,,,,,,,,,,,,,,
,,,,,,,,,,,,,,,,
,,,,,,,,,,,,,,,,
,,,,,,,,,,,,,,,,
,,,,,,,,,,,,,,,,
,,,,,,,,,,,,,,,,
,,,,,,,,,,,,,,,,
,,,,,,,,,,,,,,,,
,,,,,,,,,,,,,,,,
,,,,,,,,,,,,,,,,
,,,,,,,,,,,,,,,,
,,,,,,,,,,,,,,,,
,,,,,,,,,,,,,,,,
,,,,,,,,,,,,,,,,
,,,,,,,,,,,,,,,,
,,,,,,,,,,,,,,,,
,,,,,,,,,,,,,,,,
,,,,,,,,,,,,,,,,
,,,,,,,,,,,,,,,,
,,,,,,,,,,,,,,,,
,,,,,,,,,,,,,,,,
,,,,,,,,,,,,,,,,
,,,,,,,,,,,,,,,,
,,,,,,,,,,,,,,,,
,,,,,,,,,,,,,,,,
,,,,,,,,,,,,,,,,
,,,,,,,,,,,,,,,,
,,,,,,,,,,,,,,,,
,,,,,,,,,,,,,,,,
,,,,,,,,,,,,,,,,
,,,,,,,,,,,,,,,,
,,,,,,,,,,,,,,,,
,,,,,,,,,,,,,,,,
,,,,,,,,,,,,,,,,
,,,,,,,,,,,,,,,,
,,,,,,,,,,,,,,,,
,,,,,,,,,,,,,,,,
,,,,,,,,,,,,,,,,
,,,,,,,,,,,,,,,,
,,,,,,,,,,,,,,,,
,,,,,,,,,,,,,,,,
,,,,,,,,,,,,,,,,
,,,,,,,,,,,,,,,,
,,,,,,,,,,,,,,,,
,,,,,,,,,,,,,,,,
,,,,,,,,,,,,,,,,
,,,,,,,,,,,,,,,,
,,,,,,,,,,,,,,,,
,,,,,,,,,,,,,,,,
,,,,,,,,,,,,,,,,
,,,,,,,,,,,,,,,,
,,,,,,,,,,,,,,,,
,,,,,,,,,,,,,,,,
,,,,,,,,,,,,,,,,
,,,,,,,,,,,,,,,,
,,,,,,,,,,,,,,,,
,,,,,,,,,,,,,,,,
,,,,,,,,,,,,,,,,
,,,,,,,,,,,,,,,,
,,,,,,,,,,,,,,,,
,,,,,,,,,,,,,,,,
,,,,,,,,,,,,,,,,
,,,,,,,,,,,,,,,,
,,,,,,,,,,,,,,,,
,,,,,,,,,,,,,,,,
,,,,,,,,,,,,,,,,
,,,,,,,,,,,,,,,,
,,,,,,,,,,,,,,,,
,,,,,,,,,,,,,,,,
,,,,,,,,,,,,,,,,
,,,,,,,,,,,,,,,,
,,,,,,,,,,,,,,,,
,,,,,,,,,,,,,,,,
,,,,,,,,,,,,,,,,
,,,,,,,,,,,,,,,,
,,,,,,,,,,,,,,,,
,,,,,,,,,,,,,,,,
,,,,,,,,,,,,,,,,
,,,,,,,,,,,,,,,,
,,,,,,,,,,,,,,,,
,,,,,,,,,,,,,,,,
,,,,,,,,,,,,,,,,
,,,,,,,,,,,,,,,,
,,,,,,,,,,,,,,,,
,,,,,,,,,,,,,,,,
,,,,,,,,,,,,,,,,
,,,,,,,,,,,,,,,,
,,,,,,,,,,,,,,,,
,,,,,,,,,,,,,,,,
,,,,,,,,,,,,,,,,
,,,,,,,,,,,,,,,,
,,,,,,,,,,,,,,,,
,,,,,,,,,,,,,,,,
,,,,,,,,,,,,,,,,
,,,,,,,,,,,,,,,,
,,,,,,,,,,,,,,,,
,,,,,,,,,,,,,,,,
,,,,,,,,,,,,,,,,
,,,,,,,,,,,,,,,,
,,,,,,,,,,,,,,,,
,,,,,,,,,,,,,,,,
,,,,,,,,,,,,,,,,
,,,,,,,,,,,,,,,,
,,,,,,,,,,,,,,,,
,,,,,,,,,,,,,,,,
,,,,,,,,,,,,,,,,
,,,,,,,,,,,,,,,,
,,,,,,,,,,,,,,,,
,,,,,,,,,,,,,,,,
,,,,,,,,,,,,,,,,
,,,,,,,,,,,,,,,,
,,,,,,,,,,,,,,,,
,,,,,,,,,,,,,,,,
,,,,,,,,,,,,,,,,
,,,,,,,,,,,,,,,,
,,,,,,,,,,,,,,,,
,,,,,,,,,,,,,,,,
,,,,,,,,,,,,,,,,
,,,,,,,,,,,,,,,,
,,,,,,,,,,,,,,,,
,,,,,,,,,,,,,,,,
,,,,,,,,,,,,,,,,
,,,,,,,,,,,,,,,,
,,,,,,,,,,,,,,,,
,,,,,,,,,,,,,,,,
,,,,,,,,,,,,,,,,
,,,,,,,,,,,,,,,,
,,,,,,,,,,,,,,,,
,,,,,,,,,,,,,,,,
,,,,,,,,,,,,,,,,
,,,,,,,,,,,,,,,,
,,,,,,,,,,,,,,,,
,,,,,,,,,,,,,,,,
,,,,,,,,,,,,,,,,
,,,,,,,,,,,,,,,,
,,,,,,,,,,,,,,,,
,,,,,,,,,,,,,,,,
,,,,,,,,,,,,,,,,
,,,,,,,,,,,,,,,,
,,,,,,,,,,,,,,,,
,,,,,,,,,,,,,,,,
,,,,,,,,,,,,,,,,
,,,,,,,,,,,,,,,,
,,,,,,,,,,,,,,,,
,,,,,,,,,,,,,,,,
,,,,,,,,,,,,,,,,
,,,,,,,,,,,,,,,,
,,,,,,,,,,,,,,,,
,,,,,,,,,,,,,,,,
,,,,,,,,,,,,,,,,
,,,,,,,,,,,,,,,,
,,,,,,,,,,,,,,,,
,,,,,,,,,,,,,,,,
,,,,,,,,,,,,,,,,
,,,,,,,,,,,,,,,,
,,,,,,,,,,,,,,,,
,,,,,,,,,,,,,,,,
,,,,,,,,,,,,,,,,
,,,,,,,,,,,,,,,,
,,,,,,,,,,,,,,,,
,,,,,,,,,,,,,,,,
,,,,,,,,,,,,,,,,
,,,,,,,,,,,,,,,,
,,,,,,,,,,,,,,,,
,,,,,,,,,,,,,,,,
,,,,,,,,,,,,,,,,
,,,,,,,,,,,,,,,,
,,,,,,,,,,,,,,,,
,,,,,,,,,,,,,,,,
,,,,,,,,,,,,,,,,
,,,,,,,,,,,,,,,,
,,,,,,,,,,,,,,,,
,,,,,,,,,,,,,,,,
,,,,,,,,,,,,,,,,
,,,,,,,,,,,,,,,,
,,,,,,,,,,,,,,,,
,,,,,,,,,,,,,,,,
,,,,,,,,,,,,,,,,
,,,,,,,,,,,,,,,,
,,,,,,,,,,,,,,,,
